time,open,high,low,close
1776031200,6780,6786.25,6770,6783.25
1776031260,6783.5,6794.5,6782.25,6788.25
1776031320,6787.75,6789.5,6780.75,6784.75
1776031380,6784.75,6788.5,6781.75,6782.25
1776031440,6782.25,6784.25,6779.5,6782
1776031500,6782,6786,6780.25,6783.75
1776031560,6784.25,6786,6781.5,6782.75
1776031620,6782.75,6783.5,6780.25,6780.75
1776031680,6780.75,6784,6780.5,6783.25
1776031740,6783.25,6788.25,6783.25,6786.75
1776031800,6786.75,6788.5,6785.75,6788
1776031860,6788.25,6788.75,6785.5,6786
1776031920,6786.25,6789.5,6786.25,6788
1776031980,6788,6788.25,6784.5,6785
1776032040,6785.5,6786.25,6784,6785.25
1776032100,6785.25,6785.5,6782.5,6783
1776032160,6783,6783.5,6781.75,6782.25
1776032220,6782.25,6783.5,6781,6783.25
1776032280,6783,6783.5,6780.5,6780.5
1776032340,6781,6782.5,6778,6778.25
1776032400,6778.25,6781.5,6777.5,6780.25
1776032460,6780.5,6780.75,6779,6779.5
1776032520,6779.5,6780,6778.25,6780
1776032580,6780,6780.25,6778.75,6780.25
1776032640,6780,6780.75,6779,6779.25
1776032700,6779.25,6779.5,6775.5,6775.75
1776032760,6775.75,6775.75,6773.25,6774.5
1776032820,6774.25,6775.5,6772.75,6773
1776032880,6773,6775.25,6772.75,6774.5
1776032940,6774.25,6774.25,6768.75,6771.25
1776033000,6771.25,6771.75,6767,6768.75
1776033060,6768.75,6770.25,6767.5,6768
1776033120,6768.25,6768.75,6767,6767.75
1776033180,6768,6771.25,6767.25,6770.5
1776033240,6770.25,6774.5,6769.25,6774
1776033300,6774,6776.25,6773.25,6776
1776033360,6775.75,6778.5,6775,6777.75
1776033420,6777.75,6778,6776,6776.75
1776033480,6776.75,6777.5,6776.75,6777.25
1776033540,6777.25,6777.5,6775.75,6776.25
1776033600,6776,6777.25,6774.75,6776.5
1776033660,6776.25,6776.5,6772.75,6775
1776033720,6774.75,6775.75,6773.75,6774.25
1776033780,6774.25,6776.25,6774.25,6775.25
1776033840,6775,6775.75,6774,6775.5
1776033900,6775.5,6776,6775,6775.75
1776033960,6775.75,6776.5,6775.25,6776.25
1776034020,6776.5,6777,6775.75,6776
1776034080,6776.25,6776.25,6774.5,6774.75
1776034140,6774.75,6775.75,6774.25,6775
1776034200,6775,6775.25,6774.25,6774.5
1776034260,6774.5,6777.25,6774.5,6776.5
1776034320,6776.5,6777.5,6776,6777
1776034380,6777,6778.5,6776.25,6776.5
1776034440,6776.5,6777.25,6775.5,6777
1776034500,6777.5,6777.75,6776.75,6776.75
1776034560,6777,6777.5,6776.5,6776.5
1776034620,6776.75,6777,6775.5,6776
1776034680,6776,6778.75,6775.75,6778.75
1776034740,6778.5,6779,6778,6778.25
1776034800,6778.25,6778.5,6776.5,6776.75
1776034860,6776.5,6776.75,6774.5,6776
1776034920,6776,6776.75,6774.5,6774.75
1776034980,6775.25,6775.75,6773.75,6775.75
1776035040,6776,6776,6774.75,6775
1776035100,6775,6775.5,6774,6774.5
1776035160,6774.5,6775.5,6774.25,6775.5
1776035220,6775,6775.75,6773.25,6775
1776035280,6775,6776.5,6775,6776.5
1776035340,6776,6778,6775.25,6776
1776035400,6776,6777,6776,6776
1776035460,6776,6777.75,6775.75,6777.25
1776035520,6777.25,6777.25,6776,6776.25
1776035580,6776.25,6776.5,6775.25,6776.25
1776035640,6776.25,6776.5,6776,6776
1776035700,6776.25,6777.25,6776.25,6777
1776035760,6777,6777.25,6775.5,6775.5
1776035820,6775.5,6775.5,6773.5,6774
1776035880,6774.25,6774.75,6773.75,6774.75
1776035940,6774.75,6776,6774.75,6775.25
1776036000,6775.25,6775.25,6774.25,6774.5
1776036060,6774.5,6775,6773.75,6774
1776036120,6774,6774.75,6773.75,6773.75
1776036180,6774,6775.5,6774,6775
1776036240,6775,6775,6774,6774.5
1776036300,6774.5,6775.5,6774.5,6775
1776036360,6774.75,6776,6774.75,6775.75
1776036420,6776,6776.5,6775.75,6775.75
1776036480,6775.75,6776,6775,6776
1776036540,6776,6776.5,6775.5,6776.5
1776036600,6776.5,6776.5,6774.25,6774.75
1776036660,6774.75,6774.75,6773.75,6774.25
1776036720,6774.25,6774.75,6774,6774.75
1776036780,6774.5,6774.75,6774.25,6774.25
1776036840,6774.25,6774.5,6773.25,6773.25
1776036900,6773.25,6773.5,6772.5,6773
1776036960,6773.25,6773.25,6772.75,6773.25
1776037020,6772.75,6773.25,6772.5,6772.75
1776037080,6772.75,6773.5,6772.75,6773.5
1776037140,6773.75,6774.5,6773.25,6773.25
1776037200,6773.25,6774.25,6773.25,6774.25
1776037260,6774,6774,6773.5,6773.5
1776037320,6773.5,6774.5,6773.5,6774.5
1776037380,6774.25,6774.75,6773.75,6774
1776037440,6774,6774.5,6774,6774.5
1776037500,6774.5,6775,6773.75,6774.25
1776037560,6774.25,6774.5,6773,6773.5
1776037620,6773.75,6773.75,6773,6773
1776037680,6773,6773.25,6772.25,6773.25
1776037740,6773.25,6773.5,6772.5,6773.25
1776037800,6773.25,6775,6773.25,6774.5
1776037860,6774.5,6776.75,6774.25,6776.75
1776037920,6776.5,6782.25,6776.25,6781.5
1776037980,6781.5,6782.25,6780.75,6782
1776038040,6781.25,6781.25,6780,6780.75
1776038100,6780.75,6782.5,6780.25,6782.25
1776038160,6782.25,6783.5,6782,6782.75
1776038220,6782.75,6783,6781.25,6782
1776038280,6782,6784,6782,6783.75
1776038340,6783.75,6784.75,6783,6784.25
1776038400,6784.5,6785,6779.25,6779.75
1776038460,6779.5,6779.75,6777.25,6778
1776038520,6778,6780,6778,6779.75
1776038580,6779.5,6780.5,6778.75,6778.75
1776038640,6779,6779.75,6778.5,6779.5
1776038700,6779.5,6782.25,6779.25,6782
1776038760,6781.75,6783,6781,6781.75
1776038820,6782,6782.75,6781.25,6782.75
1776038880,6782.25,6783.5,6781.5,6781.5
1776038940,6781.75,6785.5,6781.5,6784.75
1776039000,6784.75,6786.25,6784.25,6785.75
1776039060,6785.75,6786,6784.25,6785.25
1776039120,6785.25,6786.5,6785,6786.25
1776039180,6786,6786.5,6785,6786.5
1776039240,6786.75,6788.75,6786.5,6787.75
1776039300,6788,6788.25,6787.25,6788
1776039360,6788,6788,6786.5,6787.5
1776039420,6787.5,6789.5,6787.5,6788.25
1776039480,6788.5,6790.5,6788.25,6788.5
1776039540,6788.5,6789,6787.75,6788
1776039600,6788.25,6789.25,6787.5,6787.75
1776039660,6788,6788.5,6786.25,6787.5
1776039720,6787.5,6788.5,6787.25,6787.5
1776039780,6787.5,6788,6786.75,6787.5
1776039840,6787.5,6789,6787,6788.25
1776039900,6788.75,6789.75,6788.25,6789.25
1776039960,6789.25,6789.5,6788.25,6789
1776040020,6788.75,6789.75,6788.75,6789.25
1776040080,6789.25,6789.5,6788.75,6789
1776040140,6788.75,6788.75,6787.5,6787.75
1776040200,6787.75,6788.25,6786.25,6787.25
1776040260,6787,6791,6787,6790.5
1776040320,6790.5,6791.5,6789.75,6789.75
1776040380,6790,6792,6790,6791.25
1776040440,6791.5,6792.5,6790.25,6791
1776040500,6790.5,6791.25,6790.25,6790.75
1776040560,6791,6791.75,6790.25,6791.5
1776040620,6791.5,6791.75,6790.5,6791
1776040680,6791,6791.5,6790.75,6791.25
1776040740,6791.25,6792,6790.5,6790.5
1776040800,6790.75,6792,6790.75,6792
1776040860,6792.25,6793.25,6791.25,6791.5
1776040920,6791.75,6792.75,6790.75,6791.75
1776040980,6791.5,6791.5,6790.75,6790.75
1776041040,6791,6791.75,6790.75,6791.75
1776041100,6791.5,6792.5,6791.25,6791.75
1776041160,6792,6792,6791.25,6791.75
1776041220,6791.75,6793.5,6791.75,6793.5
1776041280,6793.25,6795.25,6793.25,6794.25
1776041340,6794.5,6795,6794,6795
1776041400,6795,6795,6794,6794.75
1776041460,6794.75,6797.25,6794.5,6796.75
1776041520,6796.75,6798,6796.5,6797
1776041580,6797,6799.5,6797,6799
1776041640,6799,6800.5,6798.25,6799.5
1776041700,6799.25,6800.5,6798.75,6800
1776041760,6800,6800.25,6798.75,6798.75
1776041820,6799,6799.5,6798.5,6799.25
1776041880,6799,6799.75,6798.25,6798.75
1776041940,6798.5,6800.25,6798.25,6800.25
1776042000,6800.5,6803.5,6800.5,6802.75
1776042060,6802.5,6802.5,6801,6802
1776042120,6802,6802.5,6801.25,6801.5
1776042180,6801.5,6804.5,6801.25,6803.5
1776042240,6803.75,6804.75,6803.5,6803.5
1776042300,6803.25,6803.5,6802.25,6802.25
1776042360,6802.25,6802.25,6800.5,6800.75
1776042420,6801,6802.5,6801,6801.75
1776042480,6801.75,6802.5,6800.25,6801.25
1776042540,6801.25,6802.75,6801,6802.5
1776042600,6802.5,6807.75,6802.5,6806.5
1776042660,6806.75,6806.75,6804.75,6806.5
1776042720,6806.75,6807,6805.75,6805.75
1776042780,6805.75,6806.75,6804.75,6806.5
1776042840,6806.5,6807.75,6805,6805
1776042900,6805,6805.5,6803.5,6804.25
1776042960,6804,6804,6802.5,6803.25
1776043020,6803.25,6804,6803.25,6804
1776043080,6804,6804.75,6803.25,6803.5
1776043140,6803.75,6804.5,6803.5,6804
1776043200,6804.25,6805.25,6804.25,6804.5
1776043260,6804.25,6805,6804.25,6805
1776043320,6804.75,6804.75,6803.25,6803.5
1776043380,6803.5,6803.75,6802.75,6803
1776043440,6803.25,6803.75,6802.75,6802.75
1776043500,6803,6804.25,6802.75,6803.75
1776043560,6804,6804.5,6803.25,6803.75
1776043620,6804,6804.25,6803,6804
1776043680,6804.25,6805.25,6804,6805.25
1776043740,6805,6805,6804,6804.25
1776043800,6804.25,6804.25,6803,6803
1776043860,6803,6803.75,6802.75,6803
1776043920,6802.75,6805,6802.75,6804.75
1776043980,6805,6805.75,6805,6805.5
1776044040,6805.5,6806.5,6805.5,6806.25
1776044100,6806.25,6807,6806,6806.75
1776044160,6806.5,6806.5,6804.5,6805
1776044220,6804.75,6804.75,6804,6804
1776044280,6804.25,6804.5,6803.25,6803.5
1776044340,6803.75,6804,6803.25,6803.25
1776044400,6803.5,6803.75,6802.25,6802.25
1776044460,6802.25,6803,6801.25,6801.25
1776044520,6801.5,6801.75,6800.5,6801.5
1776044580,6801.5,6802,6800,6801.5
1776044640,6801.75,6802,6801,6801.25
1776044700,6801,6801.25,6800.25,6801.25
1776044760,6801.25,6802.25,6800.75,6801
1776044820,6800.75,6802,6800.75,6801.75
1776044880,6802,6804.75,6801.75,6803.5
1776044940,6803.5,6804,6803.25,6803.25
1776045000,6803.25,6805,6803.25,6804.25
1776045060,6804.25,6804.75,6804,6804.75
1776045120,6805,6805,6804,6804.25
1776045180,6804.5,6804.5,6804,6804.25
1776045240,6804.25,6804.25,6803.25,6803.75
1776045300,6803.75,6804.25,6803.5,6804.25
1776045360,6804.5,6805.5,6804.5,6805.5
1776045420,6805,6806.5,6805,6805.75
1776045480,6805.75,6805.75,6805,6805.5
1776045540,6805.25,6805.75,6804.75,6805.25
1776045600,6805.25,6805.25,6804,6804.25
1776045660,6804,6804.5,6803,6804.25
1776045720,6804.25,6804.25,6803.75,6804
1776045780,6804.25,6804.25,6803.25,6803.5
1776045840,6803.75,6805,6803.75,6804.25
1776045900,6804,6804.5,6804,6804
1776045960,6804,6804.5,6803.75,6803.75
1776046020,6803.5,6803.5,6802.5,6802.5
1776046080,6802.5,6803,6802.25,6802.75
1776046140,6802.75,6803,6802.25,6803
1776046200,6802.75,6802.75,6802,6802.5
1776046260,6802.25,6802.25,6801.25,6801.5
1776046320,6801.5,6801.75,6801.25,6801.25
1776046380,6801.25,6801.75,6800.75,6801.75
1776046440,6801.75,6802.25,6800.75,6801.25
1776046500,6801.5,6801.75,6801.25,6801.5
1776046560,6801.5,6802,6800.75,6800.75
1776046620,6800.75,6801.75,6800.75,6801.75
1776046680,6801.75,6802.5,6801.5,6802
1776046740,6802.25,6802.5,6802,6802.5
1776046800,6802.75,6803.75,6802.25,6803.5
1776046860,6803.75,6803.75,6802.5,6802.75
1776046920,6802.75,6803.25,6802.5,6802.75
1776046980,6802.75,6803.25,6802.5,6802.5
1776047040,6802.75,6803,6802.25,6802.5
1776047100,6802.75,6803.25,6802.5,6802.5
1776047160,6802.5,6802.5,6801.75,6802.25
1776047220,6802.25,6802.5,6801.75,6802.25
1776047280,6802.25,6802.75,6802,6802.25
1776047340,6802,6802.5,6802,6802.5
1776047400,6802.5,6803.25,6802,6803.25
1776047460,6803.25,6803.75,6803.25,6803.25
1776047520,6803.25,6803.25,6802.5,6802.75
1776047580,6802.5,6802.5,6801.5,6802
1776047640,6802,6803,6801.75,6803
1776047700,6802.75,6803.25,6802.75,6802.75
1776047760,6802.75,6803,6802.25,6802.25
1776047820,6802.5,6803,6802.25,6802.75
1776047880,6802.75,6802.75,6802.25,6802.5
1776047940,6802.5,6803.25,6802.5,6803.25
1776048000,6803,6803.5,6802.75,6803.25
1776048060,6803.25,6803.25,6802.75,6802.75
1776048120,6802.75,6803.25,6802.75,6803.25
1776048180,6803.25,6803.5,6803,6803.5
1776048240,6803.5,6804,6803.25,6803.5
1776048300,6803.5,6805.25,6803.5,6804.75
1776048360,6804.5,6804.5,6803.75,6804
1776048420,6804,6804.25,6803.25,6803.25
1776048480,6803,6803.75,6802.75,6803.75
1776048540,6803.75,6803.75,6802.5,6802.5
1776048600,6802.5,6803,6802.25,6802.75
1776048660,6802.75,6802.75,6802.5,6802.75
1776048720,6802.75,6803.5,6802.5,6803.25
1776048780,6803.5,6803.75,6803.25,6803.5
1776048840,6803.5,6803.75,6803.25,6803.75
1776048900,6804,6804.75,6804,6804.75
1776048960,6804.75,6805,6804.5,6804.75
1776049020,6804.75,6805.75,6804.75,6805.5
1776049080,6805.5,6806.25,6805.25,6805.75
1776049140,6805.75,6805.75,6805.25,6805.5
1776049200,6805.75,6807,6805.75,6806
1776049260,6806,6806,6804.75,6805.5
1776049320,6805.25,6805.75,6805,6805.75
1776049380,6805.5,6806.25,6805.5,6805.75
1776049440,6805.5,6805.5,6804.75,6804.75
1776049500,6804.75,6805,6804.5,6804.75
1776049560,6804.75,6804.75,6802.75,6803.5
1776049620,6803.5,6803.5,6802.75,6803.25
1776049680,6803.5,6804,6803.5,6803.75
1776049740,6803.75,6803.75,6802.75,6803
1776049800,6803,6803.25,6802.25,6802.75
1776049860,6802.75,6803.25,6801.5,6802
1776049920,6802,6802.75,6802,6802.5
1776049980,6802.5,6802.75,6802,6802.25
1776050040,6802.5,6803,6802,6802
1776050100,6801.75,6802.5,6801.75,6802
1776050160,6802,6802,6801.75,6801.75
1776050220,6802,6803,6802,6802.75
1776050280,6802.75,6803.25,6802.5,6803
1776050340,6803,6803,6802.5,6802.5
1776050400,6802.5,6802.75,6802.25,6802.25
1776050460,6802.25,6803.25,6802.25,6803
1776050520,6803,6804,6803,6803.75
1776050580,6803.75,6804,6803.5,6803.5
1776050640,6803.5,6803.75,6803.25,6803.5
1776050700,6803.5,6804,6803.25,6804
1776050760,6804,6805,6804,6805
1776050820,6805.25,6805.25,6804.75,6805
1776050880,6804.75,6805,6804.5,6804.5
1776050940,6804.5,6804.75,6804.25,6804.25
1776051000,6804.25,6804.5,6803.5,6803.5
1776051060,6803.75,6804.5,6803.75,6804.25
1776051120,6804.25,6804.25,6803.25,6803.25
1776051180,6803.25,6803.5,6802.75,6803
1776051240,6803,6803.25,6802.75,6803.25
1776051300,6803.25,6803.5,6802.75,6803
1776051360,6803,6803,6801.5,6801.75
1776051420,6801.75,6802.75,6801.5,6802
1776051480,6802,6802,6801.5,6801.75
1776051540,6802,6802,6801.5,6801.5
1776051600,6801.75,6802.25,6801.75,6802.25
1776051660,6802.25,6803,6802.25,6803
1776051720,6803,6803.5,6803,6803.25
1776051780,6803.25,6804,6803.25,6803.75
1776051840,6804,6804,6803.25,6803.5
1776051900,6803.75,6803.75,6802.75,6802.75
1776051960,6802.75,6802.75,6801.5,6801.75
1776052020,6802,6802.25,6801.5,6802
1776052080,6802.25,6802.25,6801.5,6801.75
1776052140,6802,6802.25,6801.5,6802.25
1776052200,6802,6802.5,6800.75,6801.5
1776052260,6801.5,6802,6801.25,6801.25
1776052320,6801,6801.5,6801,6801.5
1776052380,6801.5,6801.75,6801,6801.5
1776052440,6801.25,6801.5,6801,6801.25
1776052500,6801.25,6801.5,6801,6801.5
1776052560,6801.5,6801.75,6801.25,6801.75
1776052620,6801.75,6802,6801.5,6801.75
1776052680,6801.75,6802.25,6801.75,6802
1776052740,6802,6802.25,6801.25,6801.25
1776052800,6801.5,6801.75,6801.25,6801.5
1776052860,6801.25,6801.5,6800.25,6800.5
1776052920,6800.25,6801,6799.25,6800.75
1776052980,6800.75,6801,6800.25,6800.5
1776053040,6800.25,6801,6799.5,6801
1776053100,6800.75,6801,6800.25,6800.25
1776053160,6800.5,6801,6800.5,6800.5
1776053220,6800.5,6800.75,6800,6800.25
1776053280,6800.25,6801.25,6800.25,6800.75
1776053340,6801,6801.75,6801,6801.5
1776053400,6801.5,6801.75,6800.75,6801.25
1776053460,6801.25,6801.75,6801.25,6801.5
1776053520,6801.5,6802,6801.5,6802
1776053580,6802,6802.75,6801.75,6802.5
1776053640,6802.75,6803,6802,6802.25
1776053700,6802.25,6802.5,6802.25,6802.25
1776053760,6802.25,6803.5,6802,6803.25
1776053820,6803.5,6803.5,6802.75,6803.5
1776053880,6803,6804,6803,6803.75
1776053940,6804,6804.75,6803.5,6804.5
1776054000,6804.5,6804.75,6803.75,6803.75
1776054060,6803.75,6803.75,6802,6802.75
1776054120,6802.75,6803.25,6802.5,6803
1776054180,6803,6803.5,6803,6803
1776054240,6803,6803.25,6803,6803
1776054300,6803.25,6804.75,6803.25,6804.5
1776054360,6804.25,6804.75,6804,6804.75
1776054420,6804.75,6805,6804.25,6804.75
1776054480,6804.5,6805.5,6804.5,6804.75
1776054540,6805,6805.25,6804.5,6804.5
1776054600,6804.75,6805,6804.5,6805
1776054660,6805,6805.5,6805,6805
1776054720,6805,6805,6804.5,6804.5
1776054780,6804.5,6804.75,6804,6804.25
1776054840,6804.25,6805,6804.25,6804.75
1776054900,6804.75,6805,6804.5,6804.75
1776054960,6804.5,6804.75,6804.25,6804.25
1776055020,6804.25,6804.75,6804.25,6804.25
1776055080,6804.25,6804.5,6804.25,6804.25
1776055140,6804,6804.25,6803.75,6804
1776055200,6804,6804.75,6804,6804.5
1776055260,6804.75,6805.25,6804.5,6805
1776055320,6805.25,6806,6805.25,6805.75
1776055380,6805.25,6805.5,6804,6804.25
1776055440,6804.25,6805.5,6804,6804.25
1776055500,6804.25,6804.5,6803.5,6803.5
1776055560,6803.75,6804.25,6803.5,6804.25
1776055620,6804.25,6804.25,6803.75,6803.75
1776055680,6803.75,6804,6803.75,6804
1776055740,6803.75,6805,6803.5,6804.75
1776055800,6805,6805,6804.25,6804.5
1776055860,6804.75,6804.75,6804.25,6804.5
1776055920,6804.5,6805,6804.5,6804.75
1776055980,6804.75,6805.5,6804.5,6805.5
1776056040,6805.75,6810,6805.5,6807.5
1776056100,6807.75,6811,6807.75,6810
1776056160,6810.25,6810.25,6808.75,6809.5
1776056220,6809.5,6809.75,6808.5,6808.75
1776056280,6808.5,6809,6808.25,6808.25
1776056340,6808.25,6808.25,6807.25,6807.75
1776056400,6807.5,6808.5,6806.5,6806.75
1776056460,6806.75,6808,6806.25,6807.75
1776056520,6807.75,6808.25,6807.5,6808
1776056580,6808,6808,6807.25,6807.5
1776056640,6807.5,6808.25,6807.5,6807.75
1776056700,6807.75,6808.25,6807.75,6808
1776056760,6807.75,6808.5,6807.5,6807.75
1776056820,6807.75,6807.75,6806.75,6807.5
1776056880,6807.5,6808,6807.25,6807.5
1776056940,6807,6807,6805.75,6806.25
1776057000,6806.25,6806.75,6806,6806.5
1776057060,6806.75,6806.75,6804.75,6805
1776057120,6805.25,6805.5,6805,6805.5
1776057180,6805.5,6805.75,6805,6805.75
1776057240,6805.75,6806,6805.5,6805.75
1776057300,6805.75,6806.75,6805.75,6805.75
1776057360,6805.75,6805.75,6805,6805.25
1776057420,6805.25,6805.25,6802.25,6804.75
1776057480,6804.75,6805.25,6804.75,6805
1776057540,6804.75,6805,6804.5,6804.75
1776057600,6805,6806,6804.5,6805.75
1776057660,6805.75,6806.5,6805.5,6806.5
1776057720,6806.5,6809.25,6806.25,6809.25
1776057780,6809.25,6809.5,6808,6808.75
1776057840,6808.5,6809,6808,6808.5
1776057900,6808.5,6809.25,6808.25,6808.5
1776057960,6808.25,6808.25,6807.75,6808.25
1776058020,6808.25,6808.75,6808,6808
1776058080,6808.25,6808.5,6807.5,6808
1776058140,6808,6808,6807.25,6807.5
1776058200,6807.75,6807.75,6806.5,6806.5
1776058260,6806.75,6807,6806.25,6806.5
1776058320,6806.25,6806.75,6806,6806.75
1776058380,6806.75,6807,6806.5,6806.75
1776058440,6806.75,6807.5,6804.75,6806.75
1776058500,6807,6807.75,6807,6807.5
1776058560,6807.5,6807.5,6804.75,6807
1776058620,6807,6807.25,6806.5,6806.75
1776058680,6806.75,6807,6806.25,6806.5
1776058740,6807,6807.5,6806.25,6806.5
1776058800,6806.25,6806.5,6805.75,6805.75
1776058860,6806,6806,6805.5,6805.5
1776058920,6805.75,6806.75,6805.75,6806.75
1776058980,6806.75,6807,6806,6806.25
1776059040,6806,6806.5,6805.75,6806.25
1776059100,6806.5,6807.5,6806.25,6807.5
1776059160,6807.75,6808.25,6807.5,6808
1776059220,6807.75,6807.75,6807.25,6807.25
1776059280,6807.5,6807.75,6807.25,6807.25
1776059340,6807.25,6807.5,6807,6807.25
1776059400,6807.25,6807.25,6806.75,6807
1776059460,6807,6807.5,6806.75,6807
1776059520,6806.75,6807,6806.25,6806.75
1776059580,6806.75,6807,6806.5,6806.75
1776059640,6806.75,6807.25,6806.75,6807.25
1776059700,6807,6807.25,6806.75,6807
1776059760,6807.25,6809.75,6807.25,6808.75
1776059820,6808.75,6809,6808.25,6808.25
1776059880,6808.25,6808.5,6808,6808.25
1776059940,6808,6808.5,6808,6808.25
1776060000,6808.5,6810.75,6808.5,6810.75
1776060060,6810.75,6811.25,6808.75,6810.75
1776060120,6810.75,6812.5,6810.75,6811
1776060180,6810.5,6811.5,6810.25,6810.5
1776060240,6810.5,6811.5,6810,6810.75
1776060300,6811,6811.25,6810.5,6810.5
1776060360,6810.5,6810.5,6808.75,6809.5
1776060420,6809.5,6810.25,6809.5,6809.75
1776060480,6809.75,6811.5,6809.75,6810.5
1776060540,6810.75,6811,6810.25,6810.75
1776060600,6810.75,6811.25,6810.25,6810.25
1776060660,6810.5,6810.5,6809.5,6810.5
1776060720,6810.5,6812.25,6810.5,6811.75
1776060780,6811.5,6811.5,6810.5,6810.5
1776060840,6810.25,6811,6810,6811
1776060900,6811,6812,6810.75,6811.75
1776060960,6811.75,6812.5,6811.5,6812
1776061020,6812,6814.75,6812,6813
1776061080,6813,6813.25,6812.5,6813.25
1776061140,6813.5,6814,6813.25,6813.5
1776061200,6813.25,6814.25,6812.5,6814
1776061260,6814,6816.75,6814,6815
1776061320,6814.5,6815.25,6814.5,6815
1776061380,6815,6815.5,6814.5,6815.25
1776061440,6815.5,6816.5,6815,6815.75
1776061500,6815.75,6816.75,6815.5,6816.5
1776061560,6816.25,6816.25,6814.75,6814.75
1776061620,6814.75,6816,6814.5,6815.75
1776061680,6815.5,6815.75,6814.75,6815
1776061740,6815,6815,6814.25,6815
1776061800,6815,6816,6814.5,6815.5
1776061860,6815.5,6815.5,6812.5,6812.75
1776061920,6813,6813.5,6812.75,6812.75
1776061980,6813,6813,6812.5,6813
1776062040,6813,6813.25,6812.5,6813
1776062100,6813.25,6813.75,6813,6813.25
1776062160,6813.25,6814,6812.5,6812.5
1776062220,6812.25,6813,6812,6812.75
1776062280,6812.5,6812.75,6812.25,6812.5
1776062340,6812.5,6813.5,6812.5,6813.5
1776062400,6813.5,6814,6813.5,6813.75
1776062460,6813.75,6813.75,6813.25,6813.25
1776062520,6813.25,6813.75,6812.5,6812.75
1776062580,6812.75,6813.5,6812.5,6812.5
1776062640,6812.5,6813,6812.25,6812.75
1776062700,6812.75,6812.75,6812,6812.75
1776062760,6812.75,6813.75,6812.5,6813.5
1776062820,6813.5,6814,6813.25,6813.75
1776062880,6813.5,6813.75,6812.5,6812.75
1776062940,6812.75,6813.25,6812,6812.25
1776063000,6812.5,6812.5,6812,6812.25
1776063060,6812.5,6813,6812.25,6812.5
1776063120,6812.25,6813,6812.25,6812.75
1776063180,6812.75,6813,6812.25,6813
1776063240,6812.75,6813.25,6812.5,6813.25
1776063300,6813.25,6813.75,6813,6813.75
1776063360,6813.75,6814,6812.75,6814
1776063420,6814,6814,6813.5,6813.5
1776063480,6813.75,6814.25,6813.5,6814.25
1776063540,6814.25,6814.5,6813.75,6814.5
1776063600,6814.5,6816.5,6814.5,6816.5
1776063660,6816.5,6817.25,6815.75,6817
1776063720,6816.75,6817,6816,6817
1776063780,6816.75,6817.25,6815,6815.5
1776063840,6815.75,6816.5,6815.25,6816.25
1776063900,6816.5,6816.75,6816,6816.5
1776063960,6816.5,6816.75,6815,6815.5
1776064020,6815.5,6815.5,6814.25,6814.75
1776064080,6814.75,6815.5,6814.75,6815.5
1776064140,6815.75,6815.75,6814.25,6814.75
1776064200,6814.75,6815.75,6814.75,6814.75
1776064260,6815,6815.5,6814.5,6815.5
1776064320,6815.5,6815.75,6814.5,6815
1776064380,6815,6815.25,6814.75,6815.25
1776064440,6815.25,6816,6815,6815.5
1776064500,6815.25,6815.25,6814.25,6815
1776064560,6814.75,6815,6814.25,6814.5
1776064620,6814.5,6815,6814.5,6814.75
1776064680,6815,6816.5,6814.75,6816.5
1776064740,6816.5,6818.25,6816.25,6817.5
1776064800,6817.5,6817.5,6815.25,6816
1776064860,6816.25,6816.25,6815.25,6815.75
1776064920,6815.75,6816.25,6814,6814
1776064980,6814.5,6814.5,6813.75,6814
1776065040,6813.75,6813.75,6811.5,6812
1776065100,6812.25,6812.5,6811,6811.75
1776065160,6811.75,6812,6810,6811
1776065220,6811,6814,6810.75,6813.75
1776065280,6813.75,6816,6813.75,6815
1776065340,6814.75,6816,6814.25,6815.75
1776065400,6816,6817,6815.75,6816.5
1776065460,6816.75,6817,6816,6816
1776065520,6816,6816.25,6815.5,6815.5
1776065580,6815.5,6815.75,6814.5,6814.75
1776065640,6814.75,6815,6814,6814.25
1776065700,6814.5,6814.5,6813,6814.25
1776065760,6814.25,6814.25,6813.25,6813.5
1776065820,6813.5,6813.5,6812.75,6813.25
1776065880,6813.25,6814.25,6813,6814
1776065940,6814,6815,6814,6814.5
1776066000,6814.25,6815.25,6814,6815.25
1776066060,6815.25,6815.5,6814,6814.5
1776066120,6814.75,6815,6814,6814.75
1776066180,6814.75,6814.75,6813.5,6814.25
1776066240,6814.25,6814.75,6814,6814.75
1776066300,6814.75,6815,6812.25,6812.5
1776066360,6812.5,6812.75,6810.75,6810.75
1776066420,6810.75,6812,6810.5,6812
1776066480,6812,6813.5,6812,6813.25
1776066540,6813.25,6814,6811.75,6812
1776066600,6811.75,6812,6810.75,6811.75
1776066660,6811.75,6812.5,6811.25,6812.5
1776066720,6812.5,6812.5,6811.25,6811.25
1776066780,6811.5,6811.5,6810.75,6811.25
1776066840,6811.25,6812.25,6811.25,6812
1776066900,6811.75,6812,6811.5,6811.5
1776066960,6811.5,6812.5,6811.5,6812
1776067020,6812,6812,6811.5,6811.75
1776067080,6811.75,6812.75,6811.75,6812.75
1776067140,6812.5,6812.75,6812,6812.5
1776067200,6812.25,6814.75,6812,6814.75
1776067260,6814.5,6815.5,6813.5,6815.25
1776067320,6815.25,6818.25,6814.25,6818
1776067380,6817.75,6819,6816.5,6816.5
1776067440,6817,6818.25,6816.25,6818.25
1776067500,6818,6818.75,6817.5,6818
1776067560,6818,6818,6815.75,6816
1776067620,6816.25,6817,6815.75,6816.5
1776067680,6816.25,6816.25,6813.75,6814.75
1776067740,6814.75,6815.5,6814.5,6815.25
1776067800,6815.5,6816,6814.25,6816
1776067860,6816,6816.5,6815.25,6815.75
1776067920,6815.75,6816,6814.75,6815
1776067980,6815,6816,6814.75,6815.75
1776068040,6816,6816.75,6815,6815.5
1776068100,6815.25,6815.5,6814,6814.75
1776068160,6814.5,6814.75,6813.75,6814.75
1776068220,6814.5,6815.5,6814.5,6815.25
1776068280,6815.25,6816.75,6815,6816.5
1776068340,6816.75,6817,6816,6816
1776068400,6816.25,6816.25,6815,6816
1776068460,6815.75,6817.5,6815,6817.25
1776068520,6817.25,6818.5,6816.75,6818.25
1776068580,6818,6818,6817.5,6817.75
1776068640,6817.5,6818.75,6817.25,6817.75
1776068700,6817.75,6819.5,6817.75,6819.25
1776068760,6819,6819.75,6818.5,6819
1776068820,6819,6819.5,6818.75,6819.25
1776068880,6819.5,6819.75,6818.5,6819
1776068940,6819.25,6819.25,6818.25,6818.25
1776069000,6818.5,6819,6817.25,6818.5
1776069060,6818.75,6819,6817.25,6817.75
1776069120,6817.5,6817.75,6816.5,6816.5
1776069180,6816.5,6816.75,6815,6816.5
1776069240,6816.5,6816.75,6815.5,6816
1776069300,6816,6817,6815,6815.25
1776069360,6815.25,6815.25,6812,6812.75
1776069420,6812.75,6814,6812.5,6813.75
1776069480,6813.5,6814.25,6813,6813.5
1776069540,6813.25,6813.25,6812,6812.25
1776069600,6812.25,6812.5,6810.75,6811.5
1776069660,6811.75,6812.25,6810.25,6812
1776069720,6812.25,6812.5,6811.5,6812
1776069780,6812.25,6813.75,6812.25,6813.75
1776069840,6813.5,6814.25,6813,6813.75
1776069900,6813.75,6814,6812,6812.25
1776069960,6812.25,6814,6812,6813.25
1776070020,6813.5,6815.5,6813,6815.25
1776070080,6815.25,6815.75,6814.25,6814.5
1776070140,6814.5,6814.75,6813.5,6814
1776070200,6814,6814.5,6813.25,6813.25
1776070260,6813,6813,6812.25,6812.75
1776070320,6812.75,6813.5,6812.5,6813.5
1776070380,6813.5,6814,6813.25,6813.25
1776070440,6813,6814.75,6813,6814.75
1776070500,6814.5,6815,6814.25,6814.75
1776070560,6814.5,6814.5,6813.75,6814.5
1776070620,6814.75,6815,6813.25,6813.5
1776070680,6813.5,6814.25,6813.25,6814.25
1776070740,6814,6814,6813,6813.25
1776070800,6813.25,6820,6813.25,6815.75
1776070860,6815.5,6817,6815.25,6816.75
1776070920,6816.5,6817,6816,6816.25
1776070980,6816,6818.75,6816,6817.5
1776071040,6817.5,6817.5,6815.75,6817.25
1776071100,6817.5,6818.75,6816.75,6817.75
1776071160,6818,6818,6816,6816.5
1776071220,6816.5,6817.75,6816.25,6817.75
1776071280,6817.75,6818.5,6817.25,6817.75
1776071340,6817.5,6817.5,6815,6815.5
1776071400,6815.75,6815.75,6813.75,6814.5
1776071460,6814.5,6814.75,6814,6814.5
1776071520,6814.25,6814.75,6814,6814.25
1776071580,6814,6814.5,6813.75,6814.25
1776071640,6814.25,6815,6814.25,6815
1776071700,6815,6815.75,6814.5,6814.75
1776071760,6814.75,6816.25,6814.5,6816
1776071820,6816.25,6816.75,6815.75,6816.5
1776071880,6816.5,6816.75,6816.25,6816.75
1776071940,6816.75,6818,6816.75,6817.75
1776072000,6817.5,6818.25,6817.5,6818.25
1776072060,6818,6818.5,6817.75,6818.25
1776072120,6818,6818.25,6817.25,6817.5
1776072180,6817.5,6818,6817.25,6817.75
1776072240,6817.5,6817.5,6816.75,6817.5
1776072300,6817.5,6817.5,6817.25,6817.25
1776072360,6817,6817.5,6817,6817.5
1776072420,6817.75,6819,6817.5,6818.25
1776072480,6818.25,6819,6817,6817.25
1776072540,6817.25,6817.5,6817,6817
1776072600,6817,6817.25,6816.5,6816.75
1776072660,6817,6818,6817,6817.75
1776072720,6817.5,6817.5,6816,6816.5
1776072780,6816.25,6816.75,6816,6816.5
1776072840,6816.25,6818,6816,6818
1776072900,6818,6819,6818,6818.25
1776072960,6818.25,6818.5,6817.5,6817.75
1776073020,6817.75,6818.25,6817.75,6817.75
1776073080,6817.75,6817.75,6816.5,6816.75
1776073140,6816.75,6816.75,6816.25,6816.5
1776073200,6816.5,6817.25,6815.75,6816.5
1776073260,6816.5,6816.5,6816,6816
1776073320,6816,6816.25,6814.25,6814.25
1776073380,6814.25,6814.75,6814,6814.75
1776073440,6815,6815,6815,6815
1776073500,6815,6815.5,6815,6815.25
1776073560,6815,6815,6813.75,6814
1776073620,6814,6814.25,6813.75,6813.75
1776073680,6814,6814.25,6813.5,6813.75
1776073740,6813.75,6813.75,6813.5,6813.5
1776073800,6813.5,6813.5,6812.25,6813.5
1776073860,6813.5,6814,6813.25,6814
1776073920,6814,6814,6813.5,6813.5
1776073980,6813.5,6814.25,6813.5,6814
1776074040,6814,6814,6813.5,6813.75
1776074100,6813.75,6814.75,6813.75,6814.75
1776074160,6814.75,6815.5,6814.5,6815
1776074220,6814.75,6814.75,6812.25,6813.25
1776074280,6813.5,6813.75,6813,6813.5
1776074340,6813.75,6813.75,6813.5,6813.5
1776074400,6813.75,6814.5,6813.75,6814
1776074460,6813.75,6814.25,6813,6814
1776074520,6814,6814.75,6814,6814
1776074580,6814,6814.25,6813.75,6813.75
1776074640,6814,6814.25,6813.5,6813.5
1776074700,6813.5,6813.75,6812.25,6812.75
1776074760,6812.75,6812.75,6812.25,6812.5
1776074820,6812.5,6813,6812,6812.75
1776074880,6813,6814,6813,6813.75
1776074940,6814,6814,6813,6813.75
1776075000,6813.5,6813.75,6812.75,6812.75
1776075060,6812.75,6815.5,6812.25,6813.25
1776075120,6813.5,6813.5,6812.5,6812.75
1776075180,6812.5,6813.5,6812.5,6813.5
1776075240,6813.25,6813.5,6813,6813.25
1776075300,6813.25,6813.25,6811.5,6811.5
1776075360,6811.75,6812,6811.25,6811.5
1776075420,6811.5,6812.5,6811.5,6812.25
1776075480,6812.25,6813.25,6812.25,6812.5
1776075540,6812.5,6812.75,6812,6812.75
1776075600,6812.5,6813,6812.25,6813
1776075660,6813.25,6813.5,6812.5,6812.75
1776075720,6812.75,6812.75,6811.5,6812
1776075780,6812,6812.25,6811.75,6812
1776075840,6812.25,6812.25,6811.75,6812
1776075900,6812,6812.25,6811.5,6812
1776075960,6812,6812.5,6812,6812.5
1776076020,6812.5,6813,6812.5,6812.5
1776076080,6812.25,6813.25,6812.25,6813.25
1776076140,6813.25,6813.75,6813,6813.5
1776076200,6813.75,6815,6813.75,6814.5
1776076260,6814.5,6814.75,6813,6813.25
1776076320,6813.25,6814,6813.25,6813.5
1776076380,6813.75,6814,6812.5,6812.75
1776076440,6813,6814.25,6813,6813.75
1776076500,6814,6814,6813,6813.25
1776076560,6813.25,6813.5,6812.75,6812.75
1776076620,6813,6813,6812.25,6812.5
1776076680,6812.5,6813,6812.5,6812.5
1776076740,6812.5,6812.5,6811.5,6812.5
1776076800,6812.25,6812.75,6812,6812.25
1776076860,6812.25,6812.25,6811.25,6811.25
1776076920,6811.25,6811.75,6811.25,6811.25
1776076980,6811.5,6812,6811.5,6811.5
1776077040,6811.75,6812.5,6811.5,6812.5
1776077100,6812.5,6812.5,6811.5,6812.5
1776077160,6812.5,6814.5,6812.5,6814
1776077220,6814,6815.5,6814,6814.75
1776077280,6814.75,6815.5,6814.25,6814.5
1776077340,6814.25,6814.25,6814,6814.25
1776077400,6814,6814,6813.25,6814
1776077460,6814,6814.75,6814,6814.75
1776077520,6815,6815.25,6814.5,6815.25
1776077580,6815.25,6815.25,6814.75,6814.75
1776077640,6814.75,6815,6814.5,6814.5
1776077700,6814.5,6815.5,6814.5,6815.25
1776077760,6815.5,6818.25,6815.25,6817.75
1776077820,6818,6818.5,6817.25,6817.75
1776077880,6817.5,6820,6817,6819.25
1776077940,6819.25,6821.5,6818.75,6821
1776078000,6821.25,6831.5,6821,6824.5
1776078060,6824.5,6825.25,6823.5,6823.75
1776078120,6824,6824.25,6822.75,6823.25
1776078180,6823.5,6825.5,6822.75,6825
1776078240,6825,6825.75,6824.5,6824.75
1776078300,6824.5,6825.25,6824,6825
1776078360,6824.75,6825,6824.25,6824.5
1776078420,6824.75,6824.75,6822.5,6822.5
1776078480,6822.5,6822.75,6822,6822.25
1776078540,6822,6822,6821,6821.25
1776078600,6821.25,6822,6821,6821.25
1776078660,6821.5,6821.75,6820.75,6821
1776078720,6821,6822,6820,6820.5
1776078780,6820.5,6821,6820.25,6820.5
1776078840,6820.5,6822.25,6820.5,6821.75
1776078900,6821.75,6822,6821.25,6821.75
1776078960,6821.75,6821.75,6820.5,6820.75
1776079020,6820.5,6821,6820.25,6820.5
1776079080,6820.5,6821,6820,6820.75
1776079140,6820.5,6821.75,6820.5,6821
1776079200,6820.75,6821.75,6820.75,6821.75
1776079260,6821.75,6822.5,6820.5,6820.75
1776079320,6821,6821.25,6820.25,6820.5
1776079380,6820.5,6820.75,6820,6820.75
1776079440,6820.75,6821.25,6815.5,6817.5
1776079500,6817.75,6818.5,6815.5,6817
1776079560,6817,6817,6815.25,6816
1776079620,6815.75,6816.25,6814.75,6815.25
1776079680,6815,6815.75,6814.5,6815.5
1776079740,6815.25,6816.25,6815,6815.75
1776079800,6815.5,6816.5,6814.75,6816.25
1776079860,6816.5,6816.5,6814.25,6814.25
1776079920,6814.25,6814.5,6813,6814
1776079980,6814,6814,6813.25,6813.25
1776080040,6813.25,6813.5,6812.5,6812.5
1776080100,6812.5,6813.25,6810.75,6810.75
1776080160,6810.75,6811,6808,6808.25
1776080220,6808.25,6809.75,6807.5,6809.5
1776080280,6809.5,6810.75,6809.5,6810.5
1776080340,6810.75,6811,6809.5,6809.75
1776080400,6809.75,6811.25,6809,6809.5
1776080460,6809.5,6809.75,6807.5,6808.5
1776080520,6808.5,6811.5,6808.25,6811
1776080580,6811.25,6811.75,6809.25,6809.25
1776080640,6809.25,6812,6808.75,6811.75
1776080700,6812,6813.75,6812,6812.25
1776080760,6812.25,6812.5,6807.75,6811
1776080820,6811,6812.25,6808.75,6808.75
1776080880,6809.25,6810.25,6808.75,6810
1776080940,6810,6810.5,6808.25,6808.5
1776081000,6808.5,6808.5,6802.5,6807.5
1776081060,6807.5,6808.25,6806,6807.75
1776081120,6808,6808.5,6806.75,6806.75
1776081180,6806.5,6807.75,6805.75,6807
1776081240,6807,6807,6805.5,6806
1776081300,6806,6806.25,6805,6805.25
1776081360,6805,6805.25,6803.75,6804.5
1776081420,6804.5,6807,6804,6806.75
1776081480,6806.75,6807.25,6806,6806.25
1776081540,6806.25,6806.5,6804.75,6804.75
1776081600,6805,6805.75,6803.75,6804
1776081660,6804.25,6804.5,6802.5,6803.5
1776081720,6803.5,6810.75,6802.5,6806.5
1776081780,6806.25,6808,6804.75,6805
1776081840,6805,6806,6802.5,6805.25
1776081900,6805.25,6808.25,6805.25,6807.75
1776081960,6807.5,6808.25,6806,6807.5
1776082020,6807.5,6808.5,6807.5,6808.25
1776082080,6808.25,6810.5,6808.25,6809.75
1776082140,6809.75,6810.5,6809,6809.5
1776082200,6809.5,6810.75,6809,6810.5
1776082260,6810.5,6811.75,6810.25,6811.75
1776082320,6811.75,6812,6810.5,6810.75
1776082380,6810.75,6811.25,6810.25,6811.25
1776082440,6811.5,6812,6810.75,6811.5
1776082500,6811.5,6812,6811,6811.5
1776082560,6811.5,6811.5,6810.5,6811
1776082620,6811,6812,6810.75,6811.75
1776082680,6811.75,6812,6811,6811.25
1776082740,6811.25,6811.75,6811,6811.25
1776082800,6811.25,6811.5,6810,6810.25
1776082860,6810,6811,6810,6810.75
1776082920,6810.75,6811.25,6810.5,6811
1776082980,6811,6811.25,6810,6810.75
1776083040,6810.5,6810.75,6809.75,6810.25
1776083100,6810.25,6811.75,6810.25,6811
1776083160,6811,6813,6811,6812
1776083220,6812,6812.5,6811.25,6812
1776083280,6812,6812,6811.25,6811.75
1776083340,6811.5,6812,6811,6812
1776083400,6812.5,6816,6812.5,6813.5
1776083460,6813.5,6813.5,6811.5,6812.25
1776083520,6812,6812.75,6811.25,6812.25
1776083580,6812.75,6815.5,6812.5,6814.25
1776083640,6814.25,6817.25,6814.25,6816
1776083700,6816,6816,6814,6814.5
1776083760,6814.75,6815.5,6814,6814
1776083820,6814,6814.25,6813.5,6814
1776083880,6814.25,6815,6814,6814.25
1776083940,6814.25,6814.75,6813.5,6814.5
1776084000,6814.75,6817.25,6814.75,6817
1776084060,6816.75,6817,6815.25,6816
1776084120,6815.75,6817,6815.75,6817
1776084180,6816.75,6816.75,6814.25,6815
1776084240,6815.25,6816.75,6814.5,6816.75
1776084300,6816.5,6819.5,6816.25,6818.25
1776084360,6818.5,6821.75,6818.5,6821.5
1776084420,6821.5,6823.5,6821.5,6822
1776084480,6822.25,6823.25,6821,6822
1776084540,6822,6822,6820.25,6820.5
1776084600,6820.25,6822,6819.5,6821.75
1776084660,6821.75,6823.25,6821.5,6822.75
1776084720,6822.5,6823.25,6821.5,6821.75
1776084780,6822,6823.5,6821.5,6823.25
1776084840,6823,6823.75,6822.5,6823
1776084900,6823.25,6824.75,6821.75,6822.25
1776084960,6822.25,6823,6821,6821.5
1776085020,6821.75,6823.25,6821.25,6823
1776085080,6823,6823.75,6822.5,6823.25
1776085140,6823.25,6823.5,6822.25,6822.5
1776085200,6822.75,6825.5,6822,6824
1776085260,6824.25,6825.25,6823.75,6824.5
1776085320,6824.25,6824.75,6823.25,6824.25
1776085380,6824.25,6824.5,6823.25,6823.75
1776085440,6824,6825.75,6824,6825
1776085500,6824.75,6825.75,6823.75,6824.5
1776085560,6824.25,6824.5,6823.75,6824.25
1776085620,6824,6824.25,6823,6823.5
1776085680,6823.5,6823.75,6822.75,6823
1776085740,6823.25,6824.25,6821.5,6822.5
1776085800,6822.75,6823.5,6822,6823
1776085860,6823,6825.5,6823,6825.25
1776085920,6825.25,6826.75,6825.25,6826.25
1776085980,6826.25,6827.25,6825.5,6827
1776086040,6826.75,6827.75,6826.5,6827.25
1776086100,6827,6827,6825.75,6826.25
1776086160,6826.25,6826.5,6825,6825
1776086220,6825,6826,6824.5,6825.5
1776086280,6825.75,6827.5,6825.75,6827
1776086340,6827,6829.5,6827,6829
1776086400,6828.75,6829.5,6828.25,6828.5
1776086460,6828.5,6829.75,6828,6829.5
1776086520,6829.25,6829.5,6828.75,6829
1776086580,6828.75,6830.5,6828.75,6830.25
1776086640,6830.25,6831.75,6830,6831.75
1776086700,6831.5,6834.75,6830.25,6833.5
1776086760,6833.5,6834,6832.25,6832.5
1776086820,6832.75,6833.5,6832,6832.75
1776086880,6832.75,6834.25,6832.75,6834.25
1776086940,6834.25,6834.75,6833.25,6834.75
1776087000,6834.75,6840,6834.75,6836.75
1776087060,6836.5,6837,6834.75,6836.25
1776087120,6836.5,6837,6832.25,6832.5
1776087180,6832.75,6835.5,6830.5,6835.25
1776087240,6835.25,6836.5,6834.25,6835.75
1776087300,6835.75,6836,6831.5,6832
1776087360,6832,6833,6827.5,6827.75
1776087420,6828,6830.75,6826.5,6830.5
1776087480,6830.5,6833,6830.25,6833
1776087540,6833,6834.5,6832.25,6833.25
1776087600,6833.25,6833.5,6831,6832
1776087660,6832,6833.75,6830.75,6832.5
1776087720,6832.5,6835.75,6831.75,6833
1776087780,6832.75,6834.75,6831,6833
1776087840,6833.25,6833.25,6829.25,6830.25
1776087900,6830.5,6831.5,6827.75,6828.5
1776087960,6828.5,6831,6828,6830
1776088020,6829.75,6831.25,6828.5,6829.75
1776088080,6829.75,6843.5,6829.25,6838.75
1776088140,6838.75,6851.25,6837.75,6849.25
1776088200,6849,6855.5,6848.5,6854
1776088260,6853.75,6854,6844.5,6845
1776088320,6845,6846,6841.5,6843.5
1776088380,6843.25,6845.25,6841.25,6844
1776088440,6844,6848,6843.5,6847.75
1776088500,6847.75,6849,6845.5,6846.75
1776088560,6847,6849.75,6846.25,6849
1776088620,6849.25,6851.5,6848.25,6851
1776088680,6850.75,6853.75,6849.5,6853.25
1776088740,6853.25,6859,6851.75,6858.5
1776088800,6858,6861.5,6856.25,6860.75
1776088860,6860.5,6861.5,6854.75,6854.75
1776088920,6855,6855.5,6852.25,6853
1776088980,6853,6853.25,6849.5,6852.25
1776089040,6852,6856,6852,6854.5
1776089100,6854.5,6856.75,6852.5,6855.75
1776089160,6855.75,6858.25,6855.5,6857.25
1776089220,6857.25,6859.5,6856,6856.75
1776089280,6856.5,6856.75,6854,6855.75
1776089340,6855.5,6855.5,6853.5,6855
1776089400,6854.75,6855,6852.75,6854
1776089460,6853.75,6854.75,6852.25,6852.75
1776089520,6852.75,6853.25,6851,6851.5
1776089580,6851.5,6852.5,6850,6851.25
1776089640,6851,6853.75,6850.5,6852
1776089700,6852,6852.5,6847.75,6848.5
1776089760,6848.5,6850.25,6848.25,6848.25
1776089820,6848.25,6849.75,6846.75,6847.25
1776089880,6847.25,6849,6846.75,6847.25
1776089940,6847.25,6852,6847,6851.5
1776090000,6851.25,6853,6849.75,6850.75
1776090060,6851,6854.75,6850.25,6854.25
1776090120,6854.25,6856.75,6853.5,6853.5
1776090180,6853.5,6855.25,6845,6851.5
1776090240,6851.5,6856.25,6851.25,6856.25
1776090300,6856,6856.5,6853,6855.5
1776090360,6855.5,6856,6853.75,6854.5
1776090420,6854.5,6856,6853.25,6854.5
1776090480,6854.75,6855.25,6853.25,6854.25
1776090540,6854.25,6857.75,6853.75,6857
1776090600,6857.25,6857.75,6855.75,6857
1776090660,6857.25,6860.25,6857,6860.25
1776090720,6860.25,6861.5,6856.5,6857.25
1776090780,6857.25,6859,6856.5,6858
1776090840,6858,6860.25,6857.5,6858.75
1776090900,6858.75,6859,6856.5,6856.75
1776090960,6856.75,6857.25,6855,6855.5
1776091020,6855.5,6856.25,6854.5,6855.75
1776091080,6855.75,6857.5,6855,6856.5
1776091140,6856.75,6857,6854.25,6856.5
1776091200,6856.5,6858.25,6855.75,6857.25
1776091260,6857.25,6858.5,6856.75,6857.25
1776091320,6857.25,6858.5,6857,6858.25
1776091380,6858.5,6860,6858.5,6858.5
1776091440,6858.75,6863,6858.5,6861.25
1776091500,6861.25,6862.25,6860.5,6861.75
1776091560,6861.75,6861.75,6859.5,6860
1776091620,6860,6860.5,6857.5,6857.5
1776091680,6857.5,6858.5,6856.25,6857.25
1776091740,6857.5,6858,6856.75,6857.25
1776091800,6857.5,6859.25,6856,6857.75
1776091860,6857.75,6859.75,6856.25,6859
1776091920,6858.75,6861.5,6858.75,6860.75
1776091980,6860.5,6862.5,6859.75,6862
1776092040,6862,6864,6861.5,6862.5
1776092100,6862.5,6862.5,6859.5,6862
1776092160,6862,6863.5,6861.75,6863
1776092220,6863,6865.75,6863,6865.5
1776092280,6865.25,6868.25,6865,6867.75
1776092340,6867.75,6868,6866.5,6867
1776092400,6866.75,6867,6859,6860.5
1776092460,6860.75,6864.5,6860.5,6863.25
1776092520,6863.5,6863.75,6861,6861.25
1776092580,6861.25,6861.5,6860,6860.5
1776092640,6860.5,6861.5,6859,6859.5
1776092700,6859.75,6861.5,6858.25,6859.25
1776092760,6859.25,6860.75,6858.5,6860
1776092820,6860.25,6862,6860.25,6860.75
1776092880,6861,6861.25,6857.75,6858.75
1776092940,6859,6862.5,6858.5,6861.5
1776093000,6861.5,6861.75,6859.5,6860.75
1776093060,6860.75,6864.75,6860.75,6864.5
1776093120,6864.25,6864.25,6862.5,6863.25
1776093180,6863,6863.25,6862,6862.25
1776093240,6862.25,6862.5,6861,6861.5
1776093300,6861.75,6863.25,6860.25,6860.5
1776093360,6860.5,6861,6859.5,6860.75
1776093420,6860.5,6860.5,6858.5,6859.5
1776093480,6859.25,6859.75,6857.75,6858.75
1776093540,6858.75,6859.5,6857.5,6858.25
1776093600,6858.25,6862.25,6858,6861.25
1776093660,6861,6862,6860.25,6860.5
1776093720,6860.25,6861.25,6858.5,6860.5
1776093780,6860.5,6860.5,6858.75,6860
1776093840,6859.75,6860.25,6857.25,6858
1776093900,6858,6858.5,6856.25,6858.25
1776093960,6858,6858.5,6856,6857.25
1776094020,6857,6858.25,6856,6858
1776094080,6858.25,6860,6858,6858.5
1776094140,6858.5,6859,6856.5,6856.5
1776094200,6856.5,6856.75,6854.75,6855.75
1776094260,6855.75,6855.75,6853.75,6854.75
1776094320,6854.75,6856.5,6854.75,6855
1776094380,6855,6857.5,6855,6857.25
1776094440,6857.25,6857.25,6855.25,6856.25
1776094500,6856,6857.25,6855.75,6856.75
1776094560,6856.5,6858.25,6855,6858.25
1776094620,6858,6860,6857.75,6859.25
1776094680,6859.25,6864,6857.25,6859.5
1776094740,6859.25,6861.75,6859,6861
1776094800,6861,6862.25,6859.75,6861.75
1776094860,6861.5,6862,6860,6860.5
1776094920,6860.25,6860.5,6856.75,6857.5
1776094980,6857.5,6857.5,6855.75,6857.5
1776095040,6857.5,6858,6856.25,6856.75
1776095100,6856.5,6857,6855.25,6856.25
1776095160,6856.25,6857.75,6856.25,6857
1776095220,6857.25,6857.75,6856,6856.5
1776095280,6856.5,6856.5,6855.25,6855.25
1776095340,6855.25,6856.25,6854.25,6856.25
1776095400,6856.25,6856.75,6855,6856.5
1776095460,6856.5,6856.5,6854.75,6855.25
1776095520,6855.25,6856.5,6854.75,6856.25
1776095580,6856.25,6856.5,6855.5,6856.5
1776095640,6856.5,6856.75,6854.5,6854.75
1776095700,6854.5,6856,6854.25,6855.75
1776095760,6855.75,6857.75,6855.5,6856.25
1776095820,6856.25,6856.75,6854.5,6855.5
1776095880,6855.5,6857,6855.5,6856.5
1776095940,6856.5,6856.5,6855.25,6856.25
1776096000,6856,6857.25,6855,6855
1776096060,6855.25,6855.25,6853.25,6854
1776096120,6853.75,6854,6851.25,6851.75
1776096180,6851.75,6852.75,6851.5,6851.75
1776096240,6852,6853.75,6852,6853.25
1776096300,6853.25,6853.75,6851.75,6853
1776096360,6852.75,6865.5,6852.5,6861.25
1776096420,6861.5,6861.5,6856.5,6857.75
1776096480,6857.75,6858.75,6856.5,6857.25
1776096540,6857,6860.25,6857,6858.25
1776096600,6858.25,6859.5,6857.75,6859.25
1776096660,6859.25,6862.25,6858.75,6860.75
1776096720,6860.5,6861.25,6859.25,6859.25
1776096780,6859.25,6860,6858,6859.75
1776096840,6859.75,6860.75,6859.5,6860
1776096900,6860.25,6861.25,6858.5,6859.25
1776096960,6859.25,6861.25,6859,6861.25
1776097020,6861.25,6862.25,6860.5,6862.25
1776097080,6862.25,6863.5,6860.5,6863.25
1776097140,6863.25,6864,6862.75,6863.5
1776097200,6863.25,6870.75,6863.25,6864.75
1776097260,6864.75,6868,6864,6867.25
1776097320,6867.5,6867.5,6865.75,6865.75
1776097380,6865.5,6867.5,6864.75,6866.75
1776097440,6866.75,6869.25,6866.25,6868.5
1776097500,6868.75,6871.25,6868.5,6870.75
1776097560,6870.75,6871,6868,6868.25
1776097620,6868,6870.25,6867.75,6869.75
1776097680,6869.75,6873.25,6869,6872.5
1776097740,6872.5,6878,6872,6875.5
1776097800,6875.5,6876.25,6874.25,6876.25
1776097860,6876,6877.75,6875.25,6876.25
1776097920,6876,6876.25,6872.75,6873.5
1776097980,6873.25,6881.75,6873,6875.75
1776098040,6875.5,6876.5,6874.25,6875.25
1776098100,6875.25,6884.75,6875,6881.25
1776098160,6881.25,6881.25,6877.25,6877.25
1776098220,6877,6878.25,6876.75,6877.5
1776098280,6877.25,6878.5,6876,6876.5
1776098340,6876.5,6879.25,6875.25,6876.75
1776098400,6876.5,6879.5,6874.75,6876.5
1776098460,6876.5,6878,6871,6872.75
1776098520,6872.75,6873.5,6868.5,6871.25
1776098580,6871,6878.5,6870,6877.5
1776098640,6877.5,6880.5,6877.25,6877.25
1776098700,6877.25,6878,6876.25,6877.5
1776098760,6877.25,6879.5,6876.5,6877.25
1776098820,6877.25,6885.75,6877.25,6882.75
1776098880,6883,6884.5,6881.75,6882.25
1776098940,6882,6883.25,6881.5,6882
1776099000,6882,6888.25,6882,6887.25
1776099060,6887.5,6890,6885,6885.25
1776099120,6885.25,6885.25,6883.25,6883.5
1776099180,6883.5,6884,6881,6881.75
1776099240,6881.75,6883.75,6881.75,6882.75
1776099300,6882.75,6882.75,6879.75,6881
1776099360,6881.25,6883.25,6881,6883.25
1776099420,6883.25,6883.5,6882,6883
1776099480,6883.25,6885,6882,6884.75
1776099540,6884.75,6885.5,6884.25,6884.75
1776099600,6884.75,6886,6884.5,6884.5
1776099660,6884.75,6885,6883.25,6884.75
1776099720,6885,6886.75,6884.5,6886.5
1776099780,6886.5,6887.25,6885.5,6885.75
1776099840,6885.75,6886.75,6885.25,6886.25
1776099900,6886.5,6887,6885.25,6885.25
1776099960,6885,6886.25,6884.25,6884.25
1776100020,6884.5,6885,6883.5,6884
1776100080,6884.25,6884.25,6882.5,6883.75
1776100140,6884,6884.5,6882.5,6884.25
1776100200,6884.25,6885.5,6883.25,6885
1776100260,6885,6885.5,6884.25,6884.75
1776100320,6884.75,6884.75,6883.75,6884
1776100380,6884,6884.25,6883.5,6883.5
1776100440,6883.75,6885.25,6883.5,6885
1776100500,6885,6885.75,6884.5,6885.75
1776100560,6885.75,6886.25,6885,6885.25
1776100620,6885,6885.5,6884.75,6885.25
1776100680,6885.25,6888.75,6885,6888.25
1776100740,6888.5,6890,6887,6887.5
1776100800,6887.5,6887.5,6885.25,6886.5
1776100860,6886.5,6887.25,6885,6887
1776100920,6887,6887,6885.25,6885.75
1776100980,6885.75,6886.5,6885.25,6886
1776101040,6885.75,6886,6884.25,6884.5
1776101100,6884.75,6885.75,6884.25,6885.75
1776101160,6885.5,6886,6885,6885.75
1776101220,6885.75,6886.5,6885.25,6885.75
1776101280,6885.75,6886.5,6885.25,6886
1776101340,6885.75,6886.75,6885.25,6886.5
1776101400,6886.5,6888.75,6886.25,6887.5
1776101460,6887.25,6888.25,6886.75,6887
1776101520,6886.75,6887.5,6886.25,6887.5
1776101580,6887.5,6887.75,6885,6885.75
1776101640,6885.5,6886,6885,6885.25
1776101700,6885,6885,6883.25,6883.75
1776101760,6883.5,6885,6883.5,6883.75
1776101820,6883.5,6886,6882.25,6884.75
1776101880,6884.75,6885.75,6884.5,6885.5
1776101940,6885.25,6885.5,6884,6884.25
1776102000,6884,6885.25,6883.5,6883.75
1776102060,6883.75,6884.25,6883.25,6884.25
1776102120,6884,6885,6883.25,6884.5
1776102180,6884.25,6884.75,6883.75,6884.5
1776102240,6884.5,6884.5,6882.5,6883.25
1776102300,6883.25,6883.25,6881.75,6882.5
1776102360,6882.5,6883.75,6882,6883.25
1776102420,6883.25,6883.5,6882,6882.5
1776102480,6882.25,6883.25,6882,6882.25
1776102540,6882.5,6883,6882,6882.5
1776102600,6882.25,6882.75,6880.25,6880.5
1776102660,6880.25,6882.25,6880.25,6881.75
1776102720,6881.75,6883,6880.75,6882.25
1776102780,6882.25,6884,6882,6883
1776102840,6883,6884.5,6882.25,6883.5
1776102900,6883.5,6885,6883,6884.5
1776102960,6884.75,6884.75,6883,6883.25
1776103020,6883.5,6883.75,6882.25,6883.25
1776103080,6883.25,6883.75,6882.75,6883.25
1776103140,6883.25,6883.75,6882.75,6883.25
1776103200,6883.25,6886,6883,6885.25
1776103260,6885.5,6885.75,6884.75,6885
1776103320,6885.25,6887.25,6884.5,6886.5
1776103380,6886.5,6887.25,6885.75,6887
1776103440,6887,6887.5,6885.5,6885.5
1776103500,6885.75,6886.25,6885.25,6885.25
1776103560,6885.25,6885.75,6885,6885.25
1776103620,6885.5,6886,6885.25,6885.75
1776103680,6885.75,6887.5,6885.75,6886.75
1776103740,6886.75,6887.25,6886,6886.75
1776103800,6886.75,6888,6886.5,6887.5
1776103860,6887.5,6888,6886.75,6887
1776103920,6887,6887.5,6886.75,6887.25
1776103980,6887.5,6887.5,6886.5,6887
1776104040,6887,6888,6886.75,6887.5
1776104100,6887.25,6888,6886.5,6887.75
1776104160,6887.75,6888,6887,6887.5
1776104220,6887.5,6887.75,6886.75,6887.5
1776104280,6887.25,6887.5,6886.75,6887
1776104340,6887,6887.25,6886.25,6886.5
1776104400,6886.5,6887.25,6885.5,6887
1776104460,6886.75,6888.5,6886,6887.25
1776104520,6887.25,6887.5,6886.5,6887.25
1776104580,6887,6887.25,6886.25,6886.5
1776104640,6886.5,6886.75,6885.25,6885.5
1776104700,6885.5,6886,6884.5,6886
1776104760,6885.75,6885.75,6884.75,6885
1776104820,6885,6885,6884,6884.25
1776104880,6884.25,6886.75,6884.25,6885.5
1776104940,6885.25,6886.25,6884.75,6885.5
1776105000,6885.5,6885.75,6884.5,6885.75
1776105060,6885.5,6887,6885.25,6886.5
1776105120,6886.25,6887,6886,6886.5
1776105180,6886.5,6887.5,6886.25,6886.75
1776105240,6886.75,6887.5,6886.5,6887.25
1776105300,6887.25,6887.75,6886.25,6887.5
1776105360,6887.25,6888,6887,6888
1776105420,6888,6888.25,6887.5,6888
1776105480,6888,6888.5,6886.75,6888.5
1776105540,6888.5,6888.75,6888,6888.25
1776105600,6888.25,6888.75,6888,6888.5
1776105660,6888.25,6888.75,6887.5,6888
1776105720,6888,6889,6887.5,6888.75
1776105780,6889,6889.5,6888.75,6889
1776105840,6889,6890,6888.75,6889.5
1776105900,6889.75,6893,6889.5,6892.25
1776105960,6892.25,6893.25,6892.25,6892.5
1776106020,6892.5,6893,6891.75,6892
1776106080,6892,6894,6892,6893.5
1776106140,6893.5,6893.75,6892.75,6893
1776106200,6893.25,6893.25,6892.25,6892.75
1776106260,6893,6895.25,6892.25,6894.25
1776106320,6894.5,6896,6894,6895.5
1776106380,6895.75,6895.75,6894.5,6894.75
1776106440,6894.75,6895.5,6893.75,6895.5
1776106500,6895.5,6896.75,6894.75,6896
1776106560,6896,6896,6895,6895.5
1776106620,6895.75,6895.75,6894.25,6895.25
1776106680,6895.25,6896,6894.75,6895
1776106740,6895,6895.25,6894.5,6894.75
1776106800,6894.75,6896.75,6894.5,6896.5
1776106860,6896.5,6897.5,6895.75,6897.5
1776106920,6897.5,6897.75,6896,6896.25
1776106980,6896.25,6896.75,6895.75,6896.5
1776107040,6896.5,6896.5,6895.5,6895.75
1776107100,6895.75,6895.75,6894.25,6895
1776107160,6895.25,6895.25,6893.75,6893.75
1776107220,6894,6894.5,6893,6893.75
1776107280,6893.75,6894.5,6893.5,6894
1776107340,6894.25,6895,6893.75,6894.75
1776107400,6894.75,6895,6894,6895
1776107460,6895,6895,6892.5,6893
1776107520,6893.25,6893.75,6893,6893
1776107580,6893.25,6893.5,6892,6892.25
1776107640,6892.5,6894,6892.25,6893.5
1776107700,6893.75,6894.5,6893,6894.25
1776107760,6894.5,6895.75,6894,6895.5
1776107820,6895.5,6896.25,6895.25,6895.75
1776107880,6896,6896.75,6895.75,6896.5
1776107940,6896.5,6896.75,6895.75,6896.5
1776108000,6896.5,6896.75,6895.75,6896
1776108060,6896.25,6897.75,6896,6897.75
1776108120,6897.75,6899,6897.25,6898.5
1776108180,6898.75,6899.75,6898.25,6899.5
1776108240,6899.5,6899.75,6898.75,6899.25
1776108300,6899.25,6900.25,6899,6899.25
1776108360,6899.25,6899.75,6899,6899.5
1776108420,6899.5,6900,6899,6899.5
1776108480,6899.5,6900.25,6899,6899.75
1776108540,6899.75,6900,6899.25,6900
1776108600,6899.75,6899.75,6898.25,6899
1776108660,6899,6903,6898.75,6902.25
1776108720,6902.25,6904.5,6902,6903.75
1776108780,6903.5,6904.5,6903,6903.25
1776108840,6903.25,6903.25,6902.5,6902.75
1776108900,6903,6904,6901.5,6903.5
1776108960,6903.25,6907.25,6903.25,6906
1776109020,6906,6906.25,6905,6905
1776109080,6904.75,6905,6903,6903.75
1776109140,6903.5,6904,6903.25,6903.75
1776109200,6903.75,6904.5,6902.75,6903.25
1776109260,6903,6903.5,6901.75,6902
1776109320,6902,6902.5,6901.25,6902.25
1776109380,6902.25,6902.5,6901.75,6902
1776109440,6901.75,6903.75,6901.75,6903.75
1776109500,6903.75,6903.75,6901,6901.5
1776109560,6901.75,6902.25,6901,6901.5
1776109620,6901.25,6901.75,6899.5,6900.5
1776109680,6900.5,6901.5,6900,6900.5
1776109740,6900.25,6902.5,6900.25,6902.25
1776109800,6902.25,6914.25,6902,6913.75
1776109860,6913.75,6915.5,6911.5,6914
1776109920,6914.25,6916,6913.5,6914.5
1776109980,6914.75,6918.25,6913.75,6917.5
1776110040,6917.5,6921,6917,6918.25
1776110100,6918.5,6923.25,6918.25,6921.5
1776110160,6921.5,6924.75,6920.75,6924
1776110220,6924,6924.5,6921.75,6923.5
1776110280,6923.25,6923.5,6921.25,6921.75
1776110340,6921.5,6924.5,6921,6921.25
1776110400,6921.25,6923,6919.75,6920.5
1776110460,6920.5,6921.25,6919.25,6920.75
1776110520,6920.75,6920.75,6920,6920
1776110580,6920.25,6922.25,6919.75,6921.5
1776110640,6921.25,6922.5,6920.5,6921.75
1776110700,6922,6923.75,6921.5,6923.5
1776110760,6923.5,6925.5,6923.5,6924
1776110820,6924.25,6924.5,6923.25,6923.25
1776110880,6923.5,6924,6923,6923.5
1776110940,6923.5,6924.25,6923,6924
1776111000,6924,6924.75,6922.75,6923
1776111060,6923,6923.5,6922.75,6923
1776111120,6923,6923.75,6923,6923
1776111180,6923.25,6923.5,6922.75,6923
1776111240,6922.75,6924,6922.75,6923.25
1776111300,6923.25,6923.5,6922.25,6922.5
1776111360,6922.25,6922.25,6921.75,6922.25
1776111420,6922,6922,6921.75,6921.75
1776111480,6921.75,6923.25,6921.75,6922.75
1776111540,6922.75,6923,6922.25,6923
1776111600,6923,6925.75,6922.75,6925.5
1776111660,6925.25,6925.75,6925,6925.5
1776111720,6925.5,6925.75,6924,6924.25
1776111780,6924,6924.75,6923.75,6924.25
1776111840,6924.5,6925,6923.5,6924
1776111900,6924,6924.25,6923.75,6924
1776111960,6924.25,6924.25,6923.25,6923.5
1776112020,6923.5,6924.75,6923.5,6924.5
1776112080,6924.5,6924.75,6924.25,6924.25
1776112140,6924.25,6924.75,6923.5,6923.75
1776112200,6923.5,6924,6923.25,6923.75
1776112260,6924,6924.5,6923.75,6924.25
1776112320,6924,6924.75,6923.75,6924.75
1776112380,6924.75,6925,6924,6924.75
1776112440,6924.75,6925.75,6924.5,6925
1776112500,6925,6926.25,6925,6926
1776112560,6925.75,6926.75,6925.75,6926.25
1776112620,6926.25,6926.75,6925.5,6925.5
1776112680,6925.5,6925.75,6925.25,6925.25
1776112740,6925.25,6925.5,6924.5,6924.75
1776112800,6924.75,6925.5,6924.5,6925
1776112860,6925.25,6925.25,6924.5,6924.5
1776112920,6924.75,6925.5,6924.75,6925.5
1776112980,6925.25,6925.5,6925.25,6925.25
1776113040,6925.25,6926,6925.25,6925.75
1776113100,6925.75,6926.75,6925.75,6926.5
1776113160,6926.5,6927.25,6926.5,6926.75
1776113220,6926.75,6928.25,6926.5,6927.75
1776113280,6927.5,6928,6927.25,6927.25
1776113340,6927,6927.25,6926.5,6926.5
1776113400,6926.5,6927.5,6926.5,6927
1776113460,6927,6927.25,6927,6927
1776113520,6927,6927.25,6927,6927
1776113580,6927,6927.75,6927,6927.75
1776113640,6927.5,6927.5,6927.25,6927.5
1776113700,6927.5,6928,6927,6927
1776113760,6927,6927.25,6927,6927.25
1776113820,6927.25,6927.75,6927,6927
1776113880,6927.25,6927.25,6927,6927.25
1776113940,6927,6927.75,6926.75,6927.5
1776117600,6925.25,6927,6924.25,6926
1776117660,6925.75,6926.75,6925.25,6926.75
1776117720,6927,6928,6926.75,6926.75
1776117780,6927,6927.75,6926.75,6926.75
1776117840,6926.5,6927.25,6926,6926
1776117900,6926.25,6929,6926.25,6928
1776117960,6928.25,6930,6927.5,6929.75
1776118020,6929.5,6930,6927.5,6927.5
1776118080,6927.5,6927.75,6926.5,6927
1776118140,6927,6927.75,6926.5,6927
1776118200,6926.75,6927.5,6926.25,6926.25
1776118260,6926.5,6927.25,6926.25,6927
1776118320,6927,6927,6926.5,6926.75
1776118380,6926.75,6927,6926.5,6926.75
1776118440,6927,6927.5,6927,6927.5
1776118500,6927.25,6927.75,6927,6927.25
1776118560,6927.25,6927.25,6926.75,6927.25
1776118620,6927.25,6928.25,6927.25,6928.25
1776118680,6927.75,6928,6927.5,6927.75
1776118740,6927.75,6928,6927,6927.25
1776118800,6927,6927,6926.5,6926.75
1776118860,6926.75,6927,6926.5,6927
1776118920,6926.75,6927.75,6926.75,6927.25
1776118980,6927.25,6927.25,6926.5,6926.5
1776119040,6926.75,6926.75,6926,6926
1776119100,6926.25,6926.25,6925.75,6925.75
1776119160,6925.75,6926,6925.75,6925.75
1776119220,6925.75,6926,6925.75,6926
1776119280,6926,6926.25,6925.75,6926
1776119340,6926,6926,6925.75,6925.75
1776119400,6925.75,6926.5,6925.5,6925.75
1776119460,6925.75,6926.25,6925.5,6925.75
1776119520,6925.75,6925.75,6925.5,6925.75
1776119580,6925.75,6926,6925.5,6926
1776119640,6926,6926.25,6925.75,6926
1776119700,6926,6926,6925.75,6926
1776119760,6926,6926.25,6925.75,6926
1776119820,6926.25,6926.75,6926.25,6926.75
1776119880,6926.5,6927.25,6926.5,6927
1776119940,6927.25,6927.25,6926.75,6926.75
1776120000,6926.75,6927.75,6926.75,6927.5
1776120060,6927.5,6928,6927.25,6927.5
1776120120,6927.5,6927.5,6926.75,6926.75
1776120180,6926.75,6926.75,6925.5,6925.75
1776120240,6925.75,6926.25,6925.5,6926.25
1776120300,6926.5,6927,6925.5,6926
1776120360,6926,6926,6925,6925.5
1776120420,6925.25,6925.75,6925,6925.5
1776120480,6925.5,6926,6925.5,6925.5
1776120540,6925.75,6925.75,6925.75,6925.75
1776120600,6926,6926.75,6925.75,6926
1776120660,6926.25,6926.25,6926,6926
1776120720,6926,6927,6926,6927
1776120780,6927,6927.25,6926.75,6927.25
1776120840,6927.5,6927.75,6927.25,6927.25
1776120900,6927.5,6928,6927.5,6928
1776120960,6928.25,6928.25,6927.75,6927.75
1776121020,6927.5,6927.5,6927.25,6927.25
1776121080,6927.25,6927.5,6927.25,6927.5
1776121140,6927.25,6927.5,6927.25,6927.25
1776121200,6927.5,6929.25,6927.25,6928.25
1776121260,6928.25,6928.5,6926.5,6927.5
1776121320,6927.25,6927.75,6925.25,6926.25
1776121380,6926.25,6927,6926.25,6926.75
1776121440,6926.75,6928.25,6926.75,6928
1776121500,6928,6929.5,6927.25,6928.75
1776121560,6928.75,6929,6928.5,6928.75
1776121620,6928.75,6930,6928.5,6929.75
1776121680,6929.5,6931.25,6929.25,6929.75
1776121740,6930,6930.75,6929.75,6930.5
1776121800,6930.5,6931.25,6930.25,6931
1776121860,6930.75,6930.75,6930,6930.5
1776121920,6930.5,6930.5,6930,6930.5
1776121980,6930.5,6931.75,6930.5,6930.75
1776122040,6930.5,6930.5,6929,6929.25
1776122100,6929.25,6929.75,6929.25,6929.5
1776122160,6929.25,6930,6929.25,6929.5
1776122220,6929.75,6930,6929.25,6929.5
1776122280,6929.5,6930,6929.25,6929.75
1776122340,6929.75,6929.75,6929.25,6929.5
1776122400,6929.25,6929.5,6928.75,6929
1776122460,6929,6929,6928.5,6928.5
1776122520,6928.75,6928.75,6928.5,6928.75
1776122580,6928.75,6928.75,6928.25,6928.5
1776122640,6928.5,6929,6928.25,6928.25
1776122700,6928.5,6928.75,6928,6928.5
1776122760,6928.5,6928.5,6928,6928.25
1776122820,6928.25,6928.5,6928,6928.25
1776122880,6928.25,6928.25,6928,6928
1776122940,6928,6928,6927.75,6928
1776123000,6927.75,6928,6927.25,6928
1776123060,6927.75,6928,6927.5,6927.5
1776123120,6927.25,6927.5,6926.75,6927.25
1776123180,6927.5,6928,6927.25,6928
1776123240,6927.75,6928,6927.5,6927.5
1776123300,6927.25,6927.5,6926.75,6927.25
1776123360,6927.25,6927.25,6926.75,6927
1776123420,6927.25,6927.75,6927.25,6927.75
1776123480,6927.75,6928.25,6927.75,6927.75
1776123540,6927.75,6928.25,6927.75,6928
1776123600,6928,6928.5,6927.75,6927.75
1776123660,6927.75,6928.25,6927.5,6928.25
1776123720,6928.25,6928.25,6927.75,6928.25
1776123780,6928,6928.75,6928,6928.75
1776123840,6928.5,6928.75,6928.5,6928.5
1776123900,6928.25,6929,6928.25,6928.75
1776123960,6929,6930,6928.75,6929
1776124020,6929,6929.25,6929,6929
1776124080,6929,6929,6927.75,6927.75
1776124140,6927.5,6928,6927,6927
1776124200,6927,6927.25,6926.25,6926.75
1776124260,6926.75,6926.75,6926,6926.25
1776124320,6926.25,6926.75,6926.25,6926.5
1776124380,6926.25,6926.75,6926.25,6926.5
1776124440,6926.5,6926.5,6925.5,6926
1776124500,6926,6926,6925.5,6925.5
1776124560,6925.5,6926,6925.25,6925.5
1776124620,6925.5,6927.25,6925,6926.25
1776124680,6926,6926,6925.5,6925.75
1776124740,6925.5,6925.75,6925.5,6925.75
1776124800,6925.75,6925.75,6923,6923
1776124860,6923,6923.75,6922.75,6923.25
1776124920,6923.25,6924,6923.25,6924
1776124980,6924,6925,6923.5,6923.75
1776125040,6923.75,6924,6922.75,6923
1776125100,6923,6923.25,6921.25,6921.5
1776125160,6921.75,6922.25,6920.5,6921.25
1776125220,6921.25,6922.25,6921,6921.5
1776125280,6921.75,6922.5,6921.5,6921.75
1776125340,6921.75,6922.5,6921.5,6922
1776125400,6922,6923,6921.75,6922.75
1776125460,6922.75,6923,6921.5,6922
1776125520,6922.25,6923.25,6922.25,6923.25
1776125580,6923.25,6923.75,6923.25,6923.5
1776125640,6923.75,6924.25,6923.75,6924.25
1776125700,6924.25,6925.5,6924,6924.5
1776125760,6924.75,6924.75,6923.75,6924.25
1776125820,6924.5,6924.5,6924,6924.5
1776125880,6924.5,6924.75,6924,6924.5
1776125940,6924.5,6924.5,6924,6924.25
1776126000,6924.25,6925.75,6924,6925.25
1776126060,6925.25,6925.25,6923.5,6923.5
1776126120,6923.75,6924,6923.5,6923.75
1776126180,6924,6924,6923,6923
1776126240,6923.25,6923.75,6923.25,6923.5
1776126300,6923.5,6923.5,6922.75,6922.75
1776126360,6923,6923.25,6922.25,6922.25
1776126420,6922.5,6923,6922.5,6923
1776126480,6923,6923,6922.5,6923
1776126540,6923,6923.5,6922.75,6923.25
1776126600,6923,6925,6923,6925
1776126660,6925,6926.25,6924.75,6926
1776126720,6926,6927,6925.5,6926.5
1776126780,6926.25,6927,6926.25,6926.5
1776126840,6926.75,6927.75,6926.5,6927.25
1776126900,6927.25,6927.5,6926.75,6927.5
1776126960,6927.5,6927.75,6926.75,6927.25
1776127020,6927,6927.5,6927,6927.25
1776127080,6927.25,6927.5,6927.25,6927.5
1776127140,6927.5,6927.75,6926.75,6927
1776127200,6927,6927.25,6926.75,6927
1776127260,6927,6927.25,6926.75,6926.75
1776127320,6926.75,6926.75,6926.25,6926.25
1776127380,6926.25,6926.5,6926,6926
1776127440,6926,6926.5,6926,6926.5
1776127500,6926.25,6926.75,6926,6926.25
1776127560,6926,6926,6925.25,6925.25
1776127620,6925.75,6926,6925.5,6925.75
1776127680,6925.75,6926.25,6925.75,6925.75
1776127740,6926,6926.25,6925.5,6925.75
1776127800,6925.5,6925.5,6924.5,6924.5
1776127860,6924.75,6925.25,6924.5,6924.5
1776127920,6924.75,6925.5,6924.75,6925.25
1776127980,6925.25,6925.25,6925,6925.25
1776128040,6925.25,6926,6925.25,6925.5
1776128100,6925.5,6925.75,6925,6925.5
1776128160,6925.5,6926,6925.25,6925.75
1776128220,6925.75,6926,6925.75,6925.75
1776128280,6926,6926,6925.75,6926
1776128340,6926,6926,6925.75,6926
1776128400,6926,6926,6924,6924
1776128460,6923.75,6924,6922.5,6922.75
1776128520,6922.75,6923.75,6922,6923.5
1776128580,6923.5,6924,6922.75,6923.25
1776128640,6923.25,6923.75,6923,6923.5
1776128700,6923.5,6924.75,6923.5,6924.25
1776128760,6924,6924.5,6924,6924.5
1776128820,6924.5,6924.75,6924,6924.25
1776128880,6924.25,6924.75,6924.25,6924.75
1776128940,6924.5,6924.5,6923.5,6923.75
1776129000,6924,6924,6923.75,6924
1776129060,6923.75,6923.75,6923.25,6923.75
1776129120,6923.75,6924.5,6923.75,6924.25
1776129180,6924,6924,6924,6924
1776129240,6924.25,6925,6924.25,6925
1776129300,6925,6925.5,6924.5,6925.25
1776129360,6925.25,6925.5,6925,6925.25
1776129420,6925,6925,6924.5,6925
1776129480,6925,6925,6924.5,6924.75
1776129540,6925,6925.5,6924.75,6925
1776129600,6924.75,6925.25,6924.75,6925
1776129660,6925.25,6926,6925,6925.5
1776129720,6925.5,6926,6925.5,6925.75
1776129780,6925.75,6925.75,6925,6925.5
1776129840,6925.25,6925.25,6923.5,6924
1776129900,6924,6924.75,6924,6924.75
1776129960,6924.75,6924.75,6924.25,6924.5
1776130020,6924.25,6924.5,6924.25,6924.5
1776130080,6924.5,6924.75,6924.25,6924.25
1776130140,6924.25,6924.75,6924.25,6924.5
1776130200,6924.25,6924.25,6922.75,6923.25
1776130260,6923.25,6923.25,6922.5,6923
1776130320,6923.25,6923.25,6922.75,6923.25
1776130380,6923.25,6923.75,6923.25,6923.5
1776130440,6923.25,6924.25,6923.25,6923.75
1776130500,6923.75,6924,6923.5,6923.5
1776130560,6923.5,6923.75,6923.25,6923.5
1776130620,6923.5,6923.75,6923.25,6923.25
1776130680,6923.5,6923.75,6923.25,6923.75
1776130740,6923.75,6924.5,6923.75,6924.25
1776130800,6924.25,6925.25,6924.25,6925
1776130860,6924.75,6924.75,6924.25,6924.25
1776130920,6924.25,6924.5,6924,6924
1776130980,6924.25,6924.75,6924,6924.75
1776131040,6924.75,6924.75,6924.5,6924.75
1776131100,6925,6925.75,6925,6925.5
1776131160,6925.25,6925.25,6925,6925
1776131220,6925.25,6925.75,6925.25,6925.25
1776131280,6925.5,6926,6925.25,6925.5
1776131340,6925.25,6925.5,6925,6925.25
1776131400,6925,6925.5,6925,6925.25
1776131460,6925.25,6925.25,6925,6925
1776131520,6925,6925,6924.5,6924.75
1776131580,6924.75,6925,6924.5,6924.75
1776131640,6925,6925.25,6924.75,6924.75
1776131700,6925,6925,6924.75,6925
1776131760,6925,6925,6924,6924.25
1776131820,6924.5,6924.75,6923.75,6924
1776131880,6923.75,6924,6923.5,6923.5
1776131940,6923.75,6924,6923.75,6923.75
1776132000,6923.75,6924,6923.5,6923.5
1776132060,6923.5,6923.75,6923.25,6923.5
1776132120,6923.25,6923.5,6923.25,6923.5
1776132180,6923.5,6924,6923.25,6924
1776132240,6923.75,6924.25,6923.75,6924.25
1776132300,6924,6924.75,6924,6924.75
1776132360,6924.5,6925.25,6924.5,6925
1776132420,6925.25,6925.75,6925,6925.75
1776132480,6925.75,6926.5,6925.5,6926.5
1776132540,6926.25,6926.5,6926,6926.25
1776132600,6926.25,6927.25,6926.25,6927.25
1776132660,6927.25,6927.25,6926.25,6926.5
1776132720,6926.5,6926.5,6926.25,6926.25
1776132780,6926.25,6926.25,6925.75,6926
1776132840,6926.25,6926.75,6926,6926.75
1776132900,6926.75,6927.25,6926.5,6927.25
1776132960,6927.25,6927.25,6926.75,6927
1776133020,6927,6927.25,6927,6927.25
1776133080,6926.75,6927,6926.5,6926.5
1776133140,6926.5,6926.75,6926.25,6926.5
1776133200,6926.25,6926.25,6925.75,6925.75
1776133260,6926,6926,6925,6925
1776133320,6925,6925.25,6924.75,6925
1776133380,6925,6925.5,6925,6925.5
1776133440,6925.25,6925.25,6924.5,6925
1776133500,6925,6925.25,6924.75,6925
1776133560,6925,6925.5,6925,6925.5
1776133620,6925.5,6926.25,6925.5,6926
1776133680,6926,6926.25,6925.75,6926
1776133740,6926,6926.75,6926,6926.5
1776133800,6926.25,6926.25,6925.75,6926
1776133860,6926,6926.25,6926,6926
1776133920,6926,6926,6925.25,6925.25
1776133980,6925.5,6925.75,6925.25,6925.5
1776134040,6925.5,6926,6925.5,6926
1776134100,6925.75,6925.75,6925.5,6925.5
1776134160,6925.5,6926,6925.25,6926
1776134220,6926,6926,6925.25,6925.5
1776134280,6925.75,6926,6925.5,6925.75
1776134340,6925.75,6926.5,6925.75,6926.5
1776134400,6926.25,6927.5,6926.25,6927.25
1776134460,6927.25,6927.25,6927,6927.25
1776134520,6927,6927,6926.75,6926.75
1776134580,6926.75,6926.75,6926.5,6926.75
1776134640,6926.75,6927,6926.25,6926.25
1776134700,6926.25,6926.75,6926.25,6926.75
1776134760,6926.5,6926.5,6926,6926.25
1776134820,6926.25,6926.25,6926,6926.25
1776134880,6926.5,6926.5,6925.75,6926
1776134940,6926,6926,6925.75,6926
1776135000,6925.75,6926,6925.25,6925.75
1776135060,6925.75,6925.75,6925.5,6925.75
1776135120,6925.5,6925.75,6925.25,6925.5
1776135180,6925.5,6925.5,6925,6925.25
1776135240,6925.25,6925.25,6924.75,6925
1776135300,6925,6925,6924.75,6925
1776135360,6925,6925.5,6924.75,6925.5
1776135420,6925.25,6925.5,6925,6925.25
1776135480,6925.25,6925.5,6925.25,6925.5
1776135540,6925.5,6925.75,6925.5,6925.5
1776135600,6925.75,6925.75,6924.75,6924.75
1776135660,6924.75,6924.75,6924,6924.25
1776135720,6924.25,6924.5,6924,6924
1776135780,6924,6924.25,6923,6924
1776135840,6924,6924.25,6924,6924.25
1776135900,6924,6924.25,6923.5,6923.5
1776135960,6923.5,6924,6923.5,6923.75
1776136020,6923.75,6923.75,6923.25,6923.25
1776136080,6923.25,6923.5,6923.25,6923.25
1776136140,6923.5,6923.5,6922.75,6923.25
1776136200,6923.5,6923.75,6923.5,6923.75
1776136260,6923.75,6924,6923.75,6924
1776136320,6924,6924.25,6924,6924
1776136380,6923.75,6924,6923.5,6923.75
1776136440,6923.75,6923.75,6923.5,6923.5
1776136500,6923.5,6924,6923.5,6923.75
1776136560,6923.75,6924,6923.5,6923.5
1776136620,6923.5,6923.5,6923.25,6923.25
1776136680,6923.25,6923.5,6923,6923.25
1776136740,6923.5,6923.75,6923.5,6923.75
1776136800,6923.5,6923.5,6923,6923
1776136860,6923.25,6923.5,6923,6923.5
1776136920,6923.5,6923.75,6923.5,6923.5
1776136980,6923.5,6923.5,6922.75,6923.25
1776137040,6923,6923.25,6923,6923
1776137100,6923.25,6923.25,6922.5,6923
1776137160,6923,6923,6922.25,6922.25
1776137220,6922.5,6922.75,6922.25,6922.5
1776137280,6922.5,6922.75,6922.25,6922.75
1776137340,6922.75,6923,6922.5,6923
1776137400,6923,6923.5,6923,6923.25
1776137460,6923.25,6923.25,6922.75,6922.75
1776137520,6922.75,6923,6922.5,6922.75
1776137580,6922.75,6923.25,6922.75,6923.25
1776137640,6923.25,6923.25,6922.5,6922.5
1776137700,6922.5,6922.5,6922.25,6922.25
1776137760,6922.25,6922.5,6922,6922.25
1776137820,6922.5,6922.75,6922.5,6922.75
1776137880,6922.75,6922.75,6922.5,6922.75
1776137940,6922.75,6922.75,6922.75,6922.75
1776138000,6922.75,6923,6922.5,6923
1776138060,6923,6923.5,6923,6923
1776138120,6923,6923.25,6922.75,6923
1776138180,6923.25,6923.25,6923,6923.25
1776138240,6923,6923.5,6923,6923.25
1776138300,6923,6923.25,6922.5,6923.25
1776138360,6923.25,6923.5,6923,6923.25
1776138420,6923.5,6923.5,6923,6923
1776138480,6923,6923,6922.75,6923
1776138540,6923.25,6923.5,6923,6923.5
1776138600,6923.5,6924,6923.5,6924
1776138660,6924,6924.5,6924,6924.25
1776138720,6924,6924.25,6924,6924
1776138780,6924,6924.25,6923.75,6923.75
1776138840,6923.75,6924,6923.75,6923.75
1776138900,6923.75,6924.25,6923.75,6924.25
1776138960,6924.25,6924.5,6924.25,6924.5
1776139020,6924.25,6924.75,6924.25,6924.5
1776139080,6924.75,6924.75,6924.25,6924.5
1776139140,6924.25,6924.5,6924,6924.25
1776139200,6924,6924,6923.5,6923.75
1776139260,6923.75,6924,6923.5,6924
1776139320,6924,6924.25,6924,6924.25
1776139380,6924.25,6924.25,6924,6924
1776139440,6923.75,6924.25,6923.75,6924.25
1776139500,6924.25,6924.5,6924,6924
1776139560,6924,6924.25,6924,6924.25
1776139620,6924,6924.25,6924,6924
1776139680,6924,6924.25,6923.75,6924
1776139740,6924,6924,6924,6924
1776139800,6924.25,6924.25,6923.5,6923.5
1776139860,6923.75,6923.75,6923.5,6923.5
1776139920,6923.75,6923.75,6923.5,6923.5
1776139980,6923.75,6923.75,6923.5,6923.75
1776140040,6923.5,6923.75,6923.5,6923.75
1776140100,6923.75,6924.75,6923.75,6924.75
1776140160,6924.5,6925,6924.25,6924.75
1776140220,6925,6925.5,6925,6925.25
1776140280,6925.25,6925.75,6925,6925.25
1776140340,6925.25,6925.5,6925.25,6925.25
1776140400,6925,6925.75,6924.75,6925.25
1776140460,6925.5,6925.5,6925,6925.25
1776140520,6925.25,6925.5,6925.25,6925.5
1776140580,6925.25,6925.5,6924.5,6924.5
1776140640,6924.75,6925,6924.75,6925
1776140700,6925.25,6925.5,6925,6925.25
1776140760,6925.25,6925.5,6925,6925
1776140820,6925.25,6925.5,6925,6925.25
1776140880,6925,6925,6924.5,6924.75
1776140940,6924.75,6924.75,6924.75,6924.75
1776141000,6924.75,6925,6924.5,6924.5
1776141060,6924.5,6924.75,6924.5,6924.5
1776141120,6924.5,6924.75,6924.25,6924.75
1776141180,6924.75,6925,6924.5,6924.75
1776141240,6924.75,6924.75,6924.5,6924.5
1776141300,6924.5,6925,6924.5,6924.5
1776141360,6924.5,6924.75,6924.5,6924.5
1776141420,6924.5,6924.75,6924.25,6924.5
1776141480,6924.25,6924.25,6923.75,6924
1776141540,6924,6924.25,6924,6924.25
1776141600,6924,6924,6923.75,6924
1776141660,6924,6924.5,6923.75,6924.25
1776141720,6924,6924.25,6923.75,6924.25
1776141780,6924,6924.25,6923.75,6924
1776141840,6924,6924.25,6924,6924
1776141900,6924.25,6924.5,6924.25,6924.5
1776141960,6924.5,6924.75,6924.25,6924.5
1776142020,6924.75,6925.25,6924.75,6925
1776142080,6925,6925,6924.75,6925
1776142140,6925,6925.25,6924.75,6925.25
1776142200,6925.25,6925.25,6925,6925.25
1776142260,6925.25,6925.25,6925,6925.25
1776142320,6925.25,6925.5,6925.25,6925.25
1776142380,6925.5,6925.5,6925.25,6925.25
1776142440,6925.25,6925.25,6925,6925
1776142500,6925,6925.25,6925,6925.25
1776142560,6925.25,6925.5,6925.25,6925.25
1776142620,6925.25,6925.25,6925,6925
1776142680,6925,6925.25,6925,6925.25
1776142740,6925,6925.25,6925,6925.25
1776142800,6925.25,6925.5,6924.75,6925
1776142860,6924.75,6925,6924.5,6925
1776142920,6924.75,6925,6924.5,6925
1776142980,6925,6925.25,6924.75,6925.25
1776143040,6925,6925.25,6924.75,6924.75
1776143100,6924.75,6925,6924.5,6925
1776143160,6924.75,6925,6924.75,6925
1776143220,6925.25,6925.25,6925,6925.25
1776143280,6925,6925.25,6924.75,6924.75
1776143340,6924.75,6925.25,6924.75,6925
1776143400,6925.25,6925.5,6925,6925.25
1776143460,6925.25,6925.25,6925,6925
1776143520,6924.75,6925.25,6924.75,6925
1776143580,6924.75,6925,6924.75,6924.75
1776143640,6925,6925.25,6925,6925.25
1776143700,6925.5,6926,6925.25,6925.25
1776143760,6925,6925.5,6925,6925.5
1776143820,6925.25,6925.25,6925,6925
1776143880,6925.25,6925.25,6925,6925
1776143940,6925.25,6925.5,6925,6925.25
1776144000,6925.25,6925.5,6925.25,6925.5
1776144060,6925.5,6925.75,6925.5,6925.75
1776144120,6925.5,6925.5,6925,6925
1776144180,6924.75,6925,6923.75,6924.75
1776144240,6924.5,6924.5,6924,6924
1776144300,6924,6924,6923.25,6924
1776144360,6923.75,6924.25,6923.75,6924.25
1776144420,6924.25,6924.5,6924,6924
1776144480,6924.25,6924.25,6923.5,6923.5
1776144540,6924,6925.25,6924,6924.75
1776144600,6924.75,6924.75,6924,6924.25
1776144660,6924.25,6924.25,6923,6923.25
1776144720,6923.25,6923.75,6922.75,6923.25
1776144780,6923.25,6923.25,6922.75,6922.75
1776144840,6922.75,6923,6921.75,6922
1776144900,6922,6922.25,6921.75,6922.25
1776144960,6922.25,6922.75,6922,6922.25
1776145020,6922.25,6922.5,6921.5,6921.75
1776145080,6921.75,6922.25,6921.75,6921.75
1776145140,6921.75,6922.25,6921.75,6922
1776145200,6922,6922.5,6922,6922.5
1776145260,6922.5,6923,6922.5,6922.75
1776145320,6922.75,6922.75,6922.25,6922.5
1776145380,6922.5,6922.75,6922.25,6922.75
1776145440,6923,6923.25,6922.75,6922.75
1776145500,6922.5,6923,6922.5,6923
1776145560,6923,6923.25,6922.75,6923
1776145620,6923.25,6923.75,6923.25,6923.5
1776145680,6923.75,6923.75,6923.25,6923.25
1776145740,6923.25,6923.5,6923,6923.25
1776145800,6923,6923,6922.75,6923
1776145860,6922.75,6923,6922.75,6922.75
1776145920,6922.5,6922.5,6922,6922.25
1776145980,6922.25,6922.25,6921.75,6922
1776146040,6922,6922.5,6922,6922.5
1776146100,6922.5,6922.5,6922.25,6922.5
1776146160,6922.5,6922.75,6922.25,6922.25
1776146220,6922.5,6922.5,6922.25,6922.25
1776146280,6922.25,6922.5,6922,6922
1776146340,6922.25,6922.25,6921.75,6922
1776146400,6922,6922.25,6921.75,6922.25
1776146460,6922.25,6922.5,6921.75,6922.25
1776146520,6922,6922.5,6921.75,6922.25
1776146580,6922.5,6922.75,6922.5,6922.5
1776146640,6922.5,6922.75,6922,6922.25
1776146700,6922,6922.25,6921.25,6922.25
1776146760,6922.25,6922.25,6921.75,6922.25
1776146820,6922.25,6922.25,6921.75,6921.75
1776146880,6922,6922.25,6921.75,6922
1776146940,6922,6922,6921.5,6921.75
1776147000,6921.5,6921.75,6921.25,6921.5
1776147060,6921.5,6921.5,6920.75,6921.5
1776147120,6921.5,6922.25,6921.5,6922.25
1776147180,6922.25,6922.5,6921.75,6922
1776147240,6922,6922.25,6921.5,6921.5
1776147300,6921.5,6921.5,6921,6921.25
1776147360,6921.25,6921.25,6920.25,6920.25
1776147420,6920.5,6921.25,6920.5,6921.25
1776147480,6921,6921.75,6920.75,6921.25
1776147540,6921,6921.25,6920.75,6921.25
1776147600,6921.25,6922.25,6921.25,6922.25
1776147660,6922,6922.25,6921.75,6922.25
1776147720,6922,6922,6921.5,6921.5
1776147780,6921.5,6921.5,6921,6921
1776147840,6921,6921.75,6920.75,6921.75
1776147900,6921.75,6922,6921.25,6921.5
1776147960,6921.75,6922.25,6921.75,6922
1776148020,6922,6922.75,6921.75,6922.5
1776148080,6922.5,6923.5,6922.5,6923.25
1776148140,6923.5,6924,6923.25,6923.25
1776148200,6923,6924.25,6923,6923.5
1776148260,6923.25,6923.5,6922.5,6922.75
1776148320,6922.75,6923,6922.5,6922.5
1776148380,6922.75,6923.5,6922.75,6923.25
1776148440,6923.25,6924.25,6923.25,6924.25
1776148500,6924.25,6925.25,6924.25,6925
1776148560,6925.25,6926,6925,6925.25
1776148620,6925.5,6926.75,6925.5,6926
1776148680,6926,6927.25,6925.75,6926.5
1776148740,6926.25,6926.75,6926,6926.25
1776148800,6926,6926.25,6925.75,6926.25
1776148860,6926.25,6927.25,6926,6927.25
1776148920,6927.25,6927.5,6927,6927
1776148980,6926.75,6927.5,6926.5,6926.75
1776149040,6926.75,6926.75,6926,6926.25
1776149100,6926.25,6926.25,6925.75,6926
1776149160,6926,6926.25,6925.25,6926.25
1776149220,6926.25,6926.25,6924.75,6925
1776149280,6925.25,6925.25,6925,6925
1776149340,6925.25,6925.25,6925,6925
1776149400,6925,6925,6924.75,6924.75
1776149460,6924.75,6924.75,6924.5,6924.5
1776149520,6924.75,6924.75,6923.75,6924
1776149580,6923.75,6924.25,6923.75,6924
1776149640,6924.25,6924.25,6923.75,6924
1776149700,6924.25,6924.25,6923.5,6923.75
1776149760,6924,6924,6924,6924
1776149820,6924,6925.25,6924,6925.25
1776149880,6925.25,6925.75,6924.5,6925.5
1776149940,6925.5,6926.75,6925.5,6926
1776150000,6926,6926.25,6925,6925.25
1776150060,6925.25,6925.5,6924.75,6925
1776150120,6925,6930.25,6924.75,6928
1776150180,6927.75,6930,6927,6930
1776150240,6930,6930.75,6929,6929.75
1776150300,6929.5,6933.5,6929.25,6933.5
1776150360,6933.25,6936.5,6931.25,6931.25
1776150420,6931.25,6933,6931,6932.75
1776150480,6932.5,6935.5,6931.75,6935.25
1776150540,6935,6936.25,6934.75,6935.5
1776150600,6935.5,6936,6932.75,6933.25
1776150660,6933.25,6933.5,6931.25,6932
1776150720,6932,6934.5,6932,6933.25
1776150780,6933.25,6934.25,6932.25,6933.75
1776150840,6933.75,6935,6933,6933.75
1776150900,6933.75,6934.5,6933,6933.5
1776150960,6933.5,6933.5,6931.75,6932.25
1776151020,6932.25,6933.75,6932.25,6933
1776151080,6933,6933.75,6932.75,6933
1776151140,6933,6933.5,6931.75,6932
1776151200,6932,6933,6932,6932.5
1776151260,6932.75,6935.5,6932.25,6935.5
1776151320,6935.5,6936,6934,6934
1776151380,6934,6934.75,6932.75,6932.75
1776151440,6932.5,6933.25,6931.75,6931.75
1776151500,6931.75,6933.5,6931.25,6932.75
1776151560,6932.5,6933.5,6932.5,6933.25
1776151620,6933,6934.5,6933,6934.5
1776151680,6934.5,6935,6934,6934.75
1776151740,6934.75,6934.75,6933.75,6934
1776151800,6933.75,6938,6933.75,6935.75
1776151860,6935.75,6937,6935.75,6936.75
1776151920,6936.75,6937.25,6936.25,6936.5
1776151980,6936.5,6937,6935.75,6936.25
1776152040,6936,6936.25,6935.25,6935.5
1776152100,6935.5,6936,6935,6935.75
1776152160,6935.5,6936.5,6935.25,6936.25
1776152220,6936,6936.5,6934.75,6936.5
1776152280,6936.75,6937,6935.75,6936.5
1776152340,6936.5,6937.25,6936,6936.75
1776152400,6936.75,6938,6936.75,6937.5
1776152460,6937.5,6937.5,6935,6935
1776152520,6935,6935,6933.5,6933.5
1776152580,6933.75,6934.75,6933.75,6934
1776152640,6933.75,6934,6932.25,6933.5
1776152700,6933.25,6934.75,6933,6934.25
1776152760,6934,6934.5,6934,6934
1776152820,6934.25,6935,6934.25,6934.5
1776152880,6934.5,6935,6934,6934.25
1776152940,6934.25,6934.5,6933.5,6933.75
1776153000,6933.75,6933.75,6933.25,6933.5
1776153060,6933.25,6934,6933.25,6934
1776153120,6933.75,6933.75,6932.25,6932.25
1776153180,6932.5,6932.75,6931.25,6932
1776153240,6932,6932.75,6931.75,6932.5
1776153300,6932.5,6934,6932.5,6933.75
1776153360,6933.75,6934.25,6933.5,6933.5
1776153420,6933.75,6934,6933.25,6934
1776153480,6934,6934.25,6933.75,6934
1776153540,6934,6934.25,6933,6933.25
1776153600,6933.25,6934,6932.75,6933.75
1776153660,6933.75,6934,6933.25,6933.5
1776153720,6933.5,6933.5,6931.75,6931.75
1776153780,6931.75,6933.5,6931.75,6933.5
1776153840,6933.75,6935.5,6933.75,6934.75
1776153900,6934.75,6935,6934.25,6934.5
1776153960,6934.5,6935.75,6934.25,6935.5
1776154020,6935.25,6935.25,6934.25,6934.5
1776154080,6934.25,6934.25,6933.25,6934.25
1776154140,6934,6935,6933.75,6934
1776154200,6934,6934,6933,6933.5
1776154260,6933.5,6937,6933.25,6934.25
1776154320,6934,6935.5,6933.5,6935
1776154380,6934.75,6935.5,6934.5,6935
1776154440,6935,6936,6935,6935.5
1776154500,6935.5,6937,6935,6937
1776154560,6936.75,6937,6935,6935.5
1776154620,6935.5,6936,6933.5,6933.5
1776154680,6933.5,6935.5,6932.75,6935.5
1776154740,6935.25,6935.75,6935.25,6935.5
1776154800,6935.25,6936.5,6935.25,6936
1776154860,6936,6936,6934.75,6935
1776154920,6935.25,6936.25,6934.75,6936
1776154980,6936,6936.25,6935,6935
1776155040,6935,6935.5,6935,6935.5
1776155100,6935.75,6936.75,6935.75,6936.25
1776155160,6936.25,6936.5,6936,6936
1776155220,6936,6936.75,6935.75,6936.5
1776155280,6936.75,6937.25,6936.25,6936.5
1776155340,6936.75,6937,6936.5,6936.75
1776155400,6937,6939,6937,6938.75
1776155460,6938.75,6938.75,6936.5,6937.25
1776155520,6937.25,6937.75,6936.5,6936.75
1776155580,6936.75,6937,6936.5,6936.5
1776155640,6936.75,6937,6936,6936.75
1776155700,6936.75,6937.25,6935.25,6935.5
1776155760,6935.5,6935.75,6934.5,6934.75
1776155820,6934.75,6936.5,6934.75,6936.25
1776155880,6936.5,6936.5,6936,6936.25
1776155940,6936.5,6937.25,6936.25,6937.25
1776156000,6937,6937.25,6936.25,6936.75
1776156060,6936.75,6937.25,6936.25,6937
1776156120,6937,6938,6936.5,6936.5
1776156180,6936.5,6937,6936,6937
1776156240,6937,6938.25,6937,6937.5
1776156300,6937.75,6938.75,6937.5,6938.5
1776156360,6938.5,6938.5,6937.75,6938.25
1776156420,6938.25,6938.75,6938.25,6938.5
1776156480,6938.5,6939.25,6938.25,6939
1776156540,6939,6939.5,6938.75,6939
1776156600,6939,6939.25,6938.75,6939.25
1776156660,6939.25,6940.75,6939.25,6939.75
1776156720,6940,6940.5,6939.25,6939.5
1776156780,6939.25,6939.25,6938.5,6938.75
1776156840,6938.75,6939.75,6938.75,6939.75
1776156900,6939.75,6939.75,6939.25,6939.25
1776156960,6939.25,6939.5,6938.75,6938.75
1776157020,6939,6939.75,6938.75,6939.75
1776157080,6939.75,6939.75,6939,6939.25
1776157140,6939,6940,6939,6939.75
1776157200,6940,6940.5,6940,6940.25
1776157260,6940.5,6942,6940.5,6942
1776157320,6941.75,6942.25,6941.5,6941.75
1776157380,6941.75,6942,6941.75,6942
1776157440,6941.75,6942.25,6941.5,6941.75
1776157500,6942,6942,6940.75,6940.75
1776157560,6940.75,6940.75,6939.75,6940.5
1776157620,6940.5,6940.5,6940,6940.25
1776157680,6940,6940.5,6939.5,6940.25
1776157740,6940.25,6941.25,6940.25,6941.25
1776157800,6941,6941,6940.25,6941
1776157860,6941,6941,6940.25,6940.75
1776157920,6940.75,6941.25,6940.75,6940.75
1776157980,6940.5,6941.25,6939.5,6941.25
1776158040,6941,6941,6940.5,6941
1776158100,6941,6941.25,6940.5,6940.75
1776158160,6940.75,6941.5,6940.75,6941.25
1776158220,6941.25,6941.75,6941,6941.75
1776158280,6941.5,6941.75,6940.5,6940.5
1776158340,6940.5,6940.5,6939.25,6939.25
1776158400,6939.25,6939.5,6938.75,6939.25
1776158460,6939.25,6939.5,6939,6939
1776158520,6939,6939,6937.75,6938
1776158580,6938.25,6938.75,6938,6938.75
1776158640,6938.5,6939.25,6938.5,6939
1776158700,6939,6939,6937.25,6937.25
1776158760,6937.25,6937.5,6936.5,6936.75
1776158820,6936.75,6938,6936.75,6937.75
1776158880,6938,6938.25,6937.5,6937.5
1776158940,6937.5,6937.5,6937.25,6937.25
1776159000,6937,6937,6935.25,6936.25
1776159060,6936.25,6936.5,6935.25,6935.25
1776159120,6935.5,6936,6935.5,6936
1776159180,6936.25,6936.5,6932.75,6935.5
1776159240,6935.25,6935.75,6934.75,6935.25
1776159300,6935.25,6935.5,6934.75,6934.75
1776159360,6935,6935.75,6935,6935.75
1776159420,6935.5,6935.75,6935.25,6935.25
1776159480,6935.5,6936.25,6935.25,6936
1776159540,6935.75,6936,6935.25,6935.5
1776159600,6935.5,6936.25,6935.5,6936
1776159660,6936,6936,6934.75,6934.75
1776159720,6934.75,6935,6933.75,6934.5
1776159780,6934.5,6934.75,6934,6934.25
1776159840,6934.5,6934.75,6934.25,6934.5
1776159900,6934.5,6934.5,6934,6934
1776159960,6933.75,6934.5,6933,6933.75
1776160020,6933.5,6933.75,6933,6933.25
1776160080,6933.5,6933.75,6933,6933
1776160140,6933,6933.5,6933,6933.25
1776160200,6933,6934.25,6933,6933.75
1776160260,6933.75,6934,6933.75,6933.75
1776160320,6933.75,6934,6933.5,6933.75
1776160380,6933.75,6934.25,6933.75,6934
1776160440,6934,6934,6932.5,6933.25
1776160500,6933.25,6933.5,6932.75,6933.5
1776160560,6933.5,6934.25,6933.5,6934.25
1776160620,6934,6934.25,6933,6933.25
1776160680,6933,6933.5,6932.75,6933.5
1776160740,6933.5,6934.25,6933.25,6933.5
1776160800,6933.5,6934.25,6933.25,6933.25
1776160860,6933.5,6934,6933.5,6933.75
1776160920,6933.75,6933.75,6931.25,6932.5
1776160980,6932.25,6932.75,6932.25,6932.25
1776161040,6932.5,6934,6932.5,6934
1776161100,6934,6935,6934,6934.75
1776161160,6935,6935,6934.5,6934.75
1776161220,6934.75,6936,6934.5,6935.75
1776161280,6936,6936.5,6935.5,6935.5
1776161340,6935.75,6936.5,6935.75,6936.25
1776161400,6936.25,6936.5,6936,6936.25
1776161460,6936,6936.25,6935.25,6935.5
1776161520,6935.5,6935.75,6934.75,6935.5
1776161580,6935.5,6936,6935.25,6935.5
1776161640,6935.5,6936,6935,6935.75
1776161700,6935.75,6936,6935.25,6936
1776161760,6936,6936.25,6935.75,6936.25
1776161820,6936.5,6936.5,6935.5,6935.75
1776161880,6935.75,6936,6935.5,6935.75
1776161940,6935.75,6937.25,6935.75,6937
1776162000,6936.75,6936.75,6935.25,6935.75
1776162060,6936,6936,6934.75,6935.5
1776162120,6935.5,6936.25,6935.25,6936
1776162180,6936.25,6936.25,6935.75,6936
1776162240,6936,6936.5,6935.75,6936.25
1776162300,6936.25,6936.25,6935.75,6935.75
1776162360,6935.5,6936,6934.75,6935
1776162420,6935,6935.5,6935,6935.5
1776162480,6935.5,6936,6935.25,6935.5
1776162540,6935.25,6935.5,6933.5,6935.5
1776162600,6935.5,6935.75,6934.5,6935.75
1776162660,6935.5,6935.5,6935,6935.25
1776162720,6935,6936,6934.25,6934.75
1776162780,6934.5,6934.5,6932.75,6934
1776162840,6934.25,6935.25,6933.25,6933.75
1776162900,6934,6936.5,6934,6935.5
1776162960,6935.75,6936.25,6934,6934.25
1776163020,6934.5,6934.75,6932.75,6933.5
1776163080,6933.5,6933.75,6930,6930.25
1776163140,6930.5,6930.5,6929.5,6929.75
1776163200,6929.75,6931.25,6929.5,6930.75
1776163260,6930.5,6931.25,6930,6930
1776163320,6930,6930.25,6929,6929.75
1776163380,6929.5,6930.25,6928.75,6928.75
1776163440,6928.75,6928.75,6928,6928.5
1776163500,6928.75,6930.5,6928.25,6930.25
1776163560,6930.5,6930.75,6930,6930
1776163620,6930,6930,6928.75,6928.75
1776163680,6929,6929.25,6928.25,6929
1776163740,6928.75,6930.75,6928.75,6930.5
1776163800,6930.5,6930.75,6930,6930.75
1776163860,6930.75,6931.5,6930.5,6931
1776163920,6931.25,6932.25,6931.25,6931.75
1776163980,6931.75,6931.75,6930.75,6931.25
1776164040,6931,6931.5,6930.75,6931.5
1776164100,6931.5,6931.75,6931,6931.75
1776164160,6931.75,6932,6931.5,6931.5
1776164220,6931.5,6931.75,6931.25,6931.75
1776164280,6931.75,6932,6931,6931
1776164340,6931,6931.25,6929,6929.5
1776164400,6929.25,6929.75,6928,6929.75
1776164460,6929.75,6930.25,6929,6929.75
1776164520,6929.75,6931,6929.75,6930.75
1776164580,6930.75,6930.75,6930,6930
1776164640,6930,6930.5,6929.5,6930.25
1776164700,6930.25,6931,6930.25,6930.5
1776164760,6930.75,6931.75,6930.5,6931.25
1776164820,6931.5,6931.75,6930.25,6930.5
1776164880,6930.25,6931.25,6930,6931
1776164940,6930.75,6930.75,6930,6930.75
1776165000,6931,6932,6931,6931.75
1776165060,6931.75,6932.25,6931.5,6932
1776165120,6932,6932.25,6931.75,6932
1776165180,6932,6933,6931.75,6931.75
1776165240,6932,6932.5,6931.25,6931.5
1776165300,6931.5,6932.5,6931.5,6932.25
1776165360,6932,6933.5,6931.75,6933
1776165420,6932.75,6933.25,6932,6932
1776165480,6932,6933,6931.75,6932.75
1776165540,6932.75,6933.75,6932.75,6933.5
1776165600,6933.75,6935.5,6933.75,6935
1776165660,6935,6935,6934,6934.25
1776165720,6934,6934.75,6934,6934.5
1776165780,6934.75,6935.5,6934,6935.25
1776165840,6935.25,6936,6935.25,6935.75
1776165900,6935.75,6936,6935.25,6936
1776165960,6936,6937.5,6936,6936.25
1776166020,6936.25,6936.5,6935.75,6935.75
1776166080,6936,6937,6935.75,6936.5
1776166140,6936.5,6936.5,6936,6936.25
1776166200,6936.5,6937.5,6935.75,6936.75
1776166260,6936.75,6937,6936.25,6936.5
1776166320,6936.5,6936.5,6935.25,6935.5
1776166380,6935.75,6936,6935,6935.25
1776166440,6935,6935.5,6934.25,6935.25
1776166500,6935.5,6935.75,6935,6935.5
1776166560,6935.75,6936.5,6935.75,6936
1776166620,6936,6936,6935.25,6935.75
1776166680,6935.75,6936,6935.25,6935.75
1776166740,6935.75,6936.75,6935.5,6936.5
1776166800,6936.5,6937.25,6936,6936.75
1776166860,6936.5,6936.75,6936,6936
1776166920,6936,6936.75,6936,6936.5
1776166980,6936.25,6936.25,6935.5,6935.75
1776167040,6936,6936,6935.25,6935.25
1776167100,6935.25,6935.5,6935,6935.5
1776167160,6935.5,6936,6935.25,6935.25
1776167220,6935.5,6935.75,6934.75,6935.75
1776167280,6935.75,6939,6935.5,6936.25
1776167340,6936.25,6936.75,6936,6936
1776167400,6936.25,6937.5,6936.25,6936.25
1776167460,6936.5,6937.25,6936.25,6936.75
1776167520,6936.75,6937,6936.5,6936.75
1776167580,6936.5,6937.25,6936.25,6937
1776167640,6936.75,6937.25,6936.25,6936.25
1776167700,6936.25,6936.5,6935.75,6936
1776167760,6935.75,6936.25,6935.5,6936
1776167820,6936,6945.25,6934.75,6943.25
1776167880,6942.75,6944.5,6939.25,6941.25
1776167940,6941,6941,6938,6939
1776168000,6939.25,6941.75,6939,6941
1776168060,6941,6941.75,6940.25,6940.5
1776168120,6940.75,6942,6940.25,6942
1776168180,6941.75,6942.75,6941.5,6942
1776168240,6942,6942.25,6940.5,6941.25
1776168300,6941,6942.75,6940.5,6942
1776168360,6942,6942,6940.25,6941.25
1776168420,6941.25,6941.25,6940.5,6941
1776168480,6941,6942.25,6941,6942
1776168540,6941.75,6942.25,6941.25,6941.75
1776168600,6941.75,6944.75,6941.75,6943
1776168660,6943,6943,6941,6941.5
1776168720,6941.5,6942,6940,6940.25
1776168780,6940.25,6941,6940,6940.75
1776168840,6940.5,6941,6939.75,6940.5
1776168900,6940.5,6941,6939.75,6940.5
1776168960,6940.25,6942,6940,6941.5
1776169020,6941.25,6942.5,6941.25,6942.25
1776169080,6942.5,6942.75,6942,6942.75
1776169140,6942.75,6942.75,6941.75,6942.5
1776169200,6942.25,6942.25,6940,6940
1776169260,6940,6940.25,6939.25,6939.75
1776169320,6939.75,6940.25,6938,6938.5
1776169380,6938.5,6940.25,6938.5,6939.75
1776169440,6939.75,6940,6937.25,6937.75
1776169500,6937.5,6938.75,6937.25,6938
1776169560,6938.25,6943,6938.25,6942
1776169620,6942,6943.5,6941.75,6943
1776169680,6942.75,6943.25,6942.25,6943
1776169740,6943,6945,6942.75,6944.75
1776169800,6944.75,6949.5,6941.25,6942
1776169860,6941.75,6942,6939,6940.75
1776169920,6940.75,6942,6940.25,6941.75
1776169980,6941.5,6941.75,6940,6941.25
1776170040,6941,6942,6940.25,6941.5
1776170100,6941.75,6942.5,6941,6941.25
1776170160,6941.25,6943,6940.25,6940.5
1776170220,6940.5,6941,6939.5,6939.75
1776170280,6939.75,6943.5,6939.5,6940.75
1776170340,6941,6941.75,6941,6941.5
1776170400,6941.75,6943.25,6941.25,6942.25
1776170460,6942.25,6943.25,6941.5,6942.5
1776170520,6942.5,6942.5,6940.75,6941
1776170580,6940.75,6942.25,6940.25,6940.25
1776170640,6940.25,6941.5,6940.25,6940.75
1776170700,6941,6941.25,6940.25,6940.5
1776170760,6940.5,6940.5,6939.25,6939.75
1776170820,6939.75,6940.25,6939.5,6940
1776170880,6940,6940.5,6939.25,6940
1776170940,6940,6940.75,6939.75,6940.5
1776171000,6940.5,6940.75,6939,6939.25
1776171060,6939.25,6940.25,6939,6939
1776171120,6938.75,6939,6937.5,6938.25
1776171180,6938,6938.75,6936.5,6937.25
1776171240,6937.25,6938.5,6936.75,6938.5
1776171300,6938.5,6939,6937.25,6938.75
1776171360,6938.75,6939.5,6937.75,6938.75
1776171420,6938.5,6939,6938,6938.5
1776171480,6938.25,6939,6938.25,6939
1776171540,6939,6940.25,6938.75,6939.75
1776171600,6939.75,6939.75,6938.5,6939
1776171660,6939,6939,6937.25,6937.5
1776171720,6937.5,6938.5,6937.5,6937.5
1776171780,6937.5,6939,6937.25,6939
1776171840,6939,6939,6938.25,6938.75
1776171900,6938.75,6939,6937.5,6937.75
1776171960,6937.75,6938.75,6937.5,6938.75
1776172020,6939,6939.25,6937.5,6937.75
1776172080,6937.75,6938.25,6937.25,6938.25
1776172140,6938,6938.25,6937.75,6938
1776172200,6937.75,6939.5,6937.5,6939
1776172260,6939.25,6939.5,6938.75,6939.25
1776172320,6939.25,6940,6938.5,6940
1776172380,6939.75,6940.5,6939.5,6940.25
1776172440,6940.25,6941.5,6940,6940
1776172500,6940.25,6941.5,6940,6941.5
1776172560,6941.5,6941.5,6940.75,6941.25
1776172620,6941.25,6942.5,6941.25,6942.5
1776172680,6942.5,6942.75,6942,6942.25
1776172740,6942,6942.5,6941.25,6942
1776172800,6942,6942,6941.25,6941.5
1776172860,6941.5,6941.75,6939.5,6940
1776172920,6940,6941,6939.75,6940.5
1776172980,6940.5,6942,6940.5,6941.75
1776173040,6942,6942.25,6941.25,6941.5
1776173100,6941.5,6941.5,6940.25,6940.25
1776173160,6940.5,6940.5,6938.75,6939
1776173220,6939,6939.5,6937.75,6938
1776173280,6937.75,6940.5,6937.75,6939.75
1776173340,6939.75,6939.75,6937.5,6937.75
1776173400,6937.75,6946,6937.5,6941
1776173460,6941,6943.5,6939.75,6943.25
1776173520,6943.25,6945.25,6942,6942.75
1776173580,6942.75,6946,6942.5,6946
1776173640,6946.25,6947.25,6945.25,6945.75
1776173700,6945.75,6950,6945.25,6950
1776173760,6950,6951.5,6948.25,6950.5
1776173820,6950.25,6954,6949,6953.75
1776173880,6953.75,6954.75,6952.25,6954.75
1776173940,6954.5,6954.75,6950.75,6951.5
1776174000,6951.5,6954.25,6951,6953
1776174060,6953,6955,6952,6954.5
1776174120,6954.5,6958.5,6953.75,6958.25
1776174180,6958,6959.75,6957,6959.75
1776174240,6959.5,6961.25,6958.75,6960
1776174300,6959.75,6960.25,6957,6958.25
1776174360,6958.25,6960.25,6957.5,6958.75
1776174420,6958.5,6959.25,6956,6956.75
1776174480,6956.75,6958.5,6955.75,6957.25
1776174540,6957.25,6959.75,6955.5,6959.25
1776174600,6959.25,6959.75,6957,6957.25
1776174660,6957.5,6960.25,6957,6959.75
1776174720,6959.5,6959.75,6957.25,6959
1776174780,6959,6959.25,6957,6958.25
1776174840,6958,6958,6956,6957.5
1776174900,6957.25,6957.75,6956,6957.25
1776174960,6957,6959.25,6956.5,6959
1776175020,6959.25,6959.25,6956.5,6957
1776175080,6957,6957.5,6955.75,6956.5
1776175140,6956.75,6957.75,6955.75,6956.5
1776175200,6956.5,6958.25,6956,6957.75
1776175260,6958,6959.75,6956.5,6958.25
1776175320,6958.25,6960,6957.5,6959.75
1776175380,6959.75,6960,6958,6959
1776175440,6959,6959,6956.75,6958.25
1776175500,6958.25,6960,6957.5,6959.75
1776175560,6960,6961.75,6959,6961.5
1776175620,6961.75,6963,6960.5,6962.5
1776175680,6962.75,6963.5,6961.5,6963
1776175740,6963,6966,6962.75,6965.75
1776175800,6965.75,6965.75,6963.25,6965.75
1776175860,6965.75,6967,6964.25,6966.25
1776175920,6966.25,6966.25,6964,6965.25
1776175980,6965.25,6968.75,6965,6968.5
1776176040,6968.5,6971,6968.25,6970.75
1776176100,6970.5,6971,6968.75,6970
1776176160,6970,6971.25,6968.75,6971.25
1776176220,6971.25,6972.25,6970.25,6970.75
1776176280,6970.75,6970.75,6967.25,6969
1776176340,6969,6969.25,6967.75,6968.25
1776176400,6968.5,6970.5,6968,6970.25
1776176460,6970.25,6971.75,6969.75,6971.75
1776176520,6971.75,6972,6970.5,6970.75
1776176580,6971,6971,6969,6969
1776176640,6969.25,6970.5,6969,6969.75
1776176700,6969.75,6970.5,6968,6968.75
1776176760,6968.75,6970.25,6968.5,6970.25
1776176820,6970.25,6970.5,6969.25,6969.75
1776176880,6970,6972,6969.5,6971.25
1776176940,6971.25,6972,6971,6971.75
1776177000,6971.5,6972,6969.75,6971.75
1776177060,6971.5,6972,6970.5,6971.5
1776177120,6971.25,6972,6971,6971.25
1776177180,6971,6971.5,6970.25,6970.75
1776177240,6970.75,6971,6970,6970.5
1776177300,6970.5,6975.5,6970,6974.75
1776177360,6974.75,6975,6973,6974.5
1776177420,6974.5,6975.75,6973.75,6975.5
1776177480,6975.25,6975.5,6971,6972
1776177540,6972,6972.5,6969.5,6970
1776177600,6970,6970,6968.25,6968.25
1776177660,6968.5,6971.5,6967.75,6971
1776177720,6971,6971.5,6970,6970.5
1776177780,6970.5,6971.75,6970.25,6971.75
1776177840,6971.5,6971.5,6970.25,6970.5
1776177900,6970.75,6972.5,6970.25,6972.25
1776177960,6972.25,6974.75,6972.25,6973.75
1776178020,6974,6975.5,6973.75,6974.5
1776178080,6974.75,6974.75,6974,6974.5
1776178140,6974.5,6977,6974.5,6975.25
1776178200,6975.25,6975.25,6973.25,6973.75
1776178260,6973.75,6975.25,6972.5,6975
1776178320,6975,6977,6974.75,6976.25
1776178380,6976.5,6977.5,6976,6976.5
1776178440,6976.5,6978.75,6976.25,6978.75
1776178500,6978.75,6979,6977.75,6978.25
1776178560,6978.25,6978.5,6976.5,6977.25
1776178620,6977.25,6978,6977,6977.5
1776178680,6977.5,6978.25,6976.5,6978
1776178740,6978.25,6978.25,6977,6977
1776178800,6977,6977.5,6975.75,6976
1776178860,6976.25,6977.5,6976,6977
1776178920,6977.25,6977.75,6975.25,6976
1776178980,6976,6977.5,6975.75,6976.75
1776179040,6976.75,6976.75,6974.25,6974.5
1776179100,6974.5,6975,6972.75,6974
1776179160,6974,6974.25,6970.75,6972
1776179220,6972,6974.75,6971.75,6973
1776179280,6973.25,6973.75,6972.5,6973.25
1776179340,6973.25,6973.25,6971.25,6972
1776179400,6971.75,6972.5,6971,6972
1776179460,6972.25,6973.25,6971.5,6972.75
1776179520,6973,6973,6971.25,6971.5
1776179580,6971.5,6973.5,6971,6973.5
1776179640,6973.5,6973.5,6971.5,6971.75
1776179700,6971.75,6974.25,6971.25,6974.25
1776179760,6974.25,6974.75,6973.5,6974.25
1776179820,6974.25,6975.25,6973.75,6975
1776179880,6975,6975.5,6974.25,6974.75
1776179940,6974.75,6979,6974.5,6977.75
1776180000,6978,6981,6976.75,6979.75
1776180060,6979.75,6982,6979.75,6981.5
1776180120,6981.5,6982.5,6980.25,6980.25
1776180180,6980.5,6982.5,6979.75,6982.25
1776180240,6982.25,6982.25,6980.5,6981.25
1776180300,6981.5,6984.75,6981.25,6984
1776180360,6984,6987,6983.5,6986.25
1776180420,6986.5,6986.75,6985.25,6985.5
1776180480,6985.75,6986.5,6985.25,6986.25
1776180540,6986.25,6986.25,6984.5,6984.75
1776180600,6984.75,6986.75,6984.5,6986.5
1776180660,6986.5,6988,6985.75,6988
1776180720,6988,6988.5,6987,6987.75
1776180780,6987.75,6987.75,6986,6986.25
1776180840,6986.25,6987.5,6986,6986.75
1776180900,6986.5,6988,6986.5,6987.75
1776180960,6987.75,6988.25,6987.25,6987.75
1776181020,6987.75,6988.75,6987.5,6988
1776181080,6988,6988.75,6987.25,6988.75
1776181140,6988.75,6989.75,6988.5,6989
1776181200,6989,6989.25,6987.75,6988.5
1776181260,6988.5,6988.5,6987,6987.5
1776181320,6987.5,6989.25,6987,6988.75
1776181380,6989,6993.5,6988.75,6989.5
1776181440,6989.5,6990.75,6988.5,6990.25
1776181500,6990.5,6992.5,6990.25,6992
1776181560,6992,6992.75,6992,6992.5
1776181620,6992.5,6992.5,6991.25,6991.75
1776181680,6991.5,6992.75,6991.25,6992.25
1776181740,6992,6992.25,6991,6991.25
1776181800,6991.5,6992.75,6991.25,6992.75
1776181860,6992.75,6995,6992.5,6994.5
1776181920,6994.5,6994.5,6993.5,6993.75
1776181980,6993.75,6994.75,6993.25,6994
1776182040,6994.25,6995.25,6993.75,6994
1776182100,6994.25,6994.5,6992.75,6993.5
1776182160,6993.5,6994,6992.75,6993.5
1776182220,6993.25,6993.5,6992,6992.25
1776182280,6992.5,6992.5,6991,6991.25
1776182340,6991.25,6991.5,6990,6990.5
1776182400,6990.75,6991.75,6990,6990.75
1776182460,6991,6991.25,6989.75,6990.75
1776182520,6990.75,6992.75,6990.75,6992.5
1776182580,6992.25,6993.5,6992,6993
1776182640,6993.25,6993.75,6992.75,6992.75
1776182700,6993,6993.25,6991.75,6992.25
1776182760,6992.5,6993,6991.25,6991.5
1776182820,6991.5,6993.5,6991,6992.75
1776182880,6992.75,6993,6991.5,6992
1776182940,6992.25,6992.75,6991.75,6992.75
1776183000,6992.75,6993.75,6992.5,6992.5
1776183060,6992.75,6992.75,6991.75,6992.25
1776183120,6992.25,6992.25,6991,6991.75
1776183180,6991.75,6992,6990.75,6991.25
1776183240,6991.25,6992.25,6990.75,6992
1776183300,6992,6993,6991.5,6991.75
1776183360,6992,6992.75,6991.75,6992.25
1776183420,6992.25,6993.5,6992,6993
1776183480,6993,6994.75,6992.5,6994
1776183540,6994,6995,6993.25,6995
1776183600,6995,6996.75,6994.25,6996.25
1776183660,6996.25,6996.25,6995,6995.5
1776183720,6995.5,6995.75,6994,6995.75
1776183780,6995.75,6997.5,6995.5,6996.5
1776183840,6996.5,6997,6996,6996.75
1776183900,6997,6997.5,6996.5,6997
1776183960,6997,6998.25,6996.75,6998
1776184020,6998,6999.25,6997.5,6998.5
1776184080,6998.5,6999.25,6997.75,6999.25
1776184140,6999.25,6999.25,6998,6998.25
1776184200,6998.25,6999.5,6997.75,6999.25
1776184260,6999.25,6999.25,6997,6997.25
1776184320,6997.25,6997.5,6995.75,6996
1776184380,6996,6996.25,6994.75,6995.75
1776184440,6995.75,6996,6994.75,6995.25
1776184500,6995,6995.75,6994,6994.25
1776184560,6994,6995.25,6993.75,6995.25
1776184620,6995.25,6996.5,6994.75,6996.5
1776184680,6996.25,6996.75,6995.5,6996.25
1776184740,6996.25,6996.5,6995.5,6996
1776184800,6995.75,6997.25,6995.5,6996.75
1776184860,6996.75,6997,6995.25,6995.75
1776184920,6995.5,6996.75,6994.75,6996.5
1776184980,6996.25,6996.75,6996,6996.5
1776185040,6996.25,6997,6996,6997
1776185100,6996.75,6997.5,6996.25,6996.5
1776185160,6996.75,6997,6995.75,6996.25
1776185220,6996.5,6997,6996.25,6996.75
1776185280,6996.75,6997.25,6996.5,6996.5
1776185340,6996.75,6998.25,6996.5,6998
1776185400,6998,6998.25,6996.75,6997.25
1776185460,6997,6997,6994.5,6995.5
1776185520,6995.75,6996.25,6994.75,6995.25
1776185580,6995.25,6995.25,6993,6993.25
1776185640,6993.5,6994,6992.75,6993
1776185700,6993.25,6993.5,6991.25,6991.75
1776185760,6991.5,6991.5,6990.25,6990.5
1776185820,6990.5,6991.5,6990,6990.5
1776185880,6990.75,6991.5,6990.25,6990.75
1776185940,6990.75,6991.5,6990,6991.25
1776186000,6991.5,6992.75,6991.25,6992
1776186060,6992,6993.25,6991.75,6993
1776186120,6993,6994,6992.75,6993.5
1776186180,6993.75,6994.75,6993.75,6994.5
1776186240,6994.5,6994.75,6993.25,6993.5
1776186300,6993.5,6995.75,6993,6995
1776186360,6995,6995.75,6994.5,6994.5
1776186420,6994.75,6994.75,6992.5,6992.5
1776186480,6992.75,6994,6992.5,6993.5
1776186540,6993.75,6994.5,6993,6993.25
1776186600,6993.5,6994.5,6993.25,6993.5
1776186660,6993.75,6994.75,6993,6994.5
1776186720,6994.5,6994.75,6993.75,6994.5
1776186780,6994.5,6995,6994.25,6994.75
1776186840,6994.75,6994.75,6994.25,6994.25
1776186900,6994.5,6995.5,6994,6994.75
1776186960,6994.75,6996.25,6994.5,6996.25
1776187020,6996.25,6997,6995.5,6996.75
1776187080,6996.75,6997.5,6996.25,6997
1776187140,6997,6999,6996.75,6999
1776187200,6998.75,7000,6998.5,6999
1776187260,6999,7000,6998.75,6999.75
1776187320,6999.75,7001.5,6999.75,7001.25
1776187380,7001.25,7001.75,7000.25,7001.5
1776187440,7001.75,7002.5,7000.75,7001.25
1776187500,7001.25,7001.25,6999,6999.75
1776187560,6999.75,7000.5,6999,6999.25
1776187620,6999.25,7000,6998.75,6999.5
1776187680,6999.5,6999.5,6998.5,6999
1776187740,6999.25,7000,6998.75,6999.5
1776187800,6999.5,7000.75,6999.25,7000
1776187860,7000,7001.25,6999.75,7001.25
1776187920,7001.25,7002,7001,7002
1776187980,7001.75,7003.25,7001.5,7002.25
1776188040,7002.25,7002.5,7001.5,7002.25
1776188100,7002,7003,7001,7001.5
1776188160,7001.5,7001.75,7000.25,7001.5
1776188220,7001.25,7002.5,7000.25,7001.75
1776188280,7001.75,7002.5,7001.75,7002
1776188340,7002.25,7002.25,7001,7001.5
1776188400,7001.25,7001.75,7000.5,7000.75
1776188460,7000.75,7002.25,7000.75,7001.75
1776188520,7002,7002.75,7001.25,7002.5
1776188580,7002.5,7002.75,7001.75,7001.75
1776188640,7001.75,7002.5,7001.5,7002.25
1776188700,7002.25,7002.5,7001.5,7002.25
1776188760,7002.5,7002.5,7001,7001.75
1776188820,7001.75,7002.25,7001.5,7002
1776188880,7001.75,7002.5,7001.5,7002.25
1776188940,7002,7002,7001.25,7001.75
1776189000,7001.75,7002.5,7001.25,7002
1776189060,7002.25,7002.5,7000.75,7001
1776189120,7000.75,7001.25,7000,7000
1776189180,7000.25,7000.25,6998.25,6998.75
1776189240,6998.75,6999.5,6998,6999
1776189300,6999,6999.75,6998.75,6999.5
1776189360,6999.25,6999.25,6998,6998.75
1776189420,6999,6999.5,6998.25,6999
1776189480,6999,6999.25,6998.5,6998.75
1776189540,6999,6999.75,6998.75,6999.5
1776189600,6999.5,7000.75,6999.25,7000.75
1776189660,7000.75,7001.5,7000.5,7000.75
1776189720,7001,7001.5,7000.5,7000.5
1776189780,7000.75,7001.5,7000,7000.5
1776189840,7000.5,7000.75,6999.75,7000.5
1776189900,7000.5,7000.75,6999.75,7000.25
1776189960,7000.5,7000.75,6999,6999.5
1776190020,6999.5,6999.75,6998.75,6999.25
1776190080,6999.5,7000.25,6999.25,6999.25
1776190140,6999.5,7000.75,6999,7000.5
1776190200,7000.5,7000.5,6998.5,6998.75
1776190260,6998.75,6998.75,6997.75,6998
1776190320,6998.25,6998.75,6997.5,6997.5
1776190380,6997.75,6998.75,6997,6998.75
1776190440,6998.75,6999,6997,6997.25
1776190500,6997.5,6998,6996.5,6996.75
1776190560,6996.75,6997.25,6995.5,6995.75
1776190620,6995.75,6996,6994,6994.5
1776190680,6994.5,6994.5,6993.5,6994
1776190740,6994,6994,6989.25,6991.75
1776190800,6991.75,6993.5,6989,6989
1776190860,6989.25,6989.5,6985.25,6988.75
1776190920,6988.5,6990.5,6987.25,6987.75
1776190980,6987.5,6988,6986,6987
1776191040,6987,6987.75,6984,6985.25
1776191100,6985.25,6988,6983.25,6987.5
1776191160,6987.5,6989.75,6987.25,6989.25
1776191220,6989.25,6990.75,6988.75,6989.75
1776191280,6989.5,6990,6987.75,6988.75
1776191340,6988.75,6988.75,6987.25,6988.25
1776191400,6988,6989.25,6987.25,6989
1776191460,6988.75,6989.75,6988.25,6988.75
1776191520,6988.5,6990.25,6988.5,6990
1776191580,6990,6990.25,6989,6989.25
1776191640,6989,6989.5,6988,6988.5
1776191700,6988.75,6990.25,6988.75,6990
1776191760,6989.75,6991.75,6989.75,6991
1776191820,6990.75,6991.75,6990.5,6991.5
1776191880,6991.25,6992.5,6990.5,6991
1776191940,6990.75,6992,6990.75,6992
1776192000,6991.75,6994,6991.5,6993.25
1776192060,6993.25,6993.25,6991.5,6991.5
1776192120,6991.5,6991.75,6988.5,6988.75
1776192180,6989,6990.25,6989,6989
1776192240,6989,6989.25,6987,6987.75
1776192300,6987.75,6990,6987,6988.75
1776192360,6988.75,6989.25,6986.5,6987.5
1776192420,6987.5,6988,6986.75,6986.75
1776192480,6987,6987,6985,6986
1776192540,6986,6986.5,6985.5,6985.75
1776192600,6986,6987,6985.5,6985.75
1776192660,6985.5,6987,6985.25,6987
1776192720,6987.25,6988.75,6987,6988.25
1776192780,6988.5,6988.5,6987,6987.5
1776192840,6987.5,6989.5,6987.5,6988
1776192900,6988,6988.75,6988,6988.25
1776192960,6988.25,6989.25,6988,6988.25
1776193020,6988.25,6988.75,6987.5,6988
1776193080,6988,6988.5,6987.75,6988.25
1776193140,6988.25,6990,6988,6989.75
1776193200,6989.5,6991.5,6988.75,6990.5
1776193260,6990.5,6992.25,6990.25,6991.25
1776193320,6991.25,6992.25,6991.25,6991.75
1776193380,6991.75,6993.75,6991.75,6993.5
1776193440,6993.5,6994.5,6992.5,6994
1776193500,6993.75,6996.25,6993.75,6995.75
1776193560,6995.5,6996.75,6994.75,6995
1776193620,6995,6996.25,6994.5,6995.75
1776193680,6995.75,6996,6995,6995.5
1776193740,6995.25,6995.75,6994.5,6995.75
1776193800,6995.5,6996.75,6994.75,6996.5
1776193860,6996.5,6999,6996.5,6999
1776193920,6999,6999.75,6998,6998.25
1776193980,6998.25,6998.25,6996.75,6997.5
1776194040,6997.25,6997.75,6996.75,6997
1776194100,6997,6998.5,6996.75,6998.25
1776194160,6998,7000,6998,6999.5
1776194220,6999.5,7000.5,6999,6999.25
1776194280,6999,6999.25,6998.75,6998.75
1776194340,6998.75,6999,6997.75,6998.5
1776194400,6998.5,7000.5,6998.5,6999.75
1776194460,6999.75,7001.75,6999.75,7001.25
1776194520,7001.25,7001.75,7000.75,7001.25
1776194580,7001.25,7002.25,7000.5,7002
1776194640,7002,7003.25,7002,7003
1776194700,7002.75,7004.5,7002.5,7003.25
1776194760,7003.25,7004.25,7002.75,7003.5
1776194820,7003.5,7004.25,7003,7003.75
1776194880,7003.75,7004.25,7003,7003.5
1776194940,7003.5,7005,7003,7004.5
1776195000,7004.75,7005,7003.75,7004.25
1776195060,7004.5,7007,7004.25,7006.25
1776195120,7006.5,7008,7006.25,7006.75
1776195180,7007,7007,7005,7005.5
1776195240,7005.5,7005.5,7001.5,7001.75
1776195300,7002,7002,6999.25,6999.5
1776195360,6999.5,7002.5,6999.25,7002
1776195420,7002,7004,7002,7003
1776195480,7003,7004.5,7003,7003.75
1776195540,7003.75,7006.25,7003.75,7005.5
1776195600,7005.5,7006,7003.25,7004
1776195660,7003.75,7004.25,7001.25,7002.25
1776195720,7002,7002.5,7001,7001.25
1776195780,7001.25,7002.5,7000.5,7002.25
1776195840,7002,7004,7001.75,7002.75
1776195900,7002.75,7004,7002.25,7002.75
1776195960,7002.75,7003,7001,7001.5
1776196020,7001.75,7001.75,7000.25,7001.25
1776196080,7001.25,7002.5,7000.75,7002.5
1776196140,7002.5,7002.75,7001,7002.5
1776196200,7002.5,7006,7000.5,7000.75
1776196260,7000.75,7001,6997.75,6999.5
1776196320,6999.5,7001.75,6999.25,6999.5
1776196380,6999.25,7001.5,6998.25,6998.5
1776196440,6998.5,7001.25,6997,6997.5
1776196500,6997.75,7001.5,6997.5,7000.75
1776196560,7001,7002.75,7000,7002.25
1776196620,7002.25,7003.25,7001.5,7002.5
1776196680,7002.25,7004.5,7002,7004.25
1776196740,7004.25,7006.5,7003.25,7006
1776196800,7006,7007.25,7003.5,7003.75
1776196860,7004,7004.25,7001.25,7001.25
1776196920,7001.25,7003,7000.75,7002.75
1776196980,7002.5,7003,7000.5,7001.25
1776197040,7001,7001.25,7000.5,7000.75
1776197100,7000.75,7001.75,7000.5,7000.75
1776197160,7000.75,7001.75,7000.75,7001.25
1776197220,7001.5,7001.75,7001.25,7001.5
1776197280,7001.25,7002.75,7001,7002.25
1776197340,7002.25,7002.75,7001,7001.5
1776197400,7001.5,7001.75,7000.5,7001
1776197460,7001,7001.75,7000.75,7001.5
1776197520,7001.5,7002,7001.25,7002
1776197580,7002,7003,7002,7002.5
1776197640,7002.5,7003.5,7002,7003.25
1776197700,7003,7003.5,7002.75,7003.5
1776197760,7003.25,7004.25,7003.25,7003.75
1776197820,7004,7004.75,7003.75,7004.25
1776197880,7004.25,7004.25,7003.5,7004
1776197940,7003.75,7004.5,7003.75,7004.5
1776198000,7004.5,7005.25,7004.25,7005.25
1776198060,7005.25,7005.5,7005,7005
1776198120,7005,7005.5,7004.75,7005
1776198180,7004.75,7005.5,7004.75,7005.25
1776198240,7005,7005.25,7004.25,7004.5
1776198300,7004.25,7004.25,7003.75,7004
1776198360,7004,7004.25,7003.75,7004
1776198420,7004,7004.75,7004,7004.25
1776198480,7004.25,7005.25,7004.25,7005
1776198540,7005,7005.5,7005,7005.5
1776198600,7005.5,7005.75,7005.25,7005.5
1776198660,7005.5,7006,7005.5,7005.5
1776198720,7005.25,7005.75,7004.75,7004.75
1776198780,7005,7005,7003.5,7003.75
1776198840,7004,7004.25,7004,7004.25
1776198900,7004.25,7005.5,7004.25,7005.5
1776198960,7005.5,7005.75,7005.25,7005.25
1776199020,7005.25,7005.5,7004.75,7005
1776199080,7005,7005,7004.25,7004.5
1776199140,7004.5,7004.5,7004,7004.25
1776199200,7004,7004.75,7004,7004.5
1776199260,7004.5,7004.5,7004.25,7004.25
1776199320,7004.5,7004.75,7004.25,7004.5
1776199380,7004.5,7004.5,7004,7004.25
1776199440,7004.25,7005.25,7004,7005.25
1776199500,7005,7005.25,7004.5,7004.75
1776199560,7004.75,7005,7004.5,7004.75
1776199620,7004.75,7005.25,7004.75,7004.75
1776199680,7004.75,7005,7004.25,7004.75
1776199740,7004.5,7005,7004.5,7005
1776199800,7004.75,7005.25,7004.5,7004.75
1776199860,7004.5,7005,7004.5,7004.75
1776199920,7004.75,7005,7004.5,7004.75
1776199980,7004.75,7005,7004.5,7004.5
1776200040,7004.75,7005.25,7004.5,7005
1776200100,7004.75,7005,7004.5,7004.75
1776200160,7004.5,7005,7004.5,7004.75
1776200220,7004.75,7004.75,7004,7004.25
1776200280,7004.25,7004.5,7004,7004
1776200340,7004,7005,7003.75,7004.25
1776204000,7004,7004.75,7001.75,7004.5
1776204060,7004.5,7004.75,7002.75,7004
1776204120,7003.75,7005,7003.25,7004.25
1776204180,7004.5,7006,7004.25,7005.25
1776204240,7005,7005.5,7004.5,7004.5
1776204300,7004.75,7006.5,7004.75,7006.5
1776204360,7006.75,7007.25,7006,7006.75
1776204420,7007,7008.25,7007,7007.5
1776204480,7007.75,7008.5,7007,7007.25
1776204540,7007.25,7008.25,7007.25,7007.5
1776204600,7007.25,7007.5,7006.5,7006.5
1776204660,7006.25,7007.25,7006,7007
1776204720,7007,7007.5,7006.75,7006.75
1776204780,7007,7007,7005.75,7006.5
1776204840,7006.25,7006.75,7006.25,7006.75
1776204900,7006.75,7007.5,7006.75,7007.25
1776204960,7007,7008.25,7007,7007.75
1776205020,7008,7009,7007.75,7008.25
1776205080,7008.25,7008.5,7008,7008.25
1776205140,7008,7008,7007.25,7007.25
1776205200,7007.25,7007.5,7006.25,7006.25
1776205260,7006.5,7006.75,7006.25,7006.5
1776205320,7006.5,7007,7006.25,7006.75
1776205380,7007,7007.75,7007,7007.75
1776205440,7007.5,7008,7007.5,7007.5
1776205500,7007.5,7007.75,7007.5,7007.5
1776205560,7007.5,7008,7006.75,7007
1776205620,7007,7007.25,7006.75,7006.75
1776205680,7006.75,7007.25,7006.5,7006.75
1776205740,7006.5,7007,7006.5,7006.75
1776205800,7006.75,7006.75,7005.75,7006
1776205860,7006,7006.5,7005.5,7006.5
1776205920,7006.5,7007.5,7006.5,7007
1776205980,7007.25,7007.25,7005.5,7005.75
1776206040,7005.75,7005.75,7005,7005
1776206100,7005.25,7005.75,7005.25,7005.25
1776206160,7005.5,7006.25,7005.5,7006.25
1776206220,7006.25,7007.25,7006.25,7006.5
1776206280,7006.75,7007,7006.5,7007
1776206340,7007,7007.25,7007,7007
1776206400,7007.25,7007.25,7006.5,7007
1776206460,7007,7007.5,7007,7007.5
1776206520,7007.25,7007.5,7007,7007.25
1776206580,7007.25,7007.25,7006.75,7006.75
1776206640,7006.75,7007.25,7006.75,7007
1776206700,7007,7008,7006.75,7007.25
1776206760,7007,7007,7006.5,7007
1776206820,7007,7007,7006.75,7006.75
1776206880,7006.5,7006.5,7005.25,7005.75
1776206940,7005.75,7006.25,7005.75,7006
1776207000,7006.25,7006.25,7006,7006
1776207060,7006,7006.5,7006,7006.25
1776207120,7006.25,7006.5,7005.75,7006
1776207180,7006,7006,7005.5,7005.75
1776207240,7005.75,7006,7005.5,7005.75
1776207300,7005.5,7005.75,7005.5,7005.75
1776207360,7005.75,7005.75,7005.25,7005.5
1776207420,7005.5,7005.5,7004.75,7005
1776207480,7005,7005.5,7005,7005.5
1776207540,7005.25,7005.5,7005.25,7005.25
1776207600,7005.25,7005.25,7005,7005
1776207660,7005.25,7006,7005,7006
1776207720,7006,7006.25,7006,7006
1776207780,7006,7006,7005.5,7005.5
1776207840,7005.75,7006,7005.5,7005.75
1776207900,7005.75,7006.25,7005.75,7006.25
1776207960,7006.25,7007,7006,7007
1776208020,7006.75,7008,7006.75,7007.75
1776208080,7008,7008,7007.25,7007.5
1776208140,7007.5,7008,7007.5,7007.75
1776208200,7007.5,7007.5,7007.25,7007.5
1776208260,7007.75,7008,7007.75,7007.75
1776208320,7007.5,7007.5,7007,7007.25
1776208380,7007,7007,7006.5,7006.75
1776208440,7006.75,7007,7006.75,7006.75
1776208500,7006.75,7007.25,7006.5,7006.5
1776208560,7006.5,7007,7006.5,7007
1776208620,7007,7007.25,7007,7007.25
1776208680,7007.25,7007.5,7007.25,7007.25
1776208740,7007,7007.25,7006.5,7007
1776208800,7006.75,7007,7006.75,7007
1776208860,7007,7007.25,7006.75,7007
1776208920,7007,7008.25,7007,7008
1776208980,7008,7008,7007.5,7007.75
1776209040,7007.75,7008,7007.5,7007.5
1776209100,7007.5,7007.5,7007.25,7007.25
1776209160,7007.25,7008.25,7007.25,7008
1776209220,7007.75,7008,7007.75,7007.75
1776209280,7008,7008.25,7007.75,7007.75
1776209340,7008,7008.25,7007.5,7007.75
1776209400,7007.75,7007.75,7006.5,7007.25
1776209460,7007,7007.5,7007,7007.5
1776209520,7007.25,7007.5,7006.75,7006.75
1776209580,7007,7007.25,7007,7007.25
1776209640,7007.25,7011.5,7007.25,7011.5
1776209700,7011.5,7011.5,7009.25,7010.25
1776209760,7010.5,7011.25,7009.25,7010.25
1776209820,7010.5,7010.5,7009.25,7009.5
1776209880,7009.5,7011,7009,7010.5
1776209940,7010.5,7012.25,7010.5,7011
1776210000,7010.75,7011,7010.5,7010.5
1776210060,7010.5,7010.75,7009.25,7009.5
1776210120,7009.5,7009.5,7009.25,7009.5
1776210180,7009.75,7010.5,7008.75,7010.5
1776210240,7010.25,7010.25,7009.5,7009.75
1776210300,7010,7010.75,7009.25,7009.75
1776210360,7010,7011.25,7009.75,7011
1776210420,7011,7013.25,7010.75,7012.5
1776210480,7012.25,7013.25,7011.75,7012.75
1776210540,7012.75,7013,7012.5,7012.75
1776210600,7012.75,7013.75,7012.5,7013.5
1776210660,7013.25,7013.25,7010.25,7010.5
1776210720,7010.75,7011,7009.25,7009.75
1776210780,7009.75,7010.25,7009.5,7010.25
1776210840,7010.25,7010.25,7010.25,7010.25
1776210900,7010,7010,7008.75,7009.25
1776210960,7009.25,7009.75,7009,7009.25
1776211020,7009.5,7009.75,7009.25,7009.75
1776211080,7009.75,7010,7009.25,7009.25
1776211140,7009.5,7009.75,7008.5,7008.75
1776211200,7008.5,7008.5,7006.25,7007.25
1776211260,7007.5,7008,7007,7007.25
1776211320,7007,7007.25,7006.5,7007
1776211380,7007.25,7007.25,7006.25,7006.25
1776211440,7006.5,7008,7006,7007.75
1776211500,7007.5,7008.25,7007.25,7007.25
1776211560,7007.25,7009.5,7007.25,7009
1776211620,7009,7009.75,7008.75,7009.5
1776211680,7009.5,7009.75,7008.5,7008.5
1776211740,7008.5,7009.5,7008.5,7008.75
1776211800,7008.75,7008.75,7007,7007.25
1776211860,7007.25,7008,7007,7007.5
1776211920,7007.75,7007.75,7006.75,7006.75
1776211980,7006.75,7008.25,7006.75,7008
1776212040,7008,7008.25,7007.25,7008.25
1776212100,7008,7008,7007.25,7008
1776212160,7008.25,7009.5,7008.25,7009.25
1776212220,7009.25,7009.25,7007.75,7007.75
1776212280,7007.75,7008,7006.75,7007
1776212340,7007,7007.75,7007,7007.75
1776212400,7007.75,7008.25,7007.5,7008
1776212460,7008,7009,7007.75,7008.25
1776212520,7008.5,7009,7008.5,7009
1776212580,7009,7009.25,7008.25,7008.25
1776212640,7008.25,7008.5,7007.75,7008
1776212700,7008,7008.25,7007.25,7007.5
1776212760,7007.75,7008.25,7007.75,7008
1776212820,7008.25,7008.5,7007.75,7008
1776212880,7008,7008.25,7007.5,7007.75
1776212940,7008,7008.25,7007.75,7008.25
1776213000,7008.5,7008.75,7008,7008.75
1776213060,7008.75,7009,7008.25,7008.25
1776213120,7008.5,7008.75,7008,7008.25
1776213180,7008.25,7008.25,7006.75,7007
1776213240,7007.25,7008,7007,7007.75
1776213300,7008,7008.5,7007.5,7007.5
1776213360,7007.25,7007.75,7007.25,7007.75
1776213420,7007.75,7007.75,7007,7007
1776213480,7007,7007.25,7006.75,7006.75
1776213540,7006.75,7006.75,7006,7006
1776213600,7006,7006.5,7006,7006.5
1776213660,7006.5,7006.75,7006,7006.75
1776213720,7006.75,7007,7005,7005.25
1776213780,7005.75,7005.75,7005.25,7005.5
1776213840,7005.25,7006,7005.25,7005.75
1776213900,7005.75,7006.25,7005.25,7006
1776213960,7006,7006,7005.75,7005.75
1776214020,7005.75,7006,7005.5,7005.5
1776214080,7005.75,7005.75,7005.25,7005.5
1776214140,7005.75,7006.25,7005.5,7006
1776214200,7006.25,7007.25,7006.25,7007
1776214260,7007,7008.5,7007,7008.5
1776214320,7008.25,7008.25,7007.75,7008
1776214380,7008,7008.25,7007.75,7008
1776214440,7008.25,7008.5,7008,7008
1776214500,7008.25,7009.5,7008.25,7009.25
1776214560,7009.5,7009.75,7008,7008.25
1776214620,7008.25,7009,7008,7008.75
1776214680,7009,7009.25,7008.75,7008.75
1776214740,7008.75,7009,7008.5,7008.75
1776214800,7008.75,7008.75,7008.25,7008.25
1776214860,7008.25,7009,7007.5,7008.75
1776214920,7008.75,7008.75,7007.75,7008.25
1776214980,7008.5,7008.5,7007,7007.5
1776215040,7008,7008.5,7007.75,7008.5
1776215100,7008.5,7009,7008.25,7008.5
1776215160,7008.5,7010,7008.5,7009.75
1776215220,7010,7011,7009.75,7009.75
1776215280,7010.25,7010.75,7009.75,7010.75
1776215340,7010.5,7011,7010.5,7011
1776215400,7010.75,7011.25,7010.5,7011.25
1776215460,7011,7012,7010.75,7011.25
1776215520,7011.25,7011.5,7011,7011.25
1776215580,7011.5,7012.5,7011.25,7012
1776215640,7012,7012.25,7011.75,7012.25
1776215700,7012.25,7012.5,7012,7012.25
1776215760,7012.25,7012.5,7011.75,7011.75
1776215820,7011.5,7012.25,7011.5,7012
1776215880,7012,7012,7011.5,7011.5
1776215940,7011.5,7012.5,7011.5,7012
1776216000,7012.25,7012.5,7012,7012
1776216060,7012.25,7012.25,7011.5,7012
1776216120,7011.75,7012,7011.5,7011.75
1776216180,7011.75,7011.75,7010.5,7011.5
1776216240,7011.25,7011.25,7009.75,7011
1776216300,7011,7011.75,7011,7011.5
1776216360,7011.75,7012.25,7011.25,7012
1776216420,7011.75,7012.25,7011.5,7011.75
1776216480,7011.5,7011.75,7011.25,7011.25
1776216540,7011.25,7011.75,7011.25,7011.75
1776216600,7011.75,7012,7010.5,7010.75
1776216660,7010.75,7011,7009.75,7011
1776216720,7011,7011.25,7010.5,7010.5
1776216780,7010.5,7010.5,7008.75,7009.25
1776216840,7009.25,7009.75,7009.25,7009.5
1776216900,7009.75,7009.75,7009.25,7009.75
1776216960,7009.75,7010,7009.25,7009.5
1776217020,7009.75,7010.5,7009.75,7010.5
1776217080,7010.25,7010.5,7010,7010.25
1776217140,7010,7010.75,7010,7010.75
1776217200,7010.75,7011.5,7010.75,7011
1776217260,7011,7011.5,7010.5,7010.5
1776217320,7010.5,7011.25,7010.5,7011.25
1776217380,7011.25,7011.75,7011,7011
1776217440,7011.25,7011.5,7011,7011
1776217500,7011,7011.25,7010.75,7010.75
1776217560,7011,7011.5,7010.75,7011.25
1776217620,7011.25,7011.25,7011.25,7011.25
1776217680,7011.25,7012.5,7011.25,7012.25
1776217740,7012,7012.25,7011.25,7011.25
1776217800,7011.25,7011.5,7010.75,7010.75
1776217860,7011,7011.75,7011,7011.5
1776217920,7011.75,7011.75,7011.25,7011.75
1776217980,7011.5,7011.5,7010.75,7010.75
1776218040,7011,7011.5,7011,7011.25
1776218100,7011.25,7011.5,7011.25,7011.5
1776218160,7011.5,7012,7011.5,7011.75
1776218220,7011.75,7011.75,7011.25,7011.5
1776218280,7011.5,7011.75,7011.25,7011.5
1776218340,7011.5,7011.75,7011.25,7011.25
1776218400,7011.25,7011.5,7010.5,7010.75
1776218460,7010.5,7010.75,7009.75,7010.5
1776218520,7010.5,7011,7010,7010
1776218580,7010.25,7010.5,7009.75,7010.25
1776218640,7010.5,7011,7010.25,7010.25
1776218700,7010.5,7011,7010.5,7010.75
1776218760,7010.5,7010.75,7010.25,7010.75
1776218820,7010.5,7010.75,7010.5,7010.75
1776218880,7010.75,7011,7010.5,7010.75
1776218940,7010.75,7011,7010,7010
1776219000,7010,7010.25,7008.75,7009.25
1776219060,7009.25,7009.25,7008.25,7008.75
1776219120,7008.75,7009,7008.5,7008.75
1776219180,7008.75,7009.25,7008.75,7009
1776219240,7009.25,7009.5,7009,7009.25
1776219300,7009.25,7009.5,7009,7009.5
1776219360,7009.5,7009.75,7009,7009.25
1776219420,7009.25,7009.5,7008.75,7009.25
1776219480,7009,7009.25,7008.75,7009
1776219540,7009,7009.25,7009,7009
1776219600,7009.25,7009.5,7009.25,7009.25
1776219660,7009.25,7009.25,7008.5,7009
1776219720,7008.75,7009.25,7008.5,7008.75
1776219780,7008.75,7009,7008.25,7008.25
1776219840,7008.5,7009,7008.5,7008.5
1776219900,7008.75,7009,7008.5,7008.5
1776219960,7008.75,7008.75,7008,7008
1776220020,7008,7008.25,7007.5,7008
1776220080,7007.75,7007.75,7007.25,7007.5
1776220140,7007.5,7007.75,7007,7007.25
1776220200,7007.25,7007.5,7006.5,7006.5
1776220260,7006.25,7006.5,7006,7006.5
1776220320,7006.5,7006.75,7006.25,7006.25
1776220380,7006,7006.25,7005.75,7006
1776220440,7006.25,7006.25,7004.75,7005.25
1776220500,7005.25,7005.25,7003.75,7004.25
1776220560,7004.5,7005,7004,7004.25
1776220620,7004.5,7005.25,7004.25,7004.25
1776220680,7004.5,7005.25,7004.5,7005.25
1776220740,7005.25,7005.75,7005,7005
1776220800,7005.25,7005.25,7004.25,7004.75
1776220860,7004.75,7004.75,7004.25,7004.5
1776220920,7004.25,7004.25,7004,7004.25
1776220980,7004.5,7005,7004,7005
1776221040,7005,7005.5,7005,7005.5
1776221100,7005.25,7005.75,7005,7005.25
1776221160,7005.5,7005.75,7005,7005.5
1776221220,7005.5,7005.5,7005,7005.25
1776221280,7005.5,7006,7005.25,7005.75
1776221340,7005.75,7006.25,7005.75,7005.75
1776221400,7005.75,7006.25,7005.5,7006
1776221460,7006.25,7006.25,7005.75,7006.25
1776221520,7006.25,7006.25,7006,7006.25
1776221580,7006,7006.25,7005.75,7006
1776221640,7006,7006.25,7005.75,7006
1776221700,7006,7006,7005.25,7005.75
1776221760,7005.5,7006.25,7005.25,7006.25
1776221820,7006,7006,7005.75,7006
1776221880,7005.75,7005.75,7004.5,7004.75
1776221940,7004.75,7005,7004.25,7005
1776222000,7005,7005.5,7005,7005.25
1776222060,7005.5,7006,7005.25,7005.5
1776222120,7005.5,7006,7005,7006
1776222180,7005.75,7006,7005.75,7005.75
1776222240,7005.5,7005.75,7005.25,7005.25
1776222300,7005.5,7005.5,7005,7005
1776222360,7004.75,7005,7004.75,7005
1776222420,7005,7005.25,7005,7005
1776222480,7005.25,7005.75,7005.25,7005.75
1776222540,7005.75,7006,7005.5,7005.75
1776222600,7005.75,7006.25,7005.75,7006
1776222660,7006.25,7006.75,7006,7006
1776222720,7006.25,7006.25,7006,7006
1776222780,7006,7006.25,7005.75,7005.75
1776222840,7005.75,7006,7005.25,7005.5
1776222900,7005.25,7005.25,7005,7005.25
1776222960,7005.5,7006.25,7005.5,7006.25
1776223020,7006,7006.25,7005.75,7006.25
1776223080,7006,7006,7005.25,7005.75
1776223140,7005.5,7005.75,7005.5,7005.75
1776223200,7005.75,7006,7005.5,7006
1776223260,7006,7006.25,7005.75,7006
1776223320,7005.75,7006,7005.25,7006
1776223380,7006,7006,7005.5,7005.75
1776223440,7005.5,7005.75,7005.25,7005.5
1776223500,7005.5,7005.75,7005.25,7005.75
1776223560,7005.75,7006.25,7005.75,7006.25
1776223620,7006.25,7006.25,7005.75,7006
1776223680,7006.25,7006.5,7006,7006
1776223740,7005.75,7005.75,7005.5,7005.5
1776223800,7005.75,7006.25,7005.75,7006.25
1776223860,7006,7006.5,7005.75,7006.25
1776223920,7006.5,7007,7006.5,7006.75
1776223980,7006.75,7007.25,7006.25,7006.25
1776224040,7006.25,7006.25,7005.5,7005.75
1776224100,7005.75,7006.25,7005.5,7006.25
1776224160,7006.25,7007,7006.25,7007
1776224220,7006.75,7006.75,7006.25,7006.5
1776224280,7006.5,7007.25,7006.5,7007.25
1776224340,7007.5,7008.25,7007.5,7007.75
1776224400,7007.5,7007.5,7007,7007.25
1776224460,7007.25,7007.25,7007,7007.25
1776224520,7007.5,7007.75,7007.25,7007.25
1776224580,7007.5,7007.75,7007.25,7007.5
1776224640,7007.5,7008.25,7007.5,7008.25
1776224700,7008,7008,7007.25,7007.75
1776224760,7008,7008.75,7008,7008.5
1776224820,7008.5,7009.25,7008.5,7009.25
1776224880,7009,7010,7009,7010
1776224940,7010,7010,7009.75,7009.75
1776225000,7010,7010.5,7009.75,7010.25
1776225060,7010,7010.25,7010,7010.25
1776225120,7010,7010.25,7010,7010.25
1776225180,7010.25,7010.25,7009.5,7010.25
1776225240,7010,7010.25,7010,7010.25
1776225300,7010.25,7010.75,7010.25,7010.75
1776225360,7010.75,7011,7010.5,7010.75
1776225420,7011,7011,7010.75,7010.75
1776225480,7010.5,7010.75,7010.25,7010.25
1776225540,7010.25,7010.25,7009.75,7010
1776225600,7010,7010.25,7010,7010
1776225660,7010,7010.25,7010,7010
1776225720,7010,7010.5,7009.75,7010.5
1776225780,7010.25,7010.5,7010.25,7010.5
1776225840,7010.5,7010.5,7010.25,7010.25
1776225900,7010.25,7010.25,7010,7010
1776225960,7010,7010.25,7009.75,7009.75
1776226020,7009.75,7010,7009.5,7009.75
1776226080,7009.75,7009.75,7008.5,7008.75
1776226140,7008.75,7009.5,7008.75,7009.5
1776226200,7009.25,7009.75,7009.25,7009.75
1776226260,7009.75,7010,7009.75,7010
1776226320,7010,7010.25,7009.75,7010.25
1776226380,7010.5,7010.5,7010,7010.25
1776226440,7009.75,7010.25,7009.75,7010
1776226500,7010,7010.75,7009.75,7010.5
1776226560,7010.25,7010.75,7010,7010.5
1776226620,7010.5,7011,7010.5,7010.75
1776226680,7010.5,7010.5,7010.25,7010.25
1776226740,7010.25,7010.5,7010.25,7010.25
1776226800,7010.25,7010.25,7009.75,7010
1776226860,7010,7010,7009.75,7009.75
1776226920,7009.75,7010,7009.75,7010
1776226980,7010,7010,7010,7010
1776227040,7009.75,7009.75,7009.75,7009.75
1776227100,7010,7010,7009.75,7009.75
1776227160,7010,7010.25,7010,7010
1776227220,7010.25,7010.5,7010,7010
1776227280,7010,7010.5,7010,7010.25
1776227340,7010.25,7010.5,7010,7010.5
1776227400,7010.5,7010.75,7010.25,7010.25
1776227460,7010.25,7010.25,7010.25,7010.25
1776227520,7010,7010,7010,7010
1776227580,7010,7010,7009.75,7009.75
1776227640,7009.75,7010.5,7009.75,7010.25
1776227700,7010.25,7010.25,7010,7010.25
1776227760,7010.25,7010.75,7010,7010
1776227820,7010,7010,7010,7010
1776227880,7010,7010,7009.5,7010
1776227940,7009.75,7010,7009.5,7009.5
1776228000,7009.5,7009.75,7009.5,7009.5
1776228060,7009.5,7009.75,7009.5,7009.75
1776228120,7009.75,7010,7009.75,7009.75
1776228180,7009.5,7009.75,7009.5,7009.75
1776228240,7009.75,7009.75,7009.5,7009.75
1776228300,7009.75,7009.75,7009.25,7009.5
1776228360,7009.5,7009.75,7009.25,7009.25
1776228420,7009.25,7009.25,7008.75,7009
1776228480,7009,7009.25,7007.75,7008.5
1776228540,7008.25,7009,7008.25,7009
1776228600,7008.75,7009,7008.5,7008.75
1776228660,7008.75,7009,7008.25,7008.25
1776228720,7008.25,7008.5,7008.25,7008.25
1776228780,7008.5,7009,7008.25,7008.75
1776228840,7008.75,7009,7007.5,7007.75
1776228900,7007.5,7008,7007.25,7007.5
1776228960,7007.5,7007.75,7007.25,7007.25
1776229020,7007.25,7008,7007.25,7007.75
1776229080,7007.75,7007.75,7007.25,7007.5
1776229140,7007.75,7008,7007.5,7007.75
1776229200,7007.75,7017.25,7007.75,7009
1776229260,7009.25,7010,7007.75,7010
1776229320,7010,7011.25,7009.75,7010.25
1776229380,7010.25,7010.25,7009.5,7010
1776229440,7010,7010.25,7006.5,7007
1776229500,7007.25,7007.75,7006.25,7006.75
1776229560,7007,7007.25,7005.5,7006
1776229620,7006,7007.75,7006,7007.75
1776229680,7007.75,7009,7007.75,7008.5
1776229740,7008,7008.5,7007,7008
1776229800,7008,7010,7008,7010
1776229860,7010,7010,7008.75,7009
1776229920,7009.25,7009.25,7007.5,7007.75
1776229980,7007.75,7008.75,7007.25,7008.5
1776230040,7008.75,7008.75,7008.5,7008.75
1776230100,7008.75,7009,7008.5,7008.5
1776230160,7008.25,7008.5,7008.25,7008.25
1776230220,7008.25,7008.5,7007.25,7008
1776230280,7008,7008.25,7007.75,7007.75
1776230340,7008,7008.25,7007.75,7008
1776230400,7007.5,7007.5,7006.5,7006.75
1776230460,7007,7007,7006,7006
1776230520,7006,7006.25,7004.75,7004.75
1776230580,7005.25,7005.25,7003.25,7003.75
1776230640,7003.75,7004.75,7003.25,7003.75
1776230700,7003.5,7004.5,7003.25,7004.5
1776230760,7004.5,7004.75,7004.25,7004.75
1776230820,7004.75,7005,7004.25,7004.75
1776230880,7004.5,7004.75,7003.25,7003.75
1776230940,7003.75,7005,7003.75,7004.75
1776231000,7004.75,7004.75,7003,7003.5
1776231060,7003.5,7004.25,7003.5,7003.75
1776231120,7003.75,7005,7003.75,7004.75
1776231180,7004.5,7004.5,7003.75,7003.75
1776231240,7003.75,7004.5,7003.5,7004.5
1776231300,7004.25,7004.75,7004,7004.25
1776231360,7004.25,7004.75,7003.25,7003.25
1776231420,7003,7003,7002.5,7002.5
1776231480,7002.75,7003.25,7002.5,7003
1776231540,7003,7003.75,7003,7003.75
1776231600,7003.75,7004.25,7003,7003.25
1776231660,7003.25,7003.5,7002.75,7003.25
1776231720,7003.25,7003.5,7002.5,7002.5
1776231780,7002.5,7002.5,7001.25,7001.5
1776231840,7001.5,7002,7000.5,7001.75
1776231900,7001.75,7002,7001,7001
1776231960,7001.25,7001.75,7001,7001.75
1776232020,7001.5,7002.5,7001.5,7002
1776232080,7002.25,7002.5,7001.75,7001.75
1776232140,7001.75,7002.25,7001.25,7001.75
1776232200,7001.5,7002,7001.5,7001.75
1776232260,7001.5,7001.5,7001,7001.25
1776232320,7001,7002,7001,7001.75
1776232380,7001.75,7002,7001.5,7002
1776232440,7002,7002,7001.5,7001.75
1776232500,7001.75,7003.25,7001.75,7003
1776232560,7003.25,7003.5,7002.75,7003
1776232620,7003,7003.25,7003,7003.25
1776232680,7003.25,7004.25,7003,7004
1776232740,7004,7004,7003.75,7003.75
1776232800,7004,7006.5,7004,7006.5
1776232860,7006.25,7006.25,7005.75,7006
1776232920,7005.75,7006.25,7004.75,7005.25
1776232980,7005.25,7005.25,7004.25,7004.75
1776233040,7004.5,7004.75,7003.75,7004.25
1776233100,7004.5,7004.75,7004,7004.5
1776233160,7004.25,7004.25,7004,7004.25
1776233220,7004.25,7004.5,7004,7004
1776233280,7004.25,7004.25,7003,7003
1776233340,7003,7004,7003,7003.75
1776233400,7003.5,7004.25,7003.5,7004.25
1776233460,7004,7004.5,7003.75,7004.25
1776233520,7004.25,7004.75,7003.75,7004.75
1776233580,7004.5,7004.5,7004,7004.25
1776233640,7004.25,7004.5,7003.5,7003.75
1776233700,7003.75,7004.5,7003.25,7004.5
1776233760,7004.75,7005,7004.25,7004.5
1776233820,7004.5,7005,7004.25,7004.75
1776233880,7004.5,7005.75,7004.25,7005.75
1776233940,7005.5,7005.75,7005.25,7005.25
1776234000,7005.5,7005.75,7005,7005
1776234060,7005,7005.5,7004.75,7005.25
1776234120,7005.25,7005.75,7005.25,7005.25
1776234180,7005.25,7005.5,7004.75,7005.25
1776234240,7005,7005,7004.5,7004.75
1776234300,7005,7005.5,7005,7005.25
1776234360,7005.25,7005.75,7005.25,7005.75
1776234420,7005.75,7006,7005.75,7005.75
1776234480,7006,7006.25,7005.75,7006.25
1776234540,7006.25,7006.5,7005.75,7006.25
1776234600,7006,7007.25,7006,7007.25
1776234660,7007,7008,7006,7007.5
1776234720,7007.5,7007.5,7006.25,7006.75
1776234780,7006.75,7007.5,7006.5,7007.25
1776234840,7007.25,7007.25,7006,7006
1776234900,7006,7006.5,7006,7006
1776234960,7006.25,7007.25,7006.25,7007
1776235020,7007,7007.5,7007,7007
1776235080,7007.25,7007.5,7007.25,7007.5
1776235140,7007.5,7007.5,7006.75,7006.75
1776235200,7006.75,7007,7006.25,7007
1776235260,7007,7007,7006.75,7007
1776235320,7007.25,7007.25,7006.5,7006.75
1776235380,7006.75,7007,7006.5,7007
1776235440,7007.25,7007.5,7007,7007.25
1776235500,7007.5,7007.5,7006.5,7007
1776235560,7007.25,7007.25,7006,7006.5
1776235620,7006.5,7007,7006.5,7007
1776235680,7007,7007,7006.5,7006.5
1776235740,7006.75,7007.25,7006.75,7007
1776235800,7007.25,7007.25,7006,7006.25
1776235860,7006.25,7006.25,7005.5,7006.25
1776235920,7006.5,7007,7006.25,7007
1776235980,7006.75,7007.5,7006.75,7007.25
1776236040,7007.25,7007.5,7006.5,7006.75
1776236100,7006.75,7006.75,7005.75,7006
1776236160,7006,7006,7005,7005
1776236220,7005.25,7005.5,7004.75,7004.75
1776236280,7005,7005,7004.5,7005
1776236340,7005,7005.5,7004.75,7005.25
1776236400,7005.25,7005.75,7004.25,7004.75
1776236460,7004.5,7005,7003.5,7003.75
1776236520,7003.75,7004.5,7003,7004.5
1776236580,7004.25,7004.25,7003.25,7004.25
1776236640,7004.25,7005.25,7003.75,7005.25
1776236700,7005.5,7006,7005.25,7005.75
1776236760,7005.5,7005.75,7004.75,7005.25
1776236820,7005.5,7005.5,7005,7005.25
1776236880,7005.25,7006,7005.25,7006
1776236940,7006,7006,7005.25,7005.25
1776237000,7005.25,7005.75,7004.75,7005.75
1776237060,7005.75,7006,7005.25,7005.25
1776237120,7005.25,7006.5,7005,7005.75
1776237180,7005.75,7005.75,7004.75,7005.25
1776237240,7005.25,7005.5,7004.75,7005
1776237300,7005.25,7005.25,7004.25,7004.25
1776237360,7004.25,7004.25,7003.25,7004
1776237420,7004,7004,7002.5,7002.75
1776237480,7002.75,7003.25,7001.75,7001.75
1776237540,7002,7002.75,7001.75,7002.5
1776237600,7002.75,7003.5,7002.25,7002.75
1776237660,7002.75,7004.25,7002.5,7003.5
1776237720,7003.5,7003.5,7002.5,7002.75
1776237780,7002.75,7003,7002.5,7003
1776237840,7003,7003.5,7002.25,7002.25
1776237900,7002.25,7002.5,7001.75,7002
1776237960,7002.25,7002.5,7002,7002.5
1776238020,7002.25,7002.5,7001.75,7002
1776238080,7002.25,7002.5,7002,7002
1776238140,7002.25,7002.75,7002.25,7002.75
1776238200,7002.5,7003.25,7002.25,7003.25
1776238260,7003,7004.25,7003,7003.75
1776238320,7004,7004.25,7003.25,7003.5
1776238380,7003.5,7004,7003.5,7003.75
1776238440,7003.5,7003.75,7003.25,7003.25
1776238500,7003.25,7004.25,7003.25,7004
1776238560,7004,7004.75,7003.25,7004.75
1776238620,7004.5,7004.75,7004,7004
1776238680,7004.25,7005,7003.75,7004.5
1776238740,7004.75,7005,7004.25,7004.25
1776238800,7004.25,7004.75,7004.25,7004.5
1776238860,7004.75,7005.75,7004.25,7004.25
1776238920,7004,7004.5,7003.75,7004.25
1776238980,7004.25,7004.75,7003.75,7004.75
1776239040,7004.75,7004.75,7004.25,7004.5
1776239100,7004.25,7005.75,6999.25,7005
1776239160,7005.25,7006,7004.75,7005
1776239220,7005,7005.5,7004.25,7005.25
1776239280,7005.25,7006,7005,7005.5
1776239340,7005.5,7007,7005.25,7006.25
1776239400,7006.5,7007,7006.25,7006.5
1776239460,7006.5,7006.75,7005.5,7005.5
1776239520,7005.5,7006.25,7004.75,7005.75
1776239580,7005.5,7005.5,7004.5,7005.25
1776239640,7005.25,7005.5,7004.25,7005
1776239700,7005,7005,7003,7003.5
1776239760,7003.5,7004.25,7002.75,7004.25
1776239820,7004.25,7005.75,7004.25,7005
1776239880,7004.75,7005.25,7004.75,7005
1776239940,7004.75,7005.5,7004.75,7005.25
1776240000,7005.5,7005.75,7005,7005.5
1776240060,7005.5,7006.25,7005.25,7006
1776240120,7006,7007.25,7005.75,7006.5
1776240180,7006.5,7007.5,7006.5,7007.25
1776240240,7007,7007.5,7006,7006.5
1776240300,7006,7007,7006,7006.75
1776240360,7006.75,7007.25,7006.25,7007
1776240420,7007.25,7007.5,7005.75,7005.75
1776240480,7005.75,7006.5,7005.25,7006.25
1776240540,7006.25,7006.25,7005,7005
1776240600,7004.75,7004.75,7003.75,7004.25
1776240660,7004.25,7004.75,7004,7004.25
1776240720,7004.25,7005,7004.25,7004.75
1776240780,7004.75,7005.75,7004.75,7005.25
1776240840,7005.25,7005.5,7004.75,7005.5
1776240900,7005.5,7005.75,7005,7005.5
1776240960,7005.5,7006.25,7005.5,7005.75
1776241020,7005.5,7005.5,7002.5,7004
1776241080,7004.25,7005.25,7002.75,7004.25
1776241140,7004.25,7004.5,7004,7004.25
1776241200,7004.5,7004.5,7004,7004.5
1776241260,7004.5,7005,7004.25,7005
1776241320,7004.75,7005.5,7004.5,7004.5
1776241380,7004.5,7005,7004.5,7004.75
1776241440,7004.75,7005.25,7004.75,7005.25
1776241500,7005.5,7007,7005.5,7007
1776241560,7006.75,7007.25,7006.5,7006.75
1776241620,7006.5,7007,7006.5,7007
1776241680,7007,7007.75,7006.5,7007.25
1776241740,7007.25,7007.75,7006.75,7007.5
1776241800,7007.5,7009,7006.75,7008.5
1776241860,7008.25,7008.25,7007.25,7007.5
1776241920,7007.5,7008,7007.25,7008
1776241980,7008,7008.5,7007.5,7008.5
1776242040,7008.25,7009.75,7008.25,7008.5
1776242100,7008.25,7009,7007.75,7007.75
1776242160,7007.75,7008,7007,7007.75
1776242220,7007.75,7008,7007.25,7007.75
1776242280,7008,7008.5,7007.75,7008.25
1776242340,7008,7009,7007.5,7007.75
1776242400,7007.75,7008,7007.5,7007.75
1776242460,7007.75,7008.25,7007.5,7008.25
1776242520,7008.25,7008.5,7007.75,7008.25
1776242580,7008,7008.5,7007.75,7007.75
1776242640,7007.5,7008,7007.25,7007.25
1776242700,7007.25,7007.25,7006.5,7006.75
1776242760,7006.75,7007.25,7006.5,7007.25
1776242820,7007.25,7008,7007.25,7008
1776242880,7008,7008.25,7007.25,7008
1776242940,7008,7008.25,7007.75,7008
1776243000,7007.75,7008,7007,7007.25
1776243060,7007.25,7007.25,7006.75,7007.25
1776243120,7007.25,7008.25,7007.25,7007.75
1776243180,7008,7008.75,7008,7008.75
1776243240,7008.75,7009.75,7008.25,7009
1776243300,7009.25,7009.5,7009,7009.25
1776243360,7009.5,7010.5,7009.25,7010
1776243420,7010,7010.25,7009.5,7009.75
1776243480,7009.75,7010.25,7009.5,7010
1776243540,7009.75,7009.75,7008.5,7008.5
1776243600,7008.75,7009.5,7008.25,7009.25
1776243660,7009.5,7010.25,7009.25,7009.75
1776243720,7009.75,7010,7004.5,7007
1776243780,7007,7007.25,7005,7005.75
1776243840,7006,7007.25,7005.5,7005.75
1776243900,7005.75,7005.75,7002.75,7003.75
1776243960,7003.75,7004,7002.5,7004
1776244020,7004,7004.5,7002,7002.25
1776244080,7002.5,7002.75,7001.5,7002.5
1776244140,7002.75,7002.75,7002,7002.75
1776244200,7002.75,7003.75,7001.75,7002.25
1776244260,7002,7002.25,7000,7000.75
1776244320,7000.75,7002,7000.5,7001.75
1776244380,7001.75,7003.25,7001.5,7002.75
1776244440,7002.75,7003,7001.75,7002.5
1776244500,7002.5,7003.5,7002,7002
1776244560,7002.25,7002.75,7001.75,7002
1776244620,7002,7002.5,7001.5,7002
1776244680,7002,7002.75,7001.25,7002.75
1776244740,7002.75,7003.25,7002.5,7003
1776244800,7002.75,7003,7001.5,7003
1776244860,7003.25,7004.75,7003,7004.25
1776244920,7004.25,7004.5,7003.75,7004.5
1776244980,7004.5,7004.75,7003.5,7004.25
1776245040,7004.25,7004.5,7003.5,7003.75
1776245100,7004,7004,7003,7003.75
1776245160,7003.75,7003.75,7001.5,7002.75
1776245220,7002.75,7002.75,7000.75,7002
1776245280,7002,7002,7000.5,7001
1776245340,7001.25,7002,7001.25,7001.75
1776245400,7001.5,7003,7001.25,7002.5
1776245460,7002.75,7002.75,7002,7002.5
1776245520,7002.5,7002.5,7001.75,7002
1776245580,7001.75,7002.5,7001.75,7002.25
1776245640,7002.25,7002.5,7002,7002.5
1776245700,7002.75,7003.25,7002.5,7002.75
1776245760,7002.75,7002.75,7001.75,7002
1776245820,7002,7002,7001.5,7001.75
1776245880,7002,7002.75,7001.75,7002
1776245940,7002,7002,6999.25,7000
1776246000,7000,7001.5,7000,7001.5
1776246060,7001.5,7001.75,7000.75,7001.75
1776246120,7001.75,7002.25,7001.5,7002
1776246180,7002,7002,7001.25,7001.75
1776246240,7001.75,7001.75,7000.75,7000.75
1776246300,7000.5,7001,7000.25,7001
1776246360,7001,7002.5,7000.75,7001.75
1776246420,7001.5,7001.75,7000.25,7000.75
1776246480,7001,7002.25,7001,7002
1776246540,7002,7002,7000.25,7001
1776246600,7000.75,7002.25,7000.5,7002
1776246660,7002,7002.5,7001.5,7002.5
1776246720,7002.5,7002.5,7001.75,7001.75
1776246780,7001.75,7001.75,7001.25,7001.25
1776246840,7001.5,7001.75,7001.25,7001.25
1776246900,7001.25,7001.75,7001.25,7001.25
1776246960,7001,7001.25,7000.75,7001.25
1776247020,7001,7001,7000.25,7001
1776247080,7001.25,7001.5,7001,7001
1776247140,7001.25,7001.25,7000.25,7000.25
1776247200,7000.25,7001,6999.5,6999.75
1776247260,6999.75,7002.5,6999.75,7001.5
1776247320,7001.75,7002.5,7001.25,7002
1776247380,7002.25,7002.25,7001.5,7001.5
1776247440,7001.5,7001.75,7001,7001.25
1776247500,7001,7003,7001,7002
1776247560,7002.25,7004,7002.25,7004
1776247620,7004,7005.25,7003.25,7004
1776247680,7003.75,7004.25,7003.5,7004.25
1776247740,7004,7005,7004,7004.5
1776247800,7004.5,7005,7003.5,7003.75
1776247860,7003.5,7003.75,7002.5,7003
1776247920,7003,7003.5,7002.5,7003.25
1776247980,7003.25,7003.25,7002.5,7002.75
1776248040,7002.5,7003.25,7001.5,7002
1776248100,7002,7002.25,6996.75,6998.75
1776248160,6999,7000.5,6996.75,7000
1776248220,7000,7000,6997,6998.75
1776248280,6999,6999.5,6998.75,6998.75
1776248340,6998.75,6998.75,6997,6998
1776248400,6998,6999.5,6997.25,6999.5
1776248460,6999.25,7000,6997.75,6998
1776248520,6998,6998,6994.75,6996
1776248580,6996,6996.75,6994.5,6995.25
1776248640,6995,6995.75,6994.25,6994.75
1776248700,6994.5,6996.25,6994.5,6994.5
1776248760,6994.5,6994.75,6992.75,6993.25
1776248820,6993.5,6994,6992.75,6993.5
1776248880,6993.25,6994,6992.75,6993.75
1776248940,6993.75,6995,6993.75,6994.75
1776249000,6994.75,6997,6994.5,6996.75
1776249060,6996.75,6996.75,6994.25,6995.25
1776249120,6995,6996.25,6994.75,6996
1776249180,6995.75,6996.25,6991.75,6992.75
1776249240,6992.5,6993.5,6992.25,6993
1776249300,6993,6993.5,6992.75,6993.25
1776249360,6993.25,6994,6992.5,6993.5
1776249420,6993.5,6993.75,6993.25,6993.75
1776249480,6993.75,6995.5,6993.75,6995.5
1776249540,6995.25,6996.25,6995.25,6995.75
1776249600,6995.75,6996.5,6995.5,6996.5
1776249660,6996.5,6998.5,6995.75,6996.25
1776249720,6996.25,7001,6995.75,6999.5
1776249780,6999.75,7001.5,6999,7000.75
1776249840,7000.5,7002,7000.25,7001.75
1776249900,7001.5,7002.75,7000.5,7002.5
1776249960,7002.25,7003.75,7002,7002.25
1776250020,7002.25,7002.5,7001.25,7001.5
1776250080,7001.5,7001.75,7000.5,7001.25
1776250140,7001,7001.25,7000.5,7001
1776250200,7001,7001.5,6999.75,7000
1776250260,7000,7000.25,6999.5,7000
1776250320,7000,7000.25,6999.5,6999.75
1776250380,6999.75,7002.25,6999.75,7001.5
1776250440,7001.25,7002,7001,7001.25
1776250500,7001.25,7001.25,7000.5,7001
1776250560,7001,7001,7000,7000.25
1776250620,7000.25,7002,6999.75,7001.75
1776250680,7001.75,7002.25,7001.5,7001.5
1776250740,7001.5,7002.25,7001.25,7002
1776250800,7002,7003,7002,7002.5
1776250860,7002.5,7003.25,7002.25,7003.25
1776250920,7003.25,7004.5,7002.5,7003.25
1776250980,7003,7004,7003,7003.75
1776251040,7003.75,7004,7003.5,7003.75
1776251100,7003.75,7004.25,7003.25,7003.25
1776251160,7003.25,7003.5,7001.5,7001.75
1776251220,7002,7003,7002,7002.5
1776251280,7003,7003.5,7002.75,7003.25
1776251340,7003,7004,7003,7003.75
1776251400,7003.75,7005.5,7003.75,7005
1776251460,7005,7005.75,7004.75,7004.75
1776251520,7005,7005.5,7004.5,7005.25
1776251580,7005.25,7005.75,7004.75,7004.75
1776251640,7004.75,7006.25,7004.5,7005.5
1776251700,7005.5,7005.75,7004,7004
1776251760,7004,7004.75,7003.75,7004
1776251820,7004,7004,7002.5,7002.5
1776251880,7002.5,7003.25,7002.5,7002.75
1776251940,7002.75,7003,7002.5,7002.75
1776252000,7002.75,7002.75,7001.5,7002.75
1776252060,7002.75,7003.75,7002.5,7003
1776252120,7003,7003.5,7002.75,7003.25
1776252180,7003.5,7004.25,7003.25,7004
1776252240,7004,7004.75,7004,7004.25
1776252300,7004.25,7005.5,7004,7005
1776252360,7005.25,7005.75,7005,7005
1776252420,7005,7006.25,7005,7005.75
1776252480,7005.75,7006,7004.75,7004.75
1776252540,7004.75,7004.75,7003,7003.25
1776252600,7003.5,7008,7003,7006.5
1776252660,7006.25,7008,7006,7006.75
1776252720,7006.75,7007.25,7006.25,7006.5
1776252780,7006.25,7006.75,7005,7005.75
1776252840,7005.5,7005.75,7004,7004.5
1776252900,7004.5,7005.75,7004.25,7005
1776252960,7005.25,7006.75,7004.75,7006.75
1776253020,7006.75,7007,7006,7006.75
1776253080,7006.75,7007.25,7006.5,7007
1776253140,7006.75,7007,7006.5,7006.75
1776253200,7006.5,7007,7005.5,7006
1776253260,7006,7006.5,7005,7005.25
1776253320,7005.25,7005.5,7004.75,7005.5
1776253380,7005.5,7005.5,7005.25,7005.25
1776253440,7005.25,7005.25,7004.75,7005
1776253500,7005,7005.5,7004.75,7005.25
1776253560,7005.5,7018,7004.75,7005
1776253620,7004.75,7008.25,7003.5,7007.25
1776253680,7007.25,7007.75,7005.75,7006
1776253740,7006.25,7009.25,7006,7008.25
1776253800,7008.25,7009,7007.25,7007.75
1776253860,7008,7009.25,7006.75,7007.5
1776253920,7007.75,7008.5,7006.25,7006.5
1776253980,7006.5,7007.5,7005.75,7006.75
1776254040,7007,7009,7007,7008.75
1776254100,7009,7010,7008.25,7009.25
1776254160,7009.25,7012,7008.75,7009.75
1776254220,7009.5,7010,7008.5,7008.75
1776254280,7008.75,7010,7008.75,7009.25
1776254340,7009.25,7010,7009,7009
1776254400,7009.25,7009.75,7008,7009.75
1776254460,7009.5,7009.75,7005,7008.25
1776254520,7008,7011.25,7007.25,7010
1776254580,7010,7010.75,7006.75,7007.75
1776254640,7008,7009.25,7007,7007.25
1776254700,7007,7007.25,7002.25,7004.25
1776254760,7004.25,7005.25,7003,7005
1776254820,7005.25,7007.5,7005.25,7006.5
1776254880,7006.5,7008.25,7006.5,7008
1776254940,7008,7008,7007,7007.5
1776255000,7007.75,7008,7006.75,7007.5
1776255060,7007.5,7008,7005.25,7006
1776255120,7005.75,7006.5,7004.5,7005
1776255180,7005,7006,7004.75,7005.75
1776255240,7005.75,7005.75,7004.75,7005
1776255300,7005.25,7005.5,7003.75,7004
1776255360,7003.75,7005.5,7003.75,7005.25
1776255420,7005.5,7005.5,7004.75,7005.5
1776255480,7005.25,7006.25,7005.25,7006.25
1776255540,7006.5,7007.25,7006.25,7006.5
1776255600,7006.5,7006.5,7005.25,7005.5
1776255660,7005.75,7007,7005.75,7006.25
1776255720,7006.25,7007.25,7006.25,7006.5
1776255780,7006.5,7006.5,7005.25,7005.5
1776255840,7005.5,7007.5,7005.5,7007.25
1776255900,7007,7007.25,7005.75,7006.5
1776255960,7006.25,7006.25,7001.5,7004.75
1776256020,7005,7006,7004.75,7004.75
1776256080,7004.75,7004.75,7004,7004.5
1776256140,7004.5,7005.25,7003.75,7005.25
1776256200,7005.25,7005.75,7004.5,7005.5
1776256260,7005.25,7005.25,7004.25,7005
1776256320,7005,7006,7004.75,7006
1776256380,7006,7008,7005.5,7007.75
1776256440,7007.5,7008.5,7007,7007.75
1776256500,7007.5,7008.75,7007.25,7007.75
1776256560,7008,7008.25,7006.75,7007.75
1776256620,7007.25,7008.25,7007.25,7008
1776256680,7008.25,7009.75,7008.25,7009
1776256740,7009,7010.25,7008.75,7010.25
1776256800,7010.25,7011,7009.25,7009.5
1776256860,7009.5,7012,7009.25,7011
1776256920,7011,7011,7009,7009
1776256980,7009,7009.75,7008.5,7009.5
1776257040,7009.5,7011.25,7009.5,7010.75
1776257100,7010.75,7010.75,7009.5,7009.75
1776257160,7009.75,7010.75,7008.75,7010.5
1776257220,7010.5,7011,7009.75,7010.25
1776257280,7010.25,7010.5,7009.75,7010.25
1776257340,7010,7010.25,7009.25,7009.5
1776257400,7009.25,7009.75,7008.75,7009
1776257460,7009.25,7009.5,7008,7008.5
1776257520,7008.75,7010,7008,7009.75
1776257580,7009.5,7010.5,7009.25,7010.25
1776257640,7010,7010.5,7009.5,7010.25
1776257700,7010.25,7010.75,7009.75,7010
1776257760,7010,7010.5,7009.5,7009.5
1776257820,7009.5,7010,7009.5,7009.75
1776257880,7010,7010.75,7009.75,7010.25
1776257940,7010,7010,7008.5,7008.5
1776258000,7008.75,7008.75,7007.5,7007.5
1776258060,7007.75,7008,7006.5,7006.75
1776258120,7007,7008,7006,7006.75
1776258180,7007,7007.75,7006.75,7007.25
1776258240,7007.5,7008.5,7007.25,7008.5
1776258300,7008.25,7008.25,7007.25,7007.75
1776258360,7007.75,7009.5,7007.5,7009
1776258420,7009.25,7009.25,7008,7008
1776258480,7008,7008.75,7007.75,7008.25
1776258540,7008.25,7009,7008,7009
1776258600,7009,7009.5,7008.5,7009
1776258660,7009,7010,7008.75,7009
1776258720,7009,7009.25,7008.5,7008.75
1776258780,7008.75,7010.25,7008.75,7010
1776258840,7010.25,7011,7009.75,7010.25
1776258900,7010.25,7011,7010.25,7010.5
1776258960,7010.5,7011,7010.25,7011
1776259020,7010.75,7011,7009.75,7009.75
1776259080,7010,7010,7008.5,7009
1776259140,7008.75,7010.5,7008.75,7010.25
1776259200,7010,7011,7009.75,7010.75
1776259260,7010.5,7011.75,7010.5,7011.25
1776259320,7011.25,7011.25,7010.25,7010.25
1776259380,7010.25,7011.25,7009.5,7011.25
1776259440,7011.25,7011.25,7009,7009.25
1776259500,7009.5,7014.5,7009.5,7014.5
1776259560,7014.5,7015,7013.25,7013.75
1776259620,7013.75,7014.5,7013.5,7014.5
1776259680,7014.5,7015,7013.75,7014.25
1776259740,7014.25,7014.25,7012.5,7014.25
1776259800,7014.25,7017.25,7013.5,7015.75
1776259860,7016,7018,7012.25,7013
1776259920,7012.75,7016.25,7012.5,7016.25
1776259980,7016.5,7019,7016.25,7018.25
1776260040,7018.25,7020,7016.75,7019
1776260100,7019.25,7020.75,7016.5,7017.75
1776260160,7017.5,7020.75,7016.5,7020.5
1776260220,7020.25,7021.5,7018.5,7020.75
1776260280,7020.5,7023.75,7019.5,7023.75
1776260340,7023.5,7024.5,7021.75,7024
1776260400,7024.25,7024.75,7021.75,7023.5
1776260460,7023.5,7023.75,7021.75,7023.25
1776260520,7023,7023,7018.5,7018.5
1776260580,7018.75,7019.5,7014.25,7014.25
1776260640,7014.5,7015.25,7004,7005.25
1776260700,7005.5,7009.75,7005.25,7007.75
1776260760,7007.75,7009.5,7006.5,7008.5
1776260820,7008.25,7014.25,7008,7014.25
1776260880,7014.25,7014.25,7011.75,7012.5
1776260940,7012.25,7013.25,7010.75,7011.5
1776261000,7011.5,7013.25,7010.5,7012.25
1776261060,7012,7012.75,7011,7011.5
1776261120,7011.25,7011.5,7006.5,7010.75
1776261180,7010.5,7013,7009.75,7012
1776261240,7012,7012,7010.5,7011.75
1776261300,7011.5,7013.75,7011.5,7012.25
1776261360,7012.25,7013.75,7011.75,7013.25
1776261420,7013,7016,7012,7015.75
1776261480,7015.5,7017.25,7015,7016.5
1776261540,7016.5,7018.5,7016.5,7018
1776261600,7017.75,7019,7012.5,7013.5
1776261660,7013.5,7015,7013.25,7014.75
1776261720,7014.75,7016.75,7014.25,7015.5
1776261780,7015.75,7017,7015,7016.25
1776261840,7016,7016.25,7014,7014
1776261900,7014.25,7015.5,7013,7014.25
1776261960,7014.25,7016,7011.5,7015.75
1776262020,7015.75,7016.5,7013.75,7015
1776262080,7015,7016.5,7014,7015.25
1776262140,7015.5,7017,7015,7015.75
1776262200,7016,7017.75,7015.5,7017.25
1776262260,7017.25,7018.25,7015,7016.5
1776262320,7016.75,7019,7016.5,7017
1776262380,7017,7019.75,7016.75,7019.5
1776262440,7019.5,7021,7018.75,7021
1776262500,7021,7023.25,7020.75,7023
1776262560,7023,7024.75,7021.5,7024.75
1776262620,7024.75,7025.5,7022.75,7023
1776262680,7023,7023.75,7022.25,7023.25
1776262740,7023.25,7023.5,7019.5,7020.5
1776262800,7020.5,7022.5,7020.25,7022.5
1776262860,7022.5,7025.25,7021.75,7024.5
1776262920,7024.75,7026,7024,7025.75
1776262980,7025.5,7026.75,7025,7025.75
1776263040,7026,7031,7025.5,7028.25
1776263100,7028.25,7029.75,7027.25,7029.25
1776263160,7029.5,7030.5,7028.75,7030
1776263220,7030,7030.5,7029.25,7029.5
1776263280,7029.5,7030.5,7027.5,7030.5
1776263340,7030.5,7031,7029.25,7031
1776263400,7031,7032.25,7029.25,7030
1776263460,7030,7031.75,7029.5,7031.5
1776263520,7031.5,7032.25,7030.75,7032.25
1776263580,7032.25,7032.25,7029.25,7029.5
1776263640,7029.5,7029.5,7026,7026.75
1776263700,7026.75,7029.25,7025.5,7028.75
1776263760,7028.5,7029,7027.5,7028
1776263820,7027.75,7029.25,7027.75,7028.5
1776263880,7028.5,7028.75,7024.75,7025
1776263940,7025,7025,7020.75,7022
1776264000,7022,7027.25,7022,7026.5
1776264060,7026.5,7028,7026.25,7027.75
1776264120,7028,7028.5,7025.75,7027.25
1776264180,7027.25,7029.75,7026.5,7029.25
1776264240,7029.5,7029.5,7028.5,7029
1776264300,7029.25,7030,7028.5,7030
1776264360,7030,7030,7029,7029.75
1776264420,7030,7030,7027.75,7029
1776264480,7029.25,7030.75,7028.75,7030.5
1776264540,7030.75,7032,7030,7031.75
1776264600,7032,7033,7031.25,7031.5
1776264660,7031.5,7031.75,7028.75,7029.5
1776264720,7029.5,7030,7028.5,7029.25
1776264780,7029.5,7030.75,7028.25,7028.5
1776264840,7028.5,7029.75,7028.25,7028.75
1776264900,7028.75,7030,7028,7029.75
1776264960,7029.75,7031.5,7029.25,7031
1776265020,7031.25,7031.75,7030.5,7031.25
1776265080,7031.25,7031.25,7030.25,7031
1776265140,7031,7031,7029,7029
1776265200,7029.25,7030,7027.5,7027.75
1776265260,7027.75,7030,7027.25,7030
1776265320,7030,7031.5,7029.5,7030.75
1776265380,7031,7031.25,7029.75,7030.5
1776265440,7030.75,7031,7029,7031
1776265500,7031,7032,7030.5,7031.75
1776265560,7031.75,7031.75,7029,7030
1776265620,7030,7030.5,7026.25,7026.75
1776265680,7026.5,7027.75,7026,7027
1776265740,7027.25,7029,7027,7028.5
1776265800,7028.5,7030.75,7028,7030.75
1776265860,7030.75,7031.75,7030.5,7030.75
1776265920,7030.75,7035,7030.75,7034
1776265980,7034,7034.25,7032.5,7033.25
1776266040,7033.25,7035,7033,7034.75
1776266100,7035,7036.75,7034,7036
1776266160,7036,7036.25,7034.75,7035.5
1776266220,7035.5,7035.5,7033.5,7035.5
1776266280,7035.25,7036.25,7034.5,7035.75
1776266340,7035.5,7036.25,7035,7035.75
1776266400,7035.5,7036.25,7034.75,7036
1776266460,7035.75,7036.25,7035,7035.75
1776266520,7035.75,7037.25,7035.5,7036.5
1776266580,7036.75,7036.75,7034,7035
1776266640,7035,7035.5,7034.5,7035.5
1776266700,7035.5,7036.25,7035,7035.75
1776266760,7035.75,7036.25,7035.25,7036
1776266820,7035.75,7037.25,7035.5,7037
1776266880,7037,7037.5,7036.5,7037
1776266940,7036.75,7036.75,7034.5,7035.75
1776267000,7035.75,7036,7032,7032.5
1776267060,7032.25,7033.5,7031,7032.5
1776267120,7032.25,7033.5,7030.25,7030.5
1776267180,7030.5,7032,7030.25,7031
1776267240,7030.75,7031.75,7030.75,7031
1776267300,7030.75,7032,7030.5,7031.5
1776267360,7031.25,7033,7030.5,7031
1776267420,7030.75,7033.75,7030.75,7033
1776267480,7033,7033.75,7032.5,7032.75
1776267540,7032.75,7033,7031.75,7033
1776267600,7033,7034.25,7032.75,7033.75
1776267660,7033.75,7036.75,7033.75,7036.5
1776267720,7036.5,7037.5,7035.75,7037.25
1776267780,7037.5,7037.5,7036.5,7037
1776267840,7037,7037.5,7036.25,7036.25
1776267900,7036,7037.5,7036,7037
1776267960,7037,7037.5,7036,7037.5
1776268020,7037.5,7037.5,7035.25,7035.75
1776268080,7035.75,7037,7035,7036.75
1776268140,7036.75,7037.5,7036.25,7036.25
1776268200,7036.5,7037.25,7035.25,7036.5
1776268260,7036.25,7036.75,7035.25,7036
1776268320,7036,7036.75,7035,7036.5
1776268380,7036.5,7036.5,7035,7035
1776268440,7035.25,7035.25,7033.75,7034
1776268500,7034.25,7034.5,7032.75,7033
1776268560,7032.75,7032.75,7031,7031.75
1776268620,7032,7032.75,7031,7032.25
1776268680,7032.5,7033.75,7032,7033.25
1776268740,7033.25,7034,7031.75,7032
1776268800,7032,7032,7029.75,7031.75
1776268860,7031.75,7032.5,7031,7032
1776268920,7032,7032.75,7031.5,7032
1776268980,7032,7033,7031.75,7032.75
1776269040,7032.75,7033.5,7032.5,7032.75
1776269100,7032.75,7033.25,7031.25,7032.75
1776269160,7032.75,7034.5,7032.75,7033.5
1776269220,7033.25,7034.75,7033.25,7034.75
1776269280,7034.75,7036,7034.75,7035.5
1776269340,7035.5,7036.75,7034.75,7036.25
1776269400,7036,7036.25,7034.25,7035
1776269460,7034.75,7035.75,7034.5,7035.5
1776269520,7035.5,7036,7034.25,7035.25
1776269580,7035.5,7036.5,7035.25,7036.25
1776269640,7036,7036.25,7035.25,7035.5
1776269700,7035.75,7036.5,7034.75,7035
1776269760,7035,7036.25,7034.25,7035.75
1776269820,7035.75,7037,7035.5,7036.25
1776269880,7036.25,7037.75,7035.75,7037.75
1776269940,7037.75,7038,7037,7037.75
1776270000,7038,7039.75,7038,7039.5
1776270060,7039.25,7040,7038.75,7039.5
1776270120,7039.5,7039.75,7038.75,7039.25
1776270180,7039,7040.25,7038.75,7039.75
1776270240,7039.75,7040.25,7039.25,7039.75
1776270300,7039.75,7039.75,7036.75,7037.25
1776270360,7037.25,7038.25,7037,7038
1776270420,7037.75,7039,7037.75,7038.5
1776270480,7038.5,7038.75,7037,7037.5
1776270540,7037.5,7037.75,7035.5,7035.75
1776270600,7035.75,7036.75,7033.5,7034.25
1776270660,7034,7036.5,7033.5,7035.75
1776270720,7035.5,7036,7033.5,7034
1776270780,7034,7035,7033.25,7034.5
1776270840,7034.5,7035.25,7033.5,7034.75
1776270900,7034.75,7036.25,7034.5,7035.75
1776270960,7035.75,7036.25,7035,7035.5
1776271020,7035.5,7037.25,7035,7036.25
1776271080,7036.25,7036.75,7035.75,7036.25
1776271140,7036.25,7036.25,7033.5,7033.75
1776271200,7033.75,7033.75,7029.5,7029.75
1776271260,7029.75,7030.25,7025.75,7026
1776271320,7026,7029.25,7025.75,7027.25
1776271380,7027.25,7029,7027.25,7028.5
1776271440,7028.5,7029.25,7025.75,7026
1776271500,7026,7027,7025.25,7026.25
1776271560,7026.25,7027,7025.25,7025.75
1776271620,7025.5,7025.75,7022.25,7024
1776271680,7024.25,7025.75,7021.75,7025.25
1776271740,7025.25,7029.25,7025,7029
1776271800,7029,7030,7028.5,7029.5
1776271860,7029.75,7029.75,7025.5,7026.25
1776271920,7026.25,7026.25,7023.5,7024.75
1776271980,7024.75,7024.75,7022,7024.5
1776272040,7024.5,7026.25,7023.5,7024
1776272100,7024,7024.5,7021.75,7023.5
1776272160,7023.75,7023.75,7019.25,7022.75
1776272220,7022.5,7026.25,7022.5,7026
1776272280,7026,7027.25,7025.75,7027
1776272340,7026.75,7028.5,7026.25,7027.25
1776272400,7027.25,7029.75,7026.5,7029.5
1776272460,7029.25,7030,7027.75,7028.25
1776272520,7028.25,7029.25,7027.75,7028.5
1776272580,7028.75,7031.75,7028.25,7031.25
1776272640,7031.5,7033,7031.25,7032.5
1776272700,7032.5,7034.5,7032,7033.25
1776272760,7033.5,7035,7033.25,7034.75
1776272820,7034.5,7036.25,7034.25,7035.25
1776272880,7035.25,7035.25,7033,7034
1776272940,7034,7034.5,7033.25,7034.25
1776273000,7034.25,7035,7033.75,7034.25
1776273060,7034.25,7034.5,7032.5,7034.25
1776273120,7034.5,7034.5,7032.25,7032.75
1776273180,7032.75,7034.25,7032.25,7034.25
1776273240,7034.25,7034.75,7033.5,7033.75
1776273300,7033.75,7035.25,7033.5,7035
1776273360,7035,7036.5,7035,7036.25
1776273420,7036.25,7036.25,7035.5,7035.75
1776273480,7035.75,7036.75,7035.25,7035.5
1776273540,7035.75,7036,7034.75,7034.75
1776273600,7035,7035.75,7034.5,7034.5
1776273660,7034.5,7034.5,7033.5,7034.25
1776273720,7034.5,7034.5,7032.75,7033
1776273780,7033.25,7034,7032.75,7033
1776273840,7033.25,7035.5,7033,7035
1776273900,7035.25,7036,7034.5,7036
1776273960,7035.75,7037.5,7035.25,7037.25
1776274020,7037.25,7038.25,7036.75,7036.75
1776274080,7037,7037.25,7035.75,7036.75
1776274140,7036.75,7037,7036,7036.25
1776274200,7036.25,7037,7035.75,7036.5
1776274260,7036.75,7037,7036,7036.5
1776274320,7036.5,7038.5,7036.5,7038
1776274380,7038,7039,7037.75,7038.25
1776274440,7038.25,7040.5,7038,7039.75
1776274500,7039.75,7040.25,7039.5,7040.25
1776274560,7040,7042,7039.75,7041.75
1776274620,7042,7042.25,7039.5,7039.75
1776274680,7039.75,7040.5,7039,7040
1776274740,7040.25,7040.25,7038.25,7038.5
1776274800,7038.75,7038.75,7037,7037.5
1776274860,7037.5,7037.75,7036,7036.25
1776274920,7036.5,7036.5,7035,7036
1776274980,7036,7036.5,7035,7036
1776275040,7036,7037,7035.75,7036.75
1776275100,7036.75,7038.25,7036.5,7038.25
1776275160,7038.25,7038.25,7037.25,7038
1776275220,7038,7039.25,7037.5,7038
1776275280,7038,7038.5,7037.25,7037.75
1776275340,7037.75,7038.75,7037.25,7037.5
1776275400,7037.75,7039,7037.5,7038.5
1776275460,7038.5,7039.5,7038.25,7039.25
1776275520,7039.25,7040,7038.75,7039.25
1776275580,7039,7040.75,7039,7040.25
1776275640,7040.5,7040.75,7039.25,7039.25
1776275700,7039.5,7040.5,7039.25,7039.75
1776275760,7039.75,7040.5,7039.5,7039.75
1776275820,7039.75,7040,7038.25,7038.75
1776275880,7038.75,7038.75,7037,7037.5
1776275940,7037.5,7037.75,7036.75,7037
1776276000,7036.75,7037,7033.75,7034.5
1776276060,7034.5,7040.75,7034.25,7036.5
1776276120,7036.5,7048.5,7036.5,7041.5
1776276180,7041.5,7042.75,7039.25,7042
1776276240,7041.75,7043,7041.25,7042.25
1776276300,7042,7044,7041.75,7042.25
1776276360,7042,7044.25,7042,7043.5
1776276420,7043.25,7043.75,7042.5,7043.5
1776276480,7043.5,7044.25,7042.75,7043
1776276540,7043,7043.5,7042,7043
1776276600,7043,7043,7040.75,7041.25
1776276660,7041.25,7043.75,7041,7043.5
1776276720,7043.5,7045,7043.25,7044.75
1776276780,7045,7046.5,7045,7046.25
1776276840,7046.25,7046.75,7045,7045
1776276900,7045,7047.5,7045,7047.5
1776276960,7047.5,7048.75,7046.75,7048.5
1776277020,7048.25,7048.5,7046.5,7047
1776277080,7046.75,7047,7045.5,7046
1776277140,7046,7046.25,7045,7045.5
1776277200,7045.75,7046.25,7044,7044.5
1776277260,7044.25,7046,7044,7045.75
1776277320,7045.75,7046.25,7045.5,7046
1776277380,7046,7046.75,7045.75,7046.5
1776277440,7046.75,7047.5,7046.5,7046.75
1776277500,7047,7047.5,7045,7045.5
1776277560,7045.25,7046.5,7045.25,7046.5
1776277620,7046.5,7047.5,7046.25,7047.25
1776277680,7047.25,7047.75,7046.5,7047
1776277740,7047.25,7047.25,7046.25,7047
1776277800,7047,7048.5,7046.75,7048
1776277860,7048,7049.75,7047.75,7049.25
1776277920,7049.25,7049.75,7048.25,7049.25
1776277980,7049,7051.25,7048.5,7051.25
1776278040,7051,7052.75,7051,7052.5
1776278100,7052.75,7054,7052.25,7053
1776278160,7053,7054,7052.75,7053.25
1776278220,7053.25,7054,7051.25,7051.5
1776278280,7051.75,7051.75,7050.75,7050.75
1776278340,7051,7052.25,7050,7052.25
1776278400,7052.25,7052.25,7048.75,7049.25
1776278460,7049.25,7050.5,7048,7048.5
1776278520,7048.25,7049,7048,7048.5
1776278580,7048.5,7050.75,7048.5,7050.75
1776278640,7050.5,7051.25,7050.5,7051
1776278700,7051,7053,7051,7053
1776278760,7053,7053,7051.75,7052.5
1776278820,7052.5,7054,7052.25,7054
1776278880,7054,7054,7053,7053.5
1776278940,7053.5,7054.75,7053,7054.75
1776279000,7054.75,7057,7054.5,7056.5
1776279060,7056.5,7057.75,7056.25,7057.5
1776279120,7057.75,7057.75,7055.75,7057
1776279180,7057,7057,7055.5,7056.75
1776279240,7056.5,7057.75,7056.5,7057.25
1776279300,7057,7058,7056.25,7057.75
1776279360,7057.75,7059.25,7057.5,7058.75
1776279420,7058.75,7060.5,7058.75,7059.25
1776279480,7059.25,7060.25,7058.75,7059.75
1776279540,7060,7060,7058.25,7058.25
1776279600,7058.5,7059.25,7057,7057.5
1776279660,7057.75,7058,7056,7056
1776279720,7056.25,7058.25,7055.75,7058.25
1776279780,7058.25,7059.25,7057.75,7058.5
1776279840,7058.75,7059.5,7058,7059.5
1776279900,7059.5,7061,7059.25,7060.5
1776279960,7060.5,7061.25,7060,7060.75
1776280020,7060.75,7061.25,7060.25,7060.5
1776280080,7060.5,7060.75,7059.25,7060.5
1776280140,7060.5,7061,7059.5,7060.25
1776280200,7060.5,7061.5,7060.25,7061
1776280260,7061.25,7061.5,7058.75,7059.5
1776280320,7059.75,7060.25,7059,7059.75
1776280380,7059.75,7060,7058.5,7058.5
1776280440,7058.5,7058.75,7056,7056.5
1776280500,7056.5,7058,7056.5,7057
1776280560,7057,7057.25,7056,7057
1776280620,7057,7057,7055.5,7056.75
1776280680,7056.75,7058.25,7056.5,7057.75
1776280740,7058,7058,7056.75,7058
1776280800,7058,7058.25,7057,7058.25
1776280860,7058.25,7058.25,7057.25,7057.25
1776280920,7057.25,7059.25,7057.25,7059.25
1776280980,7059.25,7060.5,7058.75,7060
1776281040,7059.75,7060.5,7059.5,7059.75
1776281100,7059.75,7061.75,7059.5,7061.25
1776281160,7061.25,7061.5,7059.75,7060
1776281220,7060,7061,7058.75,7060.75
1776281280,7060.75,7061.75,7060.5,7061.5
1776281340,7061.5,7062.25,7061.25,7061.75
1776281400,7061.75,7061.75,7060.25,7061.25
1776281460,7061.25,7061.5,7059.75,7060
1776281520,7060,7060.75,7059.25,7060.75
1776281580,7060.75,7060.75,7059.5,7060.25
1776281640,7060,7062,7060,7061.75
1776281700,7061.5,7063.25,7061.25,7062.25
1776281760,7062,7062.25,7060.5,7061.5
1776281820,7061.5,7061.5,7060,7060.25
1776281880,7060.25,7060.75,7058,7058.75
1776281940,7058.5,7058.75,7056.75,7057
1776282000,7057,7057,7054.25,7055.5
1776282060,7055.5,7056.5,7055.25,7055.5
1776282120,7055.5,7056.5,7054.75,7056.5
1776282180,7056.5,7058.75,7056.5,7057.75
1776282240,7057.75,7059,7056.5,7056.75
1776282300,7056.75,7057,7055.25,7055.25
1776282360,7055.5,7059,7055.25,7058.25
1776282420,7058.5,7059.75,7058,7059.25
1776282480,7059.25,7060.25,7059,7059.75
1776282540,7059.75,7059.75,7056.5,7057
1776282600,7057,7063,7056.75,7061.25
1776282660,7061.25,7062.25,7060.5,7061.5
1776282720,7061.5,7061.75,7058.5,7059.5
1776282780,7059.5,7059.75,7056.75,7057.75
1776282840,7057.75,7061.25,7057.75,7060.5
1776282900,7060.25,7064.5,7060,7063.5
1776282960,7063.5,7063.75,7061.75,7061.75
1776283020,7061.5,7063.5,7061,7063.25
1776283080,7063,7063.75,7062.25,7062.5
1776283140,7062.5,7064.5,7058.5,7060
1776283200,7060.25,7062.5,7057,7057
1776283260,7057,7059.25,7057,7059
1776283320,7058.75,7059,7056.25,7057
1776283380,7056.75,7057.75,7056.75,7057
1776283440,7057,7057.25,7055.5,7056
1776283500,7056.25,7056.25,7054.75,7055.25
1776283560,7055.25,7056.5,7055,7055.25
1776283620,7055.25,7055.75,7054.75,7055.25
1776283680,7055.5,7055.75,7054.25,7055.5
1776283740,7055.5,7056.75,7055.25,7055.75
1776283800,7056,7056.5,7055.25,7055.25
1776283860,7055.5,7055.5,7054.75,7055
1776283920,7055,7055.75,7054.75,7055.5
1776283980,7055.5,7055.75,7054.75,7055.5
1776284040,7055.5,7056.75,7055.25,7056
1776284100,7055.75,7058.25,7055.75,7058
1776284160,7057.75,7058.25,7057.5,7058
1776284220,7057.75,7058,7057.5,7057.5
1776284280,7057.5,7057.75,7057.25,7057.5
1776284340,7057.5,7058,7057.25,7057.25
1776284400,7057.25,7057.5,7057,7057.5
1776284460,7057.5,7057.75,7056.5,7057
1776284520,7057,7057.75,7056.75,7057.75
1776284580,7057.75,7058.75,7057.75,7058.25
1776284640,7058,7058.75,7058,7058
1776284700,7058,7058.25,7057.5,7057.5
1776284760,7057.5,7057.5,7057,7057
1776284820,7057.25,7057.75,7057,7057.25
1776284880,7057.25,7057.5,7056.5,7057
1776284940,7057,7057.25,7056.75,7057.25
1776285000,7057,7058,7057,7057.75
1776285060,7057.75,7057.75,7057.25,7057.5
1776285120,7057.25,7058.25,7057.25,7058.25
1776285180,7058.25,7058.5,7057.5,7057.75
1776285240,7057.5,7058.25,7057.5,7058.25
1776285300,7058.25,7060,7058.25,7059.5
1776285360,7059.25,7059.25,7058,7058.5
1776285420,7058.75,7058.75,7058,7058
1776285480,7058,7058.5,7057.5,7058
1776285540,7058,7058.5,7058,7058.5
1776285600,7058.25,7058.25,7058,7058.25
1776285660,7058.25,7058.75,7058.25,7058.75
1776285720,7058.75,7059.25,7057.75,7058
1776285780,7057.75,7058.75,7057.75,7058.25
1776285840,7058,7058.5,7058,7058.5
1776285900,7058.5,7058.75,7057.75,7057.75
1776285960,7057.5,7057.75,7057.25,7057.75
1776286020,7057.75,7058.25,7057.75,7058
1776286080,7057.75,7057.75,7056.75,7057.25
1776286140,7057.5,7057.5,7057,7057
1776286200,7057.25,7057.25,7057,7057
1776286260,7057.25,7057.75,7057,7057
1776286320,7057,7057.25,7056.75,7056.75
1776286380,7057,7057.25,7056.5,7056.75
1776286440,7056.75,7058.25,7056.5,7058
1776286500,7058,7059.75,7058,7058.75
1776286560,7058.75,7058.75,7058,7058.25
1776286620,7058.5,7059,7058,7059
1776286680,7059,7059,7057.5,7057.75
1776286740,7057.75,7058.75,7057.5,7058.25
1776290400,7057.25,7058.5,7055.5,7057
1776290460,7057.5,7057.75,7056.25,7056.75
1776290520,7056.75,7058.75,7056.5,7058.75
1776290580,7058.75,7060.75,7058.5,7060.25
1776290640,7060.5,7061.25,7060,7060
1776290700,7060.25,7061,7060,7060.5
1776290760,7060.5,7060.75,7060.25,7060.25
1776290820,7060,7061.5,7059.75,7061
1776290880,7061.25,7062,7060.75,7060.75
1776290940,7060.75,7061.25,7060.5,7061.25
1776291000,7061,7061.25,7060.75,7061
1776291060,7061,7062.25,7060.75,7061.5
1776291120,7061.5,7061.5,7060.75,7061.25
1776291180,7061,7061.5,7060.75,7061.25
1776291240,7061,7061.25,7061,7061
1776291300,7060.75,7061.25,7060.75,7061.25
1776291360,7061,7061,7060.5,7060.5
1776291420,7060.75,7061.75,7060.75,7061
1776291480,7061.25,7061.5,7060.5,7061
1776291540,7061,7061,7059.75,7060
1776291600,7060,7060.75,7059.75,7060.75
1776291660,7060.75,7061,7059.75,7060.25
1776291720,7060.5,7061.5,7060.5,7061.5
1776291780,7061.75,7061.75,7061.25,7061.25
1776291840,7061.25,7061.75,7061.25,7061.25
1776291900,7061.5,7061.75,7061,7061.5
1776291960,7061.25,7061.5,7061.25,7061.25
1776292020,7061.25,7062,7061,7061.75
1776292080,7061.75,7062.25,7061.5,7062.25
1776292140,7062,7062.5,7061.5,7061.75
1776292200,7062,7063,7062,7063
1776292260,7063,7063.75,7063,7063.5
1776292320,7063.5,7064,7063,7063
1776292380,7063.25,7063.5,7063,7063.25
1776292440,7063.25,7063.5,7063.25,7063.25
1776292500,7063,7064.5,7063,7064.25
1776292560,7064.25,7064.25,7063.25,7063.75
1776292620,7064,7064.5,7064,7064.25
1776292680,7064.25,7065,7064.25,7064.75
1776292740,7064.75,7065.75,7064.75,7065.5
1776292800,7065.25,7065.5,7065,7065
1776292860,7064.75,7065,7064.5,7064.5
1776292920,7064.5,7064.5,7064.25,7064.25
1776292980,7064,7064,7063.5,7064
1776293040,7064,7064,7064,7064
1776293100,7064.25,7064.5,7064.25,7064.25
1776293160,7064.25,7064.75,7064.25,7064.5
1776293220,7064.5,7065.25,7064.5,7065
1776293280,7064.75,7065,7064.5,7065
1776293340,7065,7065,7064.5,7064.75
1776293400,7064.5,7065,7064.5,7064.5
1776293460,7064.25,7064.5,7064,7064.25
1776293520,7064.25,7064.75,7064.25,7064.5
1776293580,7064.5,7064.75,7064.5,7064.5
1776293640,7064.75,7065,7064.75,7064.75
1776293700,7064.5,7064.75,7064.5,7064.75
1776293760,7064.5,7064.75,7064.5,7064.5
1776293820,7064.5,7065,7064.5,7065
1776293880,7064.75,7065.25,7064.75,7065.25
1776293940,7065.25,7065.5,7065,7065.5
1776294000,7065.5,7065.5,7065,7065.25
1776294060,7065,7065.25,7065,7065.25
1776294120,7065,7065.5,7064.75,7065
1776294180,7065,7065.25,7064.75,7065
1776294240,7065.25,7066.5,7065.25,7066
1776294300,7066.25,7066.25,7066,7066
1776294360,7065.75,7066.25,7065.75,7065.75
1776294420,7065.75,7066.25,7065.75,7066
1776294480,7066.25,7066.75,7066,7066.5
1776294540,7066.25,7066.5,7064.75,7065
1776294600,7065,7065.5,7064.75,7065
1776294660,7065,7065,7064.5,7064.75
1776294720,7064.5,7065.5,7064.5,7065.25
1776294780,7065.5,7065.75,7065.25,7065.5
1776294840,7065.25,7065.25,7065,7065.25
1776294900,7065.25,7065.25,7065,7065
1776294960,7065,7065.25,7065,7065.25
1776295020,7065.25,7066,7065.25,7065.75
1776295080,7066,7066.25,7065.75,7065.75
1776295140,7065.5,7065.5,7065,7065.25
1776295200,7065.25,7065.25,7065,7065
1776295260,7065.25,7065.25,7065,7065.25
1776295320,7065,7065.25,7064.75,7065
1776295380,7065.25,7065.25,7065,7065
1776295440,7065.5,7065.5,7065,7065
1776295500,7065.25,7065.25,7065.25,7065.25
1776295560,7065.25,7065.25,7064,7064.25
1776295620,7064.25,7064.5,7064,7064.5
1776295680,7064.75,7065,7064.75,7065
1776295740,7065,7065,7064.75,7065
1776295800,7065.25,7065.25,7064.75,7064.75
1776295860,7065,7065,7064.75,7064.75
1776295920,7064.75,7065.5,7064.75,7065.25
1776295980,7065.25,7066,7065.25,7066
1776296040,7066,7066,7065.75,7066
1776296100,7066.25,7066.75,7066,7066.25
1776296160,7066.5,7066.75,7066.25,7066.75
1776296220,7066.75,7067.25,7066.5,7067.25
1776296280,7067.25,7067.25,7066.75,7067
1776296340,7067,7067.25,7066.75,7066.75
1776296400,7066.75,7066.75,7066.5,7066.75
1776296460,7066.75,7067,7066.75,7067
1776296520,7067,7067.25,7067,7067.25
1776296580,7066.75,7067.25,7066.75,7067.25
1776296640,7067.25,7067.5,7067,7067
1776296700,7067.25,7067.25,7066.75,7067
1776296760,7067.25,7068.25,7067.25,7067.5
1776296820,7067.5,7068.5,7067.5,7068.25
1776296880,7068.25,7069.5,7068.25,7068.5
1776296940,7068.25,7069.5,7068,7068.75
1776297000,7068.75,7069.25,7068.5,7069
1776297060,7069.25,7070,7069,7069.75
1776297120,7069.5,7069.75,7069,7069
1776297180,7069,7069.25,7068.75,7069.25
1776297240,7069.25,7069.25,7069,7069
1776297300,7069,7069.75,7069,7069.25
1776297360,7069.5,7069.5,7069.25,7069.25
1776297420,7069.5,7070,7069,7069.25
1776297480,7069.25,7069.25,7068.75,7069.25
1776297540,7069,7069.25,7068.5,7069
1776297600,7069,7069.5,7068,7068.5
1776297660,7068.5,7070,7068.5,7069.75
1776297720,7070,7070,7068.75,7069.25
1776297780,7069,7069,7068.25,7068.25
1776297840,7068.25,7068.25,7066.5,7067
1776297900,7067,7067.5,7066.25,7066.25
1776297960,7066.5,7067.25,7066,7067
1776298020,7067.25,7067.75,7067,7067.75
1776298080,7067.75,7067.75,7066.25,7066.5
1776298140,7067,7067.5,7066.75,7067.5
1776298200,7067.25,7069.25,7067.25,7069
1776298260,7068.75,7069,7068.5,7068.75
1776298320,7068.5,7069.75,7068.5,7069.5
1776298380,7069.25,7070,7068.75,7069
1776298440,7069,7069.5,7069,7069.25
1776298500,7069,7069.75,7068.25,7069.75
1776298560,7069.5,7072,7069.5,7070.75
1776298620,7070.75,7071.25,7070,7070.5
1776298680,7070.75,7071.5,7070.5,7070.75
1776298740,7070.75,7071.25,7070.5,7071
1776298800,7070.5,7070.5,7069,7069.25
1776298860,7069.25,7069.5,7068.75,7069
1776298920,7069,7069.5,7068.5,7069.25
1776298980,7069.25,7069.5,7069,7069
1776299040,7069,7069.5,7068.75,7069.25
1776299100,7069.5,7069.5,7068,7068.5
1776299160,7068.75,7069.25,7068.75,7068.75
1776299220,7068.75,7069,7068.5,7068.75
1776299280,7068.75,7069,7068,7068
1776299340,7068.5,7068.5,7067.5,7068
1776299400,7068.25,7069,7068.25,7069
1776299460,7068.75,7069.25,7068.5,7069
1776299520,7069.25,7069.5,7068.75,7069.25
1776299580,7069.25,7069.5,7068.75,7069
1776299640,7069.25,7070,7069,7069.75
1776299700,7070,7070.75,7069.75,7070.5
1776299760,7070.75,7070.75,7070,7070.25
1776299820,7070.5,7070.75,7070.25,7070.75
1776299880,7070.5,7070.75,7070,7070.25
1776299940,7070.25,7072,7070.25,7071.25
1776300000,7071,7072,7071,7071.5
1776300060,7071.75,7071.75,7071.25,7071.25
1776300120,7071.25,7072,7071.25,7072
1776300180,7071.5,7072.5,7071.25,7072
1776300240,7072,7072,7071.5,7071.5
1776300300,7071.75,7071.75,7071,7071.5
1776300360,7071.75,7072.5,7071.5,7072
1776300420,7072.25,7072.75,7072.25,7072.5
1776300480,7072.5,7073.75,7072.25,7073.5
1776300540,7073.5,7074.5,7073.5,7074.25
1776300600,7074.5,7075.75,7074.5,7075.5
1776300660,7075.75,7076,7073.75,7074.5
1776300720,7074.5,7075.25,7074.25,7074.5
1776300780,7074.5,7074.75,7074.25,7074.5
1776300840,7074.25,7074.5,7073.75,7074
1776300900,7073.75,7074.25,7073.75,7074
1776300960,7074,7074,7073.25,7073.5
1776301020,7073.75,7073.75,7073.25,7073.75
1776301080,7074,7074.5,7073.75,7074.5
1776301140,7074.5,7074.5,7073.75,7073.75
1776301200,7073.75,7073.75,7072.25,7072.5
1776301260,7072.5,7073.5,7072.5,7073
1776301320,7072.75,7072.75,7072,7072.5
1776301380,7072.5,7073,7072.25,7072.25
1776301440,7072.5,7072.75,7071.75,7071.75
1776301500,7072,7072.25,7071.25,7071.75
1776301560,7071.75,7073,7071.5,7073
1776301620,7073,7073.25,7072.75,7072.75
1776301680,7072.5,7073.25,7072.5,7073.25
1776301740,7073.25,7073.75,7072.75,7073.25
1776301800,7073.5,7074,7073.5,7074
1776301860,7073.75,7074.5,7073.75,7074
1776301920,7074,7074.25,7073.5,7073.75
1776301980,7073.5,7074,7073.5,7073.75
1776302040,7073.5,7073.75,7073.25,7073.25
1776302100,7073.5,7074,7073.5,7074
1776302160,7073.75,7073.75,7073.5,7073.5
1776302220,7073.5,7074.5,7073.5,7074
1776302280,7074,7074.25,7073.75,7074
1776302340,7074,7074.5,7074,7074.5
1776302400,7074.25,7075.75,7074.25,7075.5
1776302460,7075.25,7075.75,7075,7075.25
1776302520,7075.25,7075.5,7074.75,7075
1776302580,7074.75,7075.25,7074.5,7075
1776302640,7075.25,7075.25,7074,7074
1776302700,7074,7074,7073.5,7073.75
1776302760,7073.5,7074.25,7073.5,7074.25
1776302820,7074.25,7074.25,7073.75,7074
1776302880,7073.75,7073.75,7073.25,7073.25
1776302940,7073.5,7074,7073.25,7074
1776303000,7073.75,7074,7073,7073.5
1776303060,7073.5,7074,7073.5,7073.75
1776303120,7073.75,7074.25,7073.5,7073.75
1776303180,7073.75,7073.75,7073.25,7073.25
1776303240,7073.25,7073.5,7073,7073.25
1776303300,7073.25,7073.25,7072.5,7072.5
1776303360,7072.25,7072.75,7072.25,7072.75
1776303420,7072.75,7072.75,7072,7072.5
1776303480,7072.5,7073.25,7072.5,7073
1776303540,7073,7073.75,7073,7073.75
1776303600,7073.75,7074.5,7073.25,7074.5
1776303660,7074.25,7075.25,7074,7075.25
1776303720,7075.25,7076,7075.25,7075.75
1776303780,7075.75,7076.75,7075.75,7076.25
1776303840,7076.5,7077.5,7075.25,7075.75
1776303900,7075.5,7075.75,7075,7075.5
1776303960,7075.75,7075.75,7074.75,7075.25
1776304020,7075.25,7075.75,7074.75,7074.75
1776304080,7074.75,7075.5,7074.75,7075
1776304140,7075,7075.5,7074.75,7075
1776304200,7075.25,7075.25,7074.5,7074.75
1776304260,7074.75,7075,7074.25,7074.5
1776304320,7074.5,7074.75,7074.25,7074.5
1776304380,7074.5,7075,7074.25,7074.75
1776304440,7075,7075,7074.25,7074.25
1776304500,7074.5,7074.5,7073.75,7073.75
1776304560,7073.5,7073.75,7072.5,7072.5
1776304620,7072.5,7073.5,7072.25,7073.25
1776304680,7073.25,7073.25,7072.75,7073.25
1776304740,7073,7073,7072.5,7072.5
1776304800,7072.75,7074,7072.5,7073.75
1776304860,7074,7075,7074,7074.5
1776304920,7074.5,7074.5,7073.75,7074.25
1776304980,7074.25,7074.5,7073.75,7074
1776305040,7074,7074.25,7074,7074
1776305100,7074,7074.5,7073.75,7074.25
1776305160,7074.25,7074.75,7074.25,7074.5
1776305220,7074.5,7074.75,7074.25,7074.25
1776305280,7074.25,7074.75,7074,7074.5
1776305340,7074.5,7074.5,7073.75,7074
1776305400,7074.25,7074.75,7074,7074
1776305460,7074.25,7074.25,7074,7074.25
1776305520,7074.25,7074.5,7074.25,7074.25
1776305580,7074.25,7074.25,7073.75,7074
1776305640,7074,7074,7073.5,7073.5
1776305700,7073.25,7073.75,7072.75,7072.75
1776305760,7073,7073.5,7072.75,7073
1776305820,7072.75,7073.25,7072.5,7072.75
1776305880,7073,7073.25,7072.5,7072.75
1776305940,7072.75,7073,7072.25,7072.5
1776306000,7072.5,7073.25,7072.5,7073.25
1776306060,7073.5,7073.5,7072.75,7073
1776306120,7073,7073.5,7073,7073.5
1776306180,7073.5,7073.75,7073.5,7073.75
1776306240,7073.5,7074,7073.5,7073.75
1776306300,7073.75,7073.75,7073,7073.5
1776306360,7073.5,7073.5,7073,7073.25
1776306420,7073.25,7073.75,7073,7073.25
1776306480,7073.5,7073.75,7073.5,7073.5
1776306540,7073.25,7074,7073.25,7073.75
1776306600,7073.75,7074,7073.75,7074
1776306660,7074,7074.5,7074,7074.25
1776306720,7074.5,7074.75,7074.25,7074.5
1776306780,7074.25,7074.25,7073.75,7074
1776306840,7074,7074,7072.75,7073
1776306900,7073.25,7073.75,7073,7073.5
1776306960,7073.5,7073.5,7073,7073
1776307020,7073,7073.25,7072.75,7073.25
1776307080,7073.25,7074.25,7073.25,7073.75
1776307140,7073.75,7074.75,7073.75,7074.5
1776307200,7074.75,7075.25,7074.25,7074.5
1776307260,7074.5,7075,7074.5,7075
1776307320,7075,7075.25,7075,7075
1776307380,7075,7075.75,7075,7075.25
1776307440,7075.25,7075.25,7074.25,7074.5
1776307500,7074.75,7075.25,7074.75,7075.25
1776307560,7075,7075,7074,7074
1776307620,7074,7074.25,7073.5,7073.5
1776307680,7073.75,7073.75,7073,7073.5
1776307740,7073.25,7073.75,7073.25,7073.25
1776307800,7073.5,7073.75,7073.5,7073.5
1776307860,7073.5,7073.75,7072.75,7073
1776307920,7072.75,7073.25,7072.5,7072.75
1776307980,7072.75,7073,7070.5,7072
1776308040,7072.25,7072.25,7071.75,7072
1776308100,7072,7072.25,7072,7072.25
1776308160,7072.5,7072.5,7072.25,7072.5
1776308220,7072.5,7072.5,7071.75,7072.25
1776308280,7072,7072.25,7071.75,7072
1776308340,7072.25,7072.5,7072,7072
1776308400,7072,7073.25,7071.75,7073
1776308460,7073,7074,7072.75,7073.75
1776308520,7073.75,7074,7073.25,7074
1776308580,7073.75,7074.25,7073.75,7074.25
1776308640,7074,7075,7074,7074.75
1776308700,7075,7075.5,7075,7075
1776308760,7075,7075,7074.25,7074.25
1776308820,7074.25,7075.25,7074.25,7075.25
1776308880,7075.25,7075.5,7074.75,7074.75
1776308940,7074.75,7074.75,7074.5,7074.5
1776309000,7074.25,7074.5,7073.75,7074.5
1776309060,7074.25,7074.25,7073.5,7073.75
1776309120,7073.75,7074,7073.25,7073.25
1776309180,7073.5,7073.75,7073.25,7073.5
1776309240,7073.5,7074,7073.5,7073.75
1776309300,7073.75,7074.5,7073.75,7074.25
1776309360,7074,7074,7073.5,7073.5
1776309420,7073.75,7073.75,7073.25,7073.25
1776309480,7073.5,7073.5,7072.5,7072.75
1776309540,7072.75,7073,7072.25,7072.75
1776309600,7073,7073.25,7072.75,7073.25
1776309660,7073,7073.5,7073,7073.5
1776309720,7073.25,7073.25,7072.75,7073
1776309780,7073.25,7073.5,7073.25,7073.25
1776309840,7073.5,7073.75,7073.25,7073.75
1776309900,7073.5,7074,7073.5,7073.75
1776309960,7073.75,7073.75,7073.25,7073.25
1776310020,7073.25,7073.5,7073,7073.25
1776310080,7073.25,7073.25,7073,7073
1776310140,7073,7073,7072.75,7072.75
1776310200,7073,7073.5,7073,7073.25
1776310260,7073.5,7073.5,7073,7073.25
1776310320,7073.25,7073.25,7072.25,7072.5
1776310380,7072.25,7072.5,7071.75,7072
1776310440,7072.25,7072.25,7071.5,7071.75
1776310500,7071.75,7072.25,7071.5,7072
1776310560,7072.25,7072.5,7071.5,7072
1776310620,7072.25,7072.25,7071.75,7072
1776310680,7072,7072.25,7072,7072
1776310740,7072,7072,7072,7072
1776310800,7072,7072.25,7071.75,7072.25
1776310860,7072.25,7072.75,7072.25,7072.5
1776310920,7072.75,7072.75,7072,7072.25
1776310980,7072,7072.25,7072,7072.25
1776311040,7072.25,7072.25,7072,7072.25
1776311100,7072,7072.5,7072,7072.25
1776311160,7072.5,7072.75,7072.5,7072.75
1776311220,7072.75,7073,7072.75,7072.75
1776311280,7072.5,7073.25,7072.5,7073
1776311340,7073,7073.25,7072.75,7073
1776311400,7072.75,7073,7072.75,7073
1776311460,7072.75,7072.75,7072.25,7072.25
1776311520,7072.25,7072.25,7072,7072
1776311580,7072,7072,7071.75,7071.75
1776311640,7071.75,7072.5,7071.75,7072.25
1776311700,7072.25,7072.25,7071.75,7072.25
1776311760,7072,7072.25,7071.75,7071.75
1776311820,7071.5,7071.75,7071.5,7071.75
1776311880,7071.75,7072,7071.75,7071.75
1776311940,7071.75,7071.75,7071.25,7071.25
1776312000,7071.25,7071.25,7070,7071
1776312060,7070.75,7071,7070.5,7070.5
1776312120,7070.5,7070.75,7070,7070.25
1776312180,7070.25,7070.5,7070,7070.25
1776312240,7070.25,7070.75,7070,7070.75
1776312300,7070.75,7070.75,7070,7070.25
1776312360,7070.25,7071,7070.25,7071
1776312420,7071,7071.25,7070.75,7071
1776312480,7071,7071.5,7070.5,7070.5
1776312540,7070.5,7071,7070.5,7071
1776312600,7070.75,7071.25,7070.75,7071
1776312660,7071,7071.25,7071,7071.25
1776312720,7071.25,7071.25,7071,7071
1776312780,7071,7071.25,7070.75,7070.75
1776312840,7070.75,7071.5,7070.75,7071.5
1776312900,7071.5,7072,7071.25,7071.75
1776312960,7071.75,7072,7071.75,7072
1776313020,7072.25,7072.75,7072,7072.75
1776313080,7072.5,7072.75,7072.5,7072.5
1776313140,7072.25,7072.5,7072,7072.25
1776313200,7072.25,7072.25,7072,7072
1776313260,7072,7072.75,7072,7072.25
1776313320,7072.5,7072.5,7072.25,7072.25
1776313380,7072,7072.25,7070.5,7070.75
1776313440,7070.75,7071,7070.75,7071
1776313500,7070.75,7071,7070.5,7070.75
1776313560,7070.75,7071,7070.5,7070.75
1776313620,7070.75,7071,7070.75,7070.75
1776313680,7070.5,7070.75,7070.5,7070.5
1776313740,7070.5,7070.5,7070.25,7070.5
1776313800,7070.5,7070.75,7070.25,7070.5
1776313860,7070.25,7070.5,7070,7070.25
1776313920,7070.25,7070.25,7070,7070.25
1776313980,7070,7070.5,7070,7070
1776314040,7070.25,7070.5,7070,7070.25
1776314100,7070.5,7070.5,7070.25,7070.25
1776314160,7070.5,7070.5,7070.25,7070.25
1776314220,7070.25,7070.75,7069.75,7070.25
1776314280,7070.5,7070.5,7070,7070.25
1776314340,7070.25,7070.25,7070,7070.25
1776314400,7070.25,7070.5,7070,7070.25
1776314460,7070.25,7070.75,7069.75,7070
1776314520,7070.25,7070.75,7070.25,7070.5
1776314580,7070.75,7071,7070.5,7071
1776314640,7071.25,7071.25,7071,7071
1776314700,7071,7071.5,7071,7071.25
1776314760,7071.5,7071.5,7071.25,7071.5
1776314820,7071.5,7071.5,7071.25,7071.5
1776314880,7071.25,7071.5,7070.75,7071
1776314940,7071,7071.5,7070.75,7071.25
1776315000,7071.25,7071.75,7070.75,7071
1776315060,7071,7071.5,7071,7071.25
1776315120,7071.25,7071.5,7070.5,7071.25
1776315180,7071.25,7071.5,7071,7071.5
1776315240,7071.5,7071.75,7071.25,7071.5
1776315300,7071.5,7071.75,7071.5,7071.5
1776315360,7071.25,7071.5,7071,7071.25
1776315420,7071.5,7071.5,7071.25,7071.25
1776315480,7071,7071.5,7071,7071.5
1776315540,7071.25,7071.5,7071.25,7071.25
1776315600,7071.5,7071.75,7070.25,7070.25
1776315660,7070.25,7070.75,7070.25,7070.5
1776315720,7070.75,7070.75,7068.25,7068.75
1776315780,7069,7069.75,7069,7069.25
1776315840,7069.25,7069.75,7069.25,7069.5
1776315900,7069.5,7070.25,7069.5,7069.5
1776315960,7069.75,7069.75,7069.25,7069.5
1776316020,7069.5,7069.75,7069.25,7069.5
1776316080,7069.5,7069.75,7069,7069
1776316140,7069,7069.25,7068.75,7069.25
1776316200,7069,7069.25,7068.25,7068.75
1776316260,7068.75,7069.25,7068.75,7068.75
1776316320,7068.5,7069,7068.5,7068.75
1776316380,7068.75,7068.75,7068.25,7068.5
1776316440,7068.5,7068.75,7068.5,7068.75
1776316500,7068.5,7069.25,7068.5,7069.25
1776316560,7069.25,7070,7069.25,7070
1776316620,7070,7070.5,7070,7070.25
1776316680,7070.5,7071.25,7070.5,7070.75
1776316740,7071,7071.25,7071,7071
1776316800,7071.25,7071.25,7070.75,7071
1776316860,7071.25,7072,7071,7072
1776316920,7071.75,7071.75,7071.5,7071.75
1776316980,7071.75,7071.75,7071.5,7071.75
1776317040,7071.75,7071.75,7071.25,7071.25
1776317100,7071.25,7071.5,7071,7071.5
1776317160,7071.5,7071.5,7071,7071.5
1776317220,7071.5,7072.25,7071,7072.25
1776317280,7072,7072.5,7071.75,7072.25
1776317340,7072.25,7072.5,7072,7072.25
1776317400,7072.25,7074.5,7072.25,7073.75
1776317460,7073.75,7073.75,7073,7073.5
1776317520,7073.5,7073.5,7072.75,7073.25
1776317580,7073.5,7074,7073,7073.5
1776317640,7073.5,7074.25,7072.75,7073
1776317700,7073.25,7073.5,7073,7073.25
1776317760,7073.25,7074,7073,7073.75
1776317820,7074,7074.25,7073,7073
1776317880,7073,7073.25,7072.75,7073.25
1776317940,7073.25,7073.5,7073,7073.25
1776318000,7073.25,7073.5,7072.75,7073.5
1776318060,7073.5,7073.75,7073,7073
1776318120,7073,7073.5,7072.75,7072.75
1776318180,7073,7073,7072,7072
1776318240,7072,7072.25,7071.75,7072
1776318300,7072.25,7072.25,7072,7072.25
1776318360,7072.5,7072.75,7072.25,7072.25
1776318420,7072.25,7072.5,7072.25,7072.5
1776318480,7072.5,7072.75,7072.25,7072.5
1776318540,7072.5,7072.75,7072.25,7072.75
1776318600,7072.75,7073,7072.5,7072.75
1776318660,7072.75,7073.5,7072.75,7073.5
1776318720,7073.5,7073.75,7073,7073
1776318780,7073.25,7074,7073.25,7074
1776318840,7073.75,7074,7073.5,7073.75
1776318900,7073.5,7073.5,7072.75,7072.75
1776318960,7072.75,7073.5,7072.75,7073.25
1776319020,7073.25,7073.25,7073,7073
1776319080,7073,7073.25,7073,7073
1776319140,7073,7073.5,7073,7073.5
1776319200,7073.25,7074.75,7073.25,7074.25
1776319260,7074,7075,7073.5,7074.75
1776319320,7074.75,7075.5,7074.75,7075.25
1776319380,7075.25,7075.25,7074.75,7074.75
1776319440,7074.5,7075,7074.5,7074.75
1776319500,7074.75,7075,7074.25,7074.5
1776319560,7074.5,7076.5,7074.5,7076.25
1776319620,7076.25,7077.5,7075.75,7076.25
1776319680,7076.25,7077,7076,7076.75
1776319740,7076.75,7077.5,7076.5,7076.75
1776319800,7076.5,7078,7076.25,7077.5
1776319860,7077.25,7077.25,7076.5,7076.75
1776319920,7076.75,7077.25,7076,7076.75
1776319980,7076.75,7077.5,7076.5,7077
1776320040,7077,7077,7076.5,7076.75
1776320100,7077,7077,7076.25,7076.5
1776320160,7076.25,7076.75,7076,7076.5
1776320220,7076.75,7077.75,7076.75,7077.25
1776320280,7077.25,7077.25,7077,7077
1776320340,7077,7077.25,7076.25,7076.5
1776320400,7076.25,7076.25,7074.75,7075.25
1776320460,7075.25,7075.75,7075.25,7075.25
1776320520,7075.25,7075.75,7075,7075
1776320580,7075,7076.25,7075,7076
1776320640,7076,7076.5,7076,7076.25
1776320700,7076.25,7076.5,7076,7076.25
1776320760,7076.25,7076.75,7076,7076.25
1776320820,7076.25,7076.25,7076,7076
1776320880,7076,7077.25,7076,7077
1776320940,7077.25,7077.75,7076.75,7076.75
1776321000,7076.75,7077.75,7076.5,7077.75
1776321060,7077.5,7078.5,7076.5,7076.5
1776321120,7076.75,7077,7076.5,7076.5
1776321180,7076.75,7077,7076.75,7076.75
1776321240,7076.75,7077,7076.25,7076.75
1776321300,7077,7077.5,7076.75,7076.75
1776321360,7076.5,7076.5,7075.75,7075.75
1776321420,7075.5,7075.75,7074.75,7075.5
1776321480,7075.25,7075.5,7075.25,7075.5
1776321540,7075.5,7075.5,7074.5,7074.75
1776321600,7074.5,7074.75,7074,7074.5
1776321660,7074.5,7075.25,7074.5,7074.75
1776321720,7075,7076.25,7075,7075.75
1776321780,7076,7077.25,7075.75,7077
1776321840,7076.75,7077,7076.25,7076.5
1776321900,7076.75,7077,7076.5,7076.5
1776321960,7076.75,7076.75,7076.5,7076.5
1776322020,7076.75,7077,7076.75,7076.75
1776322080,7077,7077.5,7077,7077.25
1776322140,7077.5,7077.75,7077,7077.25
1776322200,7077.25,7077.75,7077,7077.25
1776322260,7077.25,7077.75,7077.25,7077.5
1776322320,7077.5,7077.75,7077.25,7077.5
1776322380,7077.25,7077.75,7077,7077.25
1776322440,7077.25,7077.75,7077,7077.25
1776322500,7077.5,7077.5,7077,7077.25
1776322560,7077,7077.25,7076.75,7077
1776322620,7076.75,7077.25,7076.75,7077
1776322680,7077,7077.5,7076.75,7077.25
1776322740,7077.5,7077.5,7076.75,7077
1776322800,7077,7077.25,7076,7076.25
1776322860,7076,7076.5,7076,7076.25
1776322920,7076.25,7076.75,7075.25,7075.25
1776322980,7075.25,7075.5,7074.5,7075
1776323040,7075,7075.5,7074.75,7075.25
1776323100,7075.25,7075.25,7073.75,7073.75
1776323160,7073.75,7074.25,7073.25,7073.5
1776323220,7073.75,7074.25,7073.75,7074
1776323280,7074,7074.25,7073.5,7073.75
1776323340,7073.5,7074,7073.25,7074
1776323400,7074,7074.5,7073.5,7074
1776323460,7074,7074,7073.25,7073.25
1776323520,7073.25,7074.75,7072.75,7074.25
1776323580,7074.25,7074.25,7074,7074
1776323640,7074,7074,7073,7073
1776323700,7073,7073.5,7072.75,7073.5
1776323760,7073.5,7074,7072.75,7072.75
1776323820,7073,7073.75,7072.75,7073.5
1776323880,7073.5,7074.5,7073.5,7074.25
1776323940,7074.25,7074.75,7074,7074.75
1776324000,7074.75,7075.5,7074.75,7075
1776324060,7074.75,7075,7074.5,7074.75
1776324120,7074.75,7075.5,7074.5,7075.5
1776324180,7075.75,7076,7075.5,7075.75
1776324240,7075.75,7076.25,7075.5,7075.75
1776324300,7076,7076.25,7075.75,7076
1776324360,7076,7076.25,7075.25,7075.5
1776324420,7075.25,7075.5,7074.25,7074.25
1776324480,7074.5,7075,7074.25,7075
1776324540,7075,7075.5,7074.75,7075.25
1776324600,7075.25,7075.75,7075.25,7075.5
1776324660,7075.5,7075.75,7075.25,7075.5
1776324720,7075.5,7075.5,7074,7075
1776324780,7075,7075.5,7074.75,7075.25
1776324840,7075.25,7076.25,7075.25,7076.25
1776324900,7076.25,7076.5,7076,7076.25
1776324960,7076.5,7076.5,7076,7076
1776325020,7076.25,7077,7076.25,7076.5
1776325080,7076.25,7076.5,7075.5,7075.5
1776325140,7075.75,7076,7075,7075
1776325200,7075.25,7076.75,7074.75,7076.5
1776325260,7076.5,7076.5,7076.25,7076.5
1776325320,7076.5,7077,7076.25,7076.75
1776325380,7076.5,7076.75,7076,7076.5
1776325440,7076.5,7076.5,7075,7076.25
1776325500,7076.25,7076.5,7075.25,7075.75
1776325560,7075.5,7075.5,7074.5,7074.75
1776325620,7074.75,7075,7073.5,7074
1776325680,7074.25,7074.5,7074,7074.25
1776325740,7074.5,7075,7073.75,7074.25
1776325800,7074.25,7074.25,7073.25,7073.5
1776325860,7073.75,7073.75,7073.25,7073.5
1776325920,7073.25,7074.25,7073.25,7073.5
1776325980,7073.25,7073.5,7072.5,7072.75
1776326040,7072.5,7072.75,7071.75,7072
1776326100,7072,7072,7070.25,7070.5
1776326160,7070.5,7071,7069.75,7069.75
1776326220,7070,7070.25,7069.25,7070
1776326280,7070,7071,7070,7071
1776326340,7071,7071.25,7070.5,7070.75
1776326400,7070.75,7071.25,7070.5,7071
1776326460,7071,7072,7071,7071.75
1776326520,7071.5,7071.5,7070.25,7070.25
1776326580,7070.25,7070.5,7069.75,7070.5
1776326640,7070.5,7070.5,7069,7069.25
1776326700,7069,7069,7067.5,7067.5
1776326760,7067.75,7068.75,7067.5,7068.75
1776326820,7068.75,7069,7067.5,7067.5
1776326880,7067.5,7068,7066,7068
1776326940,7068,7068.25,7067.25,7068
1776327000,7068,7068.75,7066.75,7068
1776327060,7068.25,7069.75,7068,7069.25
1776327120,7069.25,7069.75,7068.75,7069.5
1776327180,7069.5,7069.75,7067.5,7068.25
1776327240,7068.25,7068.25,7065.75,7065.75
1776327300,7066.25,7067.25,7066,7067
1776327360,7067.25,7068,7067,7067.75
1776327420,7067.75,7067.75,7065.75,7066.25
1776327480,7066.5,7067,7065.75,7066.75
1776327540,7066.5,7066.75,7065.5,7065.75
1776327600,7066,7067.75,7065.5,7067
1776327660,7066.75,7067.5,7066.5,7067
1776327720,7067,7067,7066,7066.75
1776327780,7067,7067.25,7066.25,7066.25
1776327840,7066.25,7067,7065.25,7065.5
1776327900,7065.5,7065.5,7064.5,7064.5
1776327960,7064.75,7065.5,7064.75,7064.75
1776328020,7065,7065,7063.75,7064
1776328080,7064,7064.5,7063.5,7064
1776328140,7064,7065.25,7063.75,7065.25
1776328200,7065.25,7065.25,7064,7064.75
1776328260,7064.75,7065,7064,7064
1776328320,7063.75,7064.75,7063.5,7064.25
1776328380,7064.25,7064.5,7062.75,7063
1776328440,7063.25,7063.75,7062.75,7063
1776328500,7062.75,7063.25,7062,7062.5
1776328560,7062.75,7062.75,7062.25,7062.5
1776328620,7062.5,7063.5,7062.5,7063
1776328680,7063.25,7063.5,7062.75,7063.5
1776328740,7063.5,7064,7063.25,7063.5
1776328800,7063.75,7063.75,7063.25,7063.75
1776328860,7063.75,7064.5,7063.75,7064.25
1776328920,7064.5,7065.25,7064.25,7064.75
1776328980,7064.75,7065.5,7064.75,7065.25
1776329040,7065.25,7066.5,7065,7066.25
1776329100,7066,7066.75,7066,7066.75
1776329160,7066.5,7067,7066.25,7067
1776329220,7067.25,7067.75,7067,7067.75
1776329280,7067.75,7068,7067.5,7067.5
1776329340,7067.5,7067.5,7066.25,7066.5
1776329400,7066.75,7067,7066.5,7066.75
1776329460,7066.5,7066.5,7066.25,7066.25
1776329520,7066.5,7067,7066.25,7066.75
1776329580,7067,7067.5,7067,7067
1776329640,7067,7067,7066.75,7067
1776329700,7067,7067.5,7066.75,7067.5
1776329760,7067.5,7068.25,7067.5,7068.25
1776329820,7068.5,7068.5,7067.75,7068
1776329880,7068.25,7068.5,7068,7068
1776329940,7068,7068,7067.5,7067.75
1776330000,7067.75,7068.5,7067,7068.25
1776330060,7068.25,7068.5,7067.25,7067.5
1776330120,7067.5,7069.5,7067.5,7069.5
1776330180,7069.5,7070,7069,7069.5
1776330240,7069.5,7069.75,7068.75,7069
1776330300,7069,7069,7068.25,7068.25
1776330360,7068.25,7068.5,7067.75,7068
1776330420,7067.75,7068,7067.5,7068
1776330480,7068.25,7069.25,7068.25,7069
1776330540,7069,7069.5,7068.75,7069.5
1776330600,7069.5,7069.5,7068.5,7068.75
1776330660,7068.75,7069.5,7068.75,7069.5
1776330720,7069.5,7069.5,7068.75,7069.25
1776330780,7069.5,7070.5,7069,7069
1776330840,7069.25,7069.5,7068.75,7069
1776330900,7069,7069.25,7069,7069.25
1776330960,7069.5,7069.5,7069,7069.25
1776331020,7069,7069,7068.5,7068.75
1776331080,7068.75,7069,7068.5,7069
1776331140,7069,7069,7068.25,7068.5
1776331200,7068.5,7068.75,7068,7068.25
1776331260,7068.25,7068.5,7068,7068.25
1776331320,7068.25,7068.25,7067,7067.25
1776331380,7067.25,7067.5,7066.5,7067
1776331440,7067.25,7067.5,7067,7067.25
1776331500,7067.25,7068,7067.25,7067.25
1776331560,7067.25,7067.75,7067,7067.5
1776331620,7067.5,7067.75,7067.25,7067.25
1776331680,7067.25,7067.25,7066.75,7067
1776331740,7067.25,7067.5,7067,7067
1776331800,7067,7067.5,7067,7067
1776331860,7067.25,7067.25,7066.5,7066.75
1776331920,7066.75,7067.5,7066.5,7066.75
1776331980,7066.75,7067.25,7066.5,7066.5
1776332040,7066.5,7067.75,7066.5,7067.5
1776332100,7067.5,7067.75,7067.5,7067.75
1776332160,7067.75,7067.75,7067.25,7067.5
1776332220,7067.25,7067.5,7067,7067
1776332280,7067.25,7067.25,7067,7067
1776332340,7067.25,7067.75,7067,7067.75
1776332400,7067.75,7068.25,7067.75,7067.75
1776332460,7068,7068,7067.5,7067.5
1776332520,7067.5,7067.5,7066.5,7066.75
1776332580,7066.75,7067.5,7066.5,7067.5
1776332640,7067.5,7068,7066.75,7067.25
1776332700,7067,7067.25,7066.5,7066.75
1776332760,7066.75,7066.75,7066.25,7066.5
1776332820,7066.25,7066.25,7066,7066.25
1776332880,7066,7066,7065.5,7065.75
1776332940,7065.5,7066,7065,7066
1776333000,7065.75,7066.5,7065.75,7066.5
1776333060,7066.5,7066.75,7066.5,7066.75
1776333120,7066.75,7067,7066.5,7067
1776333180,7067,7067.25,7066.75,7066.75
1776333240,7066.5,7067.25,7066.5,7067
1776333300,7067,7067.25,7066.5,7067
1776333360,7067.25,7067.25,7066.75,7067
1776333420,7067,7067.5,7067,7067.5
1776333480,7067.75,7068.25,7067.75,7068.25
1776333540,7068,7068.5,7067.75,7068.5
1776333600,7068.5,7069,7068.25,7069
1776333660,7068.75,7069.75,7068.75,7069.5
1776333720,7069.5,7070.25,7069.5,7070
1776333780,7070.25,7070.25,7070,7070.25
1776333840,7070.25,7070.5,7069.75,7070
1776333900,7069.75,7070.75,7069.75,7070.5
1776333960,7070.25,7070.25,7069.75,7069.75
1776334020,7069.75,7070.25,7069.5,7069.75
1776334080,7069.5,7069.75,7069.25,7069.75
1776334140,7069.5,7070.25,7069.5,7070.25
1776334200,7070.5,7070.5,7069.5,7069.5
1776334260,7069.75,7069.75,7068.25,7069
1776334320,7069,7069.25,7068.75,7068.75
1776334380,7068.75,7069,7068.5,7068.5
1776334440,7068.5,7069,7068.5,7069
1776334500,7069,7069.5,7068.75,7069.25
1776334560,7069.25,7069.25,7068.25,7068.75
1776334620,7068.75,7069,7068.5,7068.75
1776334680,7068.75,7068.75,7067.5,7068
1776334740,7068,7068,7067.25,7067.75
1776334800,7067.75,7068,7067.75,7068
1776334860,7067.75,7068,7067.5,7067.75
1776334920,7067.5,7067.75,7067.5,7067.5
1776334980,7067.25,7067.5,7066.75,7067.25
1776335040,7067.25,7068.25,7067.25,7068.25
1776335100,7068,7068.5,7067.75,7068.5
1776335160,7068.5,7068.75,7068,7068.25
1776335220,7068.25,7068.25,7067.25,7067.5
1776335280,7067.25,7067.75,7067,7067.5
1776335340,7067.5,7067.5,7066.25,7066.75
1776335400,7067,7067,7065.25,7065.25
1776335460,7065.25,7066.5,7065.25,7065.75
1776335520,7065.5,7066.5,7065.5,7065.75
1776335580,7066,7066,7063.5,7064.25
1776335640,7064.25,7064.75,7063,7064.5
1776335700,7064.5,7064.5,7063.25,7063.75
1776335760,7063.5,7064,7063.5,7063.75
1776335820,7063.75,7064.5,7063,7063.5
1776335880,7063.25,7063.5,7062.75,7062.75
1776335940,7063,7064.25,7062.5,7064
1776336000,7063.75,7064.25,7063,7063.75
1776336060,7063.5,7063.75,7062.75,7063.5
1776336120,7063.5,7064,7063.25,7063.25
1776336180,7063.25,7063.75,7062.5,7062.75
1776336240,7062.5,7062.5,7061.5,7062.25
1776336300,7062.25,7062.25,7061,7061
1776336360,7061,7061.25,7060,7060.5
1776336420,7060.5,7060.75,7059,7059.25
1776336480,7059.25,7060.75,7059.25,7060
1776336540,7060,7061.5,7060,7061
1776336600,7061,7061,7060,7060.5
1776336660,7060.5,7061.5,7060.5,7061.5
1776336720,7061.75,7062.25,7061.25,7061.75
1776336780,7062,7063.5,7061.75,7063.25
1776336840,7063,7064,7063,7063.75
1776336900,7063.5,7064.25,7063.5,7064
1776336960,7064.25,7064.75,7064,7064.75
1776337020,7064.5,7065,7064.25,7064.75
1776337080,7064.75,7065,7064.25,7064.75
1776337140,7064.75,7065.5,7064.5,7064.75
1776337200,7064.5,7066.25,7064.5,7065.75
1776337260,7065.75,7066.5,7065.5,7065.75
1776337320,7065.75,7065.75,7064.75,7065
1776337380,7065.25,7065.5,7064.75,7065.25
1776337440,7065.5,7066.5,7065,7066.25
1776337500,7066.5,7067,7065.75,7066.5
1776337560,7066.5,7066.75,7066,7066.5
1776337620,7066.75,7066.75,7066,7066.5
1776337680,7066.25,7066.25,7065.75,7065.75
1776337740,7065.75,7066,7065.25,7066
1776337800,7066,7066.75,7066,7066.25
1776337860,7066.5,7067,7065.75,7066.75
1776337920,7067,7067,7065.25,7066.25
1776337980,7066.25,7066.25,7065.5,7065.5
1776338040,7065.5,7066.75,7065.5,7066.75
1776338100,7066.75,7068,7066.75,7067
1776338160,7067,7067.5,7066.5,7067.5
1776338220,7067.5,7067.75,7067.25,7067.25
1776338280,7067.25,7067.25,7066.75,7067.25
1776338340,7067,7067.25,7066.5,7066.75
1776338400,7066.75,7067,7066.5,7067
1776338460,7067,7067,7066.25,7066.25
1776338520,7066.25,7066.5,7065.75,7066
1776338580,7066,7066.25,7065.5,7065.75
1776338640,7066,7066.25,7064.5,7064.75
1776338700,7064.75,7064.75,7064.25,7064.25
1776338760,7064.25,7064.5,7063.5,7063.5
1776338820,7063.25,7063.5,7062.75,7063.5
1776338880,7063.5,7064.75,7063.25,7064.75
1776338940,7064.5,7065,7064.25,7065
1776339000,7065,7069,7065,7067.75
1776339060,7067.5,7068.5,7067.5,7068
1776339120,7068,7068.5,7067.5,7067.75
1776339180,7068,7068.25,7067.25,7067.75
1776339240,7068,7069.5,7068,7069.5
1776339300,7069.5,7069.5,7068.5,7068.75
1776339360,7068.75,7069,7067.75,7068
1776339420,7068,7068.75,7068,7068.5
1776339480,7068.75,7069,7067.5,7067.75
1776339540,7067.75,7068,7067,7067.25
1776339600,7067.25,7067.25,7066,7066.25
1776339660,7066.5,7067.5,7066.25,7066.75
1776339720,7066.5,7066.5,7065.75,7066.25
1776339780,7066.5,7067.25,7066.25,7066.75
1776339840,7066.75,7067,7066.5,7066.75
1776339900,7066.75,7067.75,7066.5,7067.25
1776339960,7067,7067,7066.25,7066.5
1776340020,7066.25,7066.25,7065.5,7066
1776340080,7066,7068,7066,7067.75
1776340140,7067.5,7067.75,7067,7067.25
1776340200,7067,7070,7067,7068.5
1776340260,7068.5,7068.5,7067.5,7067.5
1776340320,7067.5,7068,7067.25,7068
1776340380,7068,7068.75,7068,7068.25
1776340440,7068.25,7068.75,7068,7068.25
1776340500,7068.25,7069,7068.25,7068.25
1776340560,7068.5,7069,7068.25,7068.5
1776340620,7068.25,7068.25,7068,7068
1776340680,7068,7069,7067.75,7069
1776340740,7069,7069.5,7068.5,7068.5
1776340800,7068.75,7069.75,7068,7068
1776340860,7068.25,7069.75,7068.25,7069.5
1776340920,7069.5,7071.25,7069.25,7070.5
1776340980,7070.25,7070.75,7069.75,7069.75
1776341040,7070,7070.5,7069.25,7070
1776341100,7069.75,7070,7069.5,7070
1776341160,7069.75,7069.75,7068,7068.75
1776341220,7068.5,7068.75,7065.5,7067.25
1776341280,7067.25,7069.25,7066.5,7069
1776341340,7069,7069.5,7068.75,7069.25
1776341400,7069.25,7069.25,7067.5,7068
1776341460,7067.75,7068.25,7067.5,7067.75
1776341520,7067.5,7067.75,7067,7067.5
1776341580,7067.75,7068.5,7067.25,7067.25
1776341640,7067.25,7067.5,7066.75,7067.5
1776341700,7067.25,7067.5,7067,7067.25
1776341760,7067.25,7068,7067,7067.75
1776341820,7067.75,7068.25,7067,7067.5
1776341880,7067.25,7068.5,7067,7067.25
1776341940,7067.25,7068,7067.25,7067.5
1776342000,7067.5,7068,7067.5,7067.75
1776342060,7067.75,7068.75,7067.25,7068.5
1776342120,7068.5,7070,7068.5,7069.5
1776342180,7069.5,7069.5,7069,7069
1776342240,7069.25,7069.75,7069,7069.5
1776342300,7069.5,7069.75,7069.25,7069.25
1776342360,7069.25,7070,7069.25,7070
1776342420,7069.75,7069.75,7069,7069.75
1776342480,7069.75,7070.25,7069.75,7070.25
1776342540,7070.25,7070.75,7070.25,7070.5
1776342600,7070.75,7071,7068.5,7069
1776342660,7068.75,7069.5,7067.5,7069.5
1776342720,7069.75,7071.5,7069.75,7070.75
1776342780,7070.75,7072.25,7070.5,7071.75
1776342840,7071.75,7072.25,7071.5,7072.25
1776342900,7072.25,7073.25,7071.25,7071.75
1776342960,7071.75,7071.75,7070.25,7070.75
1776343020,7070.75,7071.5,7070,7071.5
1776343080,7071.5,7071.75,7069.5,7069.75
1776343140,7069.75,7071,7069.25,7071
1776343200,7071,7071,7069.5,7070.25
1776343260,7070.25,7070.25,7069.75,7069.75
1776343320,7070,7071.25,7070,7070.75
1776343380,7070.75,7071,7070.25,7070.75
1776343440,7070.75,7072,7070.75,7071.5
1776343500,7071.25,7071.25,7070,7070.25
1776343560,7070.25,7070.75,7069.75,7070
1776343620,7070,7071,7069.75,7070.75
1776343680,7070.5,7071,7070.25,7070.25
1776343740,7070,7070.5,7069.75,7070
1776343800,7070,7071.25,7069.75,7070.5
1776343860,7070.5,7071,7070.25,7070.25
1776343920,7070.25,7071,7069.75,7070.5
1776343980,7070.25,7070.25,7069.5,7069.75
1776344040,7070,7070,7067,7068.5
1776344100,7068.5,7070.25,7068.25,7070
1776344160,7070.25,7070.25,7069.5,7069.5
1776344220,7069.5,7069.5,7068.75,7069.5
1776344280,7069.25,7070.25,7069.25,7070
1776344340,7070,7070.25,7069.25,7069.5
1776344400,7069.5,7070.75,7069.5,7069.75
1776344460,7070,7072.5,7070,7072
1776344520,7072,7073,7071.75,7072.75
1776344580,7072.75,7073.5,7072.25,7072.75
1776344640,7072.75,7072.75,7072,7072
1776344700,7072,7072.75,7071.75,7072.75
1776344760,7072.5,7073.75,7072.25,7073.25
1776344820,7073.25,7073.25,7072.75,7072.75
1776344880,7073,7073.5,7072.75,7073
1776344940,7072.75,7073.25,7072.5,7072.75
1776345000,7073,7073,7071.75,7072.25
1776345060,7072.25,7072.75,7072,7072.75
1776345120,7072.5,7072.5,7071,7071
1776345180,7071.25,7071.5,7071,7071.5
1776345240,7071.5,7071.75,7071,7071.5
1776345300,7071.5,7071.5,7070.5,7071.25
1776345360,7071.25,7071.75,7071,7071.5
1776345420,7071.25,7071.5,7070.5,7070.75
1776345480,7070.5,7072,7070.5,7071.75
1776345540,7071.75,7072.5,7071.75,7072.25
1776345600,7072.25,7072.25,7069.5,7069.5
1776345660,7069.5,7070.25,7069.5,7070
1776345720,7069.75,7070,7069,7069.25
1776345780,7069.25,7069.5,7067.75,7067.75
1776345840,7068,7069,7068,7068.75
1776345900,7068.5,7070.5,7067.5,7070
1776345960,7070,7070.75,7069.75,7070.25
1776346020,7070.25,7071,7069.75,7071
1776346080,7071,7071.75,7069.75,7069.75
1776346140,7069.75,7072.5,7069.25,7071.75
1776346200,7071.5,7074,7068.25,7069.25
1776346260,7069.5,7070,7066.25,7068.25
1776346320,7068,7071,7067.75,7070.5
1776346380,7070.5,7072,7069.75,7070
1776346440,7070.25,7071.75,7069.5,7071.5
1776346500,7071.75,7072.5,7070.5,7070.75
1776346560,7071,7071.25,7068.75,7070
1776346620,7070,7071,7067.5,7069.75
1776346680,7069.75,7072,7068.25,7068.5
1776346740,7068.75,7069.5,7066.25,7067.25
1776346800,7067.5,7070.5,7067,7070.25
1776346860,7070.5,7071,7062,7063.5
1776346920,7063.75,7065.75,7063,7064.75
1776346980,7065,7067.25,7063.75,7067.25
1776347040,7067.5,7069.5,7066.75,7069.5
1776347100,7069.25,7069.5,7065.75,7068.5
1776347160,7068.5,7070,7067.5,7068
1776347220,7068,7068,7065,7066
1776347280,7066,7067.25,7064.75,7066.75
1776347340,7066.75,7067.75,7065,7067.5
1776347400,7067.5,7067.5,7064.5,7065
1776347460,7065,7065.5,7060.25,7060.75
1776347520,7061,7061.75,7054.75,7056.5
1776347580,7056.5,7057.75,7051.5,7052
1776347640,7052.25,7054,7048.5,7049
1776347700,7048.75,7051.5,7046.5,7051.5
1776347760,7051.5,7055.75,7050.75,7053.25
1776347820,7053.5,7053.75,7048.5,7050.5
1776347880,7050.75,7053.75,7050.25,7053.5
1776347940,7053.25,7057.5,7052.5,7056.25
1776348000,7056,7056.5,7051,7052.25
1776348060,7052,7052,7048,7051.75
1776348120,7051.75,7054.5,7051.75,7053
1776348180,7052.75,7055,7052.5,7054.25
1776348240,7054,7055.5,7051.75,7054.5
1776348300,7054.5,7056.75,7052.5,7056.25
1776348360,7056,7058.25,7054,7057
1776348420,7056.75,7058.25,7055.75,7058.25
1776348480,7058,7060.25,7057,7058.75
1776348540,7058.75,7059,7056.25,7057.5
1776348600,7057.5,7060.5,7057.25,7059
1776348660,7058.75,7059.75,7057.25,7057.25
1776348720,7057.25,7061.25,7056.5,7060.75
1776348780,7060.75,7062.5,7059.25,7059.75
1776348840,7059.5,7059.5,7057,7057.5
1776348900,7057.5,7059.5,7057,7059
1776348960,7058.75,7059.5,7055.5,7056
1776349020,7056,7056,7052.5,7053.25
1776349080,7053,7055,7050.5,7053.5
1776349140,7053.25,7053.75,7049.5,7050.5
1776349200,7050.25,7051.75,7048.5,7049.25
1776349260,7049.5,7053,7049.5,7052.5
1776349320,7052.25,7052.5,7049.5,7050
1776349380,7050,7050.5,7047.75,7050.5
1776349440,7050.25,7052.25,7048.75,7051.5
1776349500,7051.25,7051.25,7049.75,7050.5
1776349560,7050.25,7054.5,7049.25,7050.5
1776349620,7050.5,7053,7050,7051.25
1776349680,7051,7054.25,7051,7054.25
1776349740,7054,7054.75,7052,7052.5
1776349800,7052.5,7054.75,7051.25,7054.5
1776349860,7054.5,7055.75,7052.5,7052.75
1776349920,7052.5,7053,7050.25,7050.5
1776349980,7050.5,7053.75,7050.5,7053.75
1776350040,7053.75,7054.5,7052.75,7054.25
1776350100,7054,7054.5,7051.25,7052.25
1776350160,7052.25,7054,7051,7053.75
1776350220,7053.5,7055.5,7052.5,7054.75
1776350280,7054.5,7054.5,7051.25,7052.75
1776350340,7052.5,7053,7051.25,7051.5
1776350400,7051.75,7052,7049.75,7050.5
1776350460,7050.5,7052.75,7050.5,7050.75
1776350520,7050.75,7052.75,7050,7051.5
1776350580,7051.5,7054.5,7051.5,7053.5
1776350640,7053.5,7056.25,7053.25,7055.75
1776350700,7055.75,7059.5,7054.75,7059.25
1776350760,7059,7059.5,7057.25,7057.75
1776350820,7057.5,7059.25,7056.25,7059.25
1776350880,7059.25,7060,7058.25,7059.5
1776350940,7059.5,7060.75,7058.75,7060.75
1776351000,7060.75,7061.75,7059,7060.75
1776351060,7060.75,7063,7060.5,7062.25
1776351120,7062.25,7062.5,7059,7059.75
1776351180,7059.75,7061,7059.25,7060.5
1776351240,7060.75,7062,7059.5,7061.75
1776351300,7062,7062.25,7059,7059.25
1776351360,7059.5,7060.75,7057,7060.25
1776351420,7060.5,7061.5,7059,7059.75
1776351480,7059.75,7060.75,7058.5,7060.75
1776351540,7061,7061.5,7060.5,7060.5
1776351600,7060.25,7063.75,7060.25,7063.25
1776351660,7063.25,7063.5,7062.25,7062.25
1776351720,7062.25,7064.75,7062,7064.75
1776351780,7064.75,7067,7064.5,7065.75
1776351840,7066,7067.75,7065.75,7066.5
1776351900,7066.75,7067.75,7064.5,7067.5
1776351960,7067.5,7068.75,7066.25,7066.75
1776352020,7066.75,7067.75,7065.5,7067
1776352080,7067,7070,7067,7069.5
1776352140,7069.75,7072.75,7069.5,7071.25
1776352200,7071.25,7075.25,7071,7074
1776352260,7074.25,7076,7073.5,7074.5
1776352320,7074.75,7074.75,7073.25,7074.5
1776352380,7074.5,7074.75,7073.5,7073.75
1776352440,7073.75,7075.75,7073.75,7075.75
1776352500,7075.75,7081.75,7075.75,7079
1776352560,7079,7080,7078.25,7079
1776352620,7079,7079.75,7077.5,7078.75
1776352680,7079,7079.5,7077.75,7077.75
1776352740,7077.75,7078.75,7074.25,7074.75
1776352800,7075,7077.25,7074.75,7077
1776352860,7077.25,7078,7076,7077.75
1776352920,7078,7079.75,7077.25,7079
1776352980,7079,7079.5,7077.25,7077.5
1776353040,7077.5,7078.25,7077,7077.25
1776353100,7077.5,7079,7077.25,7077.5
1776353160,7077.5,7078.75,7077.5,7078.5
1776353220,7078.5,7078.75,7077,7078.25
1776353280,7078.5,7078.75,7075.75,7076.25
1776353340,7076.25,7076.75,7069,7069.25
1776353400,7069.25,7072.75,7067.5,7072.75
1776353460,7072.75,7073.25,7071,7071.5
1776353520,7071.75,7072.5,7070.25,7071.25
1776353580,7071.25,7071.75,7070,7070.25
1776353640,7070.5,7072.75,7070,7072.5
1776353700,7072.5,7075,7072,7073
1776353760,7073.25,7080.75,7072.25,7077.25
1776353820,7077.5,7085.75,7076.75,7081.25
1776353880,7081.5,7081.5,7078.5,7080
1776353940,7080,7080.25,7076.75,7078
1776354000,7078,7078.25,7074.75,7076.75
1776354060,7076.75,7077.75,7075,7075.75
1776354120,7076,7076.5,7071.5,7074
1776354180,7074,7076.25,7074,7075.25
1776354240,7075.25,7075.75,7074,7075.25
1776354300,7075.25,7077.25,7074.75,7077
1776354360,7077,7077.25,7073.5,7074.25
1776354420,7074.25,7076,7073.75,7075.75
1776354480,7075.75,7076,7073.5,7074
1776354540,7074.25,7074.25,7071.25,7073.75
1776354600,7074,7076.5,7073.5,7076.5
1776354660,7076.5,7079.5,7076.5,7078.5
1776354720,7078.5,7079.5,7077.75,7078.75
1776354780,7079,7079.5,7078,7079
1776354840,7079,7079.25,7077.75,7078.5
1776354900,7078.75,7081.5,7078.25,7081.5
1776354960,7081.5,7083,7081,7082.25
1776355020,7082.5,7083.25,7081.25,7083.25
1776355080,7083.25,7084.25,7082.75,7083.75
1776355140,7084,7084.5,7083.25,7084
1776355200,7084,7086.25,7083.75,7086
1776355260,7086.25,7086.75,7084.25,7084.75
1776355320,7084.75,7085,7083.5,7084.5
1776355380,7084.5,7086.25,7084.5,7085.75
1776355440,7085.75,7086.25,7085,7085.5
1776355500,7085.5,7085.75,7084,7084.25
1776355560,7084.5,7084.5,7082.25,7083.5
1776355620,7083.75,7085,7083,7085
1776355680,7085,7086.5,7084.75,7085.75
1776355740,7085.75,7085.75,7083.75,7084.5
1776355800,7084.75,7085.5,7084.25,7085.25
1776355860,7085.25,7086.25,7084,7086
1776355920,7086,7086.75,7085.25,7085.5
1776355980,7085.75,7085.75,7084.5,7085.5
1776356040,7085.5,7086.25,7085.25,7085.75
1776356100,7086,7087.75,7085.75,7087.25
1776356160,7087.25,7087.75,7086.5,7087.75
1776356220,7087.75,7087.75,7086.25,7087.25
1776356280,7087.25,7088.25,7087,7088
1776356340,7088,7089,7088,7088.75
1776356400,7088.75,7088.75,7086.25,7086.75
1776356460,7086.5,7086.5,7084.25,7085.5
1776356520,7085.5,7085.75,7083.5,7084.25
1776356580,7084.25,7084.25,7080.25,7081.75
1776356640,7081.5,7083.5,7081.25,7083
1776356700,7083,7084.25,7082.5,7082.75
1776356760,7082.75,7084.25,7082.5,7083.5
1776356820,7083.5,7084.5,7083,7083.5
1776356880,7083.5,7084.25,7082.5,7082.75
1776356940,7083,7083,7081,7081.75
1776357000,7081.75,7082.25,7079.75,7080.25
1776357060,7080,7080.25,7077.25,7078.75
1776357120,7078.75,7079,7077.25,7078.25
1776357180,7078.25,7078.25,7063.25,7065.5
1776357240,7065.5,7072.25,7065.5,7072
1776357300,7071.75,7073.25,7070,7071.5
1776357360,7071.5,7075.5,7071.5,7074.5
1776357420,7074.5,7075.75,7072.75,7074.25
1776357480,7074,7077.25,7073.5,7076.75
1776357540,7076.75,7077.75,7076,7077.75
1776357600,7077.75,7079.5,7076.75,7078.5
1776357660,7078.25,7078.25,7074.25,7075
1776357720,7075,7075.5,7072.75,7075.25
1776357780,7075.25,7075.5,7072,7072.75
1776357840,7072.75,7075.25,7072.5,7075
1776357900,7075,7076.5,7074.25,7075
1776357960,7074.75,7078,7074,7077
1776358020,7076.75,7077.75,7076,7076.75
1776358080,7077,7077.5,7076,7076.5
1776358140,7076.5,7076.5,7074.25,7075.25
1776358200,7075.25,7077.25,7074.75,7076.75
1776358260,7076.75,7077.25,7075.75,7076
1776358320,7076,7076,7072,7072.5
1776358380,7072.5,7074,7070.25,7071.75
1776358440,7071.75,7072.25,7069.25,7070.5
1776358500,7070.5,7071.75,7070.25,7071.25
1776358560,7071.5,7073,7070.5,7072.75
1776358620,7072.75,7073.25,7071.5,7071.5
1776358680,7071.5,7072,7070.5,7071
1776358740,7071,7071,7069,7069.5
1776358800,7069.75,7070.25,7068,7069
1776358860,7069.25,7069.5,7067.5,7067.5
1776358920,7067.5,7068,7066,7067
1776358980,7067.25,7069.25,7066.5,7068.5
1776359040,7068.75,7069,7066.5,7067.25
1776359100,7067.25,7068,7064.25,7064.75
1776359160,7064.75,7065,7062.5,7064
1776359220,7064,7066.25,7063.5,7065.75
1776359280,7065.75,7066.75,7063.75,7064
1776359340,7064.25,7068.25,7064,7067.5
1776359400,7067.5,7069.25,7067,7069
1776359460,7069,7069.25,7067,7068.75
1776359520,7068.75,7069,7067.5,7068.5
1776359580,7068.75,7068.75,7065.75,7066.75
1776359640,7066.75,7066.75,7061.5,7062
1776359700,7062,7063.25,7060,7061.25
1776359760,7061.25,7063.5,7059.5,7063.25
1776359820,7063.5,7064,7061.25,7062
1776359880,7061.75,7063.5,7061.5,7062.5
1776359940,7062.5,7063.5,7062.25,7063
1776360000,7062.75,7064.25,7062,7062.75
1776360060,7062.75,7063.75,7061.5,7062.25
1776360120,7062.25,7062.75,7061.25,7061.75
1776360180,7061.75,7064.5,7061.25,7064.5
1776360240,7064.25,7069.25,7064.25,7068.75
1776360300,7068.75,7071,7068.75,7070.25
1776360360,7070,7070.5,7068.25,7068.5
1776360420,7068.5,7068.75,7067,7067.75
1776360480,7067.75,7069,7067.25,7068
1776360540,7068,7069.5,7067.75,7068.25
1776360600,7068.5,7069.75,7067.75,7068.25
1776360660,7068.5,7071.25,7068.25,7071.25
1776360720,7071.25,7072.75,7070.5,7071.25
1776360780,7071.25,7072.25,7070.75,7072.25
1776360840,7072,7072,7069,7069.5
1776360900,7069.25,7069.25,7067.5,7068
1776360960,7067.75,7069,7067.5,7068.25
1776361020,7068.5,7069,7067.25,7067.75
1776361080,7067.75,7069.5,7067.5,7069.5
1776361140,7069.25,7071.5,7069.25,7071
1776361200,7071,7074,7070.75,7073.5
1776361260,7073.5,7073.5,7072.25,7073.5
1776361320,7073.5,7075,7072.75,7074.75
1776361380,7074.75,7075.5,7073.5,7074.75
1776361440,7075,7075.75,7074.75,7075
1776361500,7075,7075.25,7073,7073.25
1776361560,7073.25,7074.5,7072.75,7074.5
1776361620,7074.25,7076,7074,7076
1776361680,7075.75,7076.5,7074.75,7074.75
1776361740,7074.75,7076.25,7074.75,7076
1776361800,7076.25,7076.25,7073.5,7074.75
1776361860,7074.75,7075.25,7074,7074.25
1776361920,7074,7074.5,7072.75,7074
1776361980,7074,7074.75,7073.5,7074.25
1776362040,7074.25,7074.25,7072,7072.5
1776362100,7072.5,7072.5,7067.5,7068
1776362160,7068,7069,7066.5,7067.75
1776362220,7068,7068.5,7065.5,7067.75
1776362280,7067.75,7068,7062.75,7065.5
1776362340,7065.25,7068.25,7065.25,7067.75
1776362400,7067.5,7070.75,7065.25,7069.25
1776362460,7069.25,7073.5,7068.75,7070.25
1776362520,7070.25,7072.5,7070,7071.5
1776362580,7071.75,7071.75,7068.25,7070.25
1776362640,7070,7070.5,7068,7068.5
1776362700,7068.5,7070,7067.25,7069
1776362760,7069,7070,7068.25,7068.5
1776362820,7068.25,7069.25,7065,7065
1776362880,7065.25,7066.5,7063,7065.5
1776362940,7065.5,7065.75,7061.25,7063.75
1776363000,7063.5,7065.75,7061,7061.75
1776363060,7062,7064.5,7061.5,7064.25
1776363120,7064.25,7066.75,7064,7066.5
1776363180,7066.5,7067,7064.25,7065.25
1776363240,7065,7067.75,7065,7067
1776363300,7067,7069,7066.25,7066.5
1776363360,7066.5,7066.75,7065,7066.25
1776363420,7066.25,7066.25,7064.75,7065
1776363480,7065,7066.5,7064.75,7066
1776363540,7066.25,7067.25,7065,7065.25
1776363600,7065.25,7068,7064.5,7067.75
1776363660,7067.75,7068,7065.25,7065.5
1776363720,7065.5,7066,7062.75,7063.25
1776363780,7063.5,7063.75,7061.25,7061.5
1776363840,7061.5,7061.5,7059.75,7060.5
1776363900,7060.75,7062.25,7060.5,7060.5
1776363960,7060.5,7060.75,7059.25,7059.75
1776364020,7059.75,7060,7057,7058.25
1776364080,7058.25,7058.25,7056.25,7058
1776364140,7057.75,7059.75,7057.25,7059.5
1776364200,7059.5,7062,7059.25,7061
1776364260,7061,7064.5,7060,7063.25
1776364320,7063.25,7065.5,7063,7065
1776364380,7064.75,7066.5,7063.75,7066.25
1776364440,7066.25,7067.5,7065.75,7066.5
1776364500,7066.5,7066.75,7065,7065.75
1776364560,7066,7067.25,7065.25,7066.75
1776364620,7066.75,7068,7066.5,7066.5
1776364680,7066.75,7067.75,7066.25,7067.5
1776364740,7067.25,7069.75,7067,7067.75
1776364800,7068,7069.5,7068,7069.5
1776364860,7069.5,7070.5,7068.75,7070.25
1776364920,7070,7071,7067.75,7068.25
1776364980,7068.25,7068.75,7067.5,7068.25
1776365040,7068.25,7069.5,7068,7069.5
1776365100,7069.5,7070.75,7069.25,7069.75
1776365160,7070,7071.25,7069.75,7071
1776365220,7071,7072,7069.75,7070.25
1776365280,7070.25,7070.5,7069,7069.5
1776365340,7069.25,7069.75,7068.25,7069.25
1776365400,7069.25,7069.5,7066.75,7068
1776365460,7068,7068.5,7066.5,7067.5
1776365520,7067.25,7069.5,7067.25,7068.5
1776365580,7068.25,7069.5,7068,7069.25
1776365640,7069,7069.5,7067.5,7067.75
1776365700,7067.75,7067.75,7066,7066.25
1776365760,7066,7067.75,7065.25,7067
1776365820,7067,7068.25,7066.5,7066.5
1776365880,7066.25,7067.5,7066.25,7066.75
1776365940,7066.5,7069,7066.5,7068.75
1776366000,7068.75,7071.75,7068.75,7070.75
1776366060,7070.5,7072,7070.5,7071.75
1776366120,7071.75,7073.25,7071.25,7072
1776366180,7071.75,7073.25,7071.5,7072.25
1776366240,7072.25,7072.75,7070.75,7071.5
1776366300,7071.5,7072.25,7070.75,7071
1776366360,7071,7072.25,7069.25,7069.5
1776366420,7069.5,7070.5,7068.75,7070
1776366480,7070,7071.25,7069.25,7071
1776366540,7071,7071.25,7069.75,7070
1776366600,7070,7071.5,7069.5,7070.75
1776366660,7070.75,7071.75,7069.5,7069.75
1776366720,7069.5,7069.75,7067.75,7069.25
1776366780,7069,7070.25,7068,7068
1776366840,7068,7069.75,7067.5,7069.75
1776366900,7069.5,7072,7069.5,7071.75
1776366960,7071.75,7072,7070.5,7071.5
1776367020,7071.25,7072,7071,7071.25
1776367080,7071.5,7072.5,7070.75,7072.25
1776367140,7072.25,7073.75,7071.75,7072.25
1776367200,7072.5,7073,7072,7072.5
1776367260,7072.5,7073.25,7071.5,7072.5
1776367320,7072.25,7072.75,7071.5,7071.75
1776367380,7071.75,7072,7070.25,7070.75
1776367440,7071,7072.25,7070.5,7072
1776367500,7072.25,7072.75,7071.75,7072.25
1776367560,7072,7072.75,7071.75,7072.25
1776367620,7072.25,7072.5,7071.75,7072
1776367680,7072,7073,7071.5,7072.5
1776367740,7072.25,7072.25,7070.5,7070.5
1776367800,7070.75,7072,7069.75,7071.25
1776367860,7071.25,7072.5,7070.75,7072.25
1776367920,7072.25,7074,7072,7073
1776367980,7073,7073.25,7072,7073
1776368040,7072.75,7073.5,7072.5,7073
1776368100,7073,7075.25,7072,7075.25
1776368160,7075,7075.25,7073.5,7073.75
1776368220,7073.75,7074.5,7072.75,7073
1776368280,7073,7074.75,7073,7074.75
1776368340,7074.75,7075.75,7073.5,7075.75
1776368400,7075.75,7076.25,7074.75,7075.75
1776368460,7075.75,7077.5,7075.25,7076
1776368520,7076,7077.75,7075.75,7076.5
1776368580,7076.5,7077,7076.25,7077
1776368640,7077,7077,7074.5,7074.75
1776368700,7074.75,7077,7073,7076.75
1776368760,7076.5,7077.75,7076.5,7076.5
1776368820,7076.5,7077.5,7076.25,7076.25
1776368880,7076.25,7078.25,7076.25,7078.25
1776368940,7078,7078.25,7076.75,7078
1776369000,7078,7080.75,7075,7077.5
1776369060,7077.5,7079.5,7076.75,7078
1776369120,7077.75,7079,7077.5,7078.5
1776369180,7078.5,7078.75,7076.5,7076.5
1776369240,7076.5,7078.25,7076.5,7078
1776369300,7078,7079.75,7076.25,7077.75
1776369360,7077.75,7078.25,7077,7078
1776369420,7078,7078.75,7077.5,7078
1776369480,7078.25,7079.75,7078,7078.25
1776369540,7078.5,7080.75,7075.25,7076.75
1776369600,7076.75,7078.5,7075.75,7076.5
1776369660,7076.5,7077.75,7075.25,7076.75
1776369720,7077,7077.5,7075.75,7075.75
1776369780,7076,7076.25,7075,7076
1776369840,7076,7076.5,7075.25,7075.75
1776369900,7075.75,7076,7074.5,7075.5
1776369960,7075.75,7076,7074.5,7074.5
1776370020,7074.75,7075.5,7074.5,7075
1776370080,7075.25,7075.75,7074.75,7075
1776370140,7075.25,7075.25,7074.75,7074.75
1776370200,7075,7076.5,7074.75,7075.75
1776370260,7075.75,7075.75,7075.25,7075.75
1776370320,7075.75,7076.75,7075.5,7076.25
1776370380,7076.25,7076.5,7075.5,7076
1776370440,7076,7076.25,7075,7075.5
1776370500,7075.25,7076.5,7075,7075.75
1776370560,7075.75,7075.75,7074.75,7075
1776370620,7075.25,7075.5,7075,7075.25
1776370680,7075.25,7076.75,7075.25,7076.75
1776370740,7076.75,7077,7076,7076
1776370800,7076,7076.25,7076,7076
1776370860,7076,7076.5,7075.75,7076.5
1776370920,7076.5,7076.75,7076.25,7076.5
1776370980,7076.5,7077,7076.5,7076.75
1776371040,7076.75,7077,7076.25,7076.25
1776371100,7076.25,7076.5,7076,7076.25
1776371160,7076.25,7076.5,7076,7076.25
1776371220,7076.25,7076.5,7076.25,7076.25
1776371280,7076,7076.75,7076,7076.5
1776371340,7076.5,7076.75,7076.25,7076.5
1776371400,7076.5,7076.75,7076.25,7076.75
1776371460,7076.75,7077,7076.25,7076.5
1776371520,7076.5,7076.5,7076.25,7076.5
1776371580,7076.25,7077.5,7076.25,7077.5
1776371640,7077.5,7078,7077.25,7078
1776371700,7077.75,7079,7077.75,7079
1776371760,7078.75,7079.5,7078.5,7079
1776371820,7079.25,7079.75,7079,7079.25
1776371880,7079.25,7079.5,7079,7079.25
1776371940,7079.25,7079.25,7079,7079
1776372000,7078.75,7079.25,7078.75,7079
1776372060,7079,7079,7078.5,7079
1776372120,7079,7079,7078,7078
1776372180,7078,7078,7077.75,7078
1776372240,7078.25,7078.75,7078.25,7078.75
1776372300,7078.75,7079,7078,7078.25
1776372360,7078.5,7080,7078.25,7079.5
1776372420,7079.75,7079.75,7079.25,7079.5
1776372480,7079.25,7079.5,7079.25,7079.25
1776372540,7079.5,7079.5,7079,7079
1776372600,7079.25,7079.5,7079,7079.25
1776372660,7079.25,7079.25,7079,7079
1776372720,7079,7079.25,7079,7079.25
1776372780,7079,7079.25,7078.25,7078.5
1776372840,7078.75,7079.25,7078.75,7079.25
1776372900,7079.25,7079.5,7079,7079.25
1776372960,7079.5,7079.5,7079,7079.25
1776373020,7079.25,7079.5,7079,7079.25
1776373080,7079.25,7079.5,7079,7079
1776373140,7079,7079.25,7078.25,7078.25
1776376800,7077.25,7079,7075.5,7077
1776376860,7077,7078.25,7076.5,7078.25
1776376920,7078.25,7079.25,7077.75,7079.25
1776376980,7079,7079.5,7078.75,7079.25
1776377040,7079.25,7079.5,7078.25,7079
1776377100,7078.5,7080.75,7078,7080
1776377160,7080.25,7080.75,7080,7080.25
1776377220,7080.5,7080.75,7080.25,7080.5
1776377280,7080.5,7080.5,7080,7080.25
1776377340,7080,7080.25,7079.5,7080.25
1776377400,7080.25,7081.25,7079.75,7081.25
1776377460,7081.25,7081.5,7080.5,7081
1776377520,7080.75,7081.25,7080.5,7080.75
1776377580,7080.75,7081.25,7080.75,7080.75
1776377640,7080.75,7081,7080.5,7080.75
1776377700,7080.75,7081.75,7080.25,7081.5
1776377760,7081,7081,7080.25,7080.5
1776377820,7080.5,7080.5,7080,7080
1776377880,7080,7080.5,7080,7080.5
1776377940,7080.5,7081,7080.5,7080.5
1776378000,7080.5,7080.75,7080,7080.25
1776378060,7080.25,7080.75,7079.75,7080.5
1776378120,7080.5,7081.5,7080.5,7081.25
1776378180,7081.25,7081.5,7081.25,7081.25
1776378240,7081,7081.5,7081,7081.25
1776378300,7081.25,7081.5,7080.75,7081
1776378360,7080.75,7081,7080.5,7080.75
1776378420,7081,7081,7080.75,7081
1776378480,7081,7081.25,7081,7081
1776378540,7081.25,7082.25,7081.25,7082
1776378600,7082,7083.25,7081.5,7081.75
1776378660,7081.75,7082.5,7081.75,7082.25
1776378720,7082,7083,7082,7082.5
1776378780,7082.5,7082.75,7082.25,7082.75
1776378840,7082.5,7083,7082.5,7082.75
1776378900,7082.75,7082.75,7082.25,7082.5
1776378960,7082.5,7082.75,7082.25,7082.5
1776379020,7082.25,7082.75,7082.25,7082.5
1776379080,7082.5,7082.5,7082.25,7082.25
1776379140,7082,7082.75,7081.75,7082
1776379200,7082,7083,7082,7083
1776379260,7083,7083,7082.75,7082.75
1776379320,7083,7083,7082.5,7082.75
1776379380,7082.5,7082.5,7082.25,7082.25
1776379440,7082.5,7082.75,7082.5,7082.75
1776379500,7082.5,7082.75,7082,7082
1776379560,7082,7082.5,7081.75,7082
1776379620,7082,7082.75,7082,7082.75
1776379680,7082.75,7082.75,7082.5,7082.75
1776379740,7082.5,7083,7082.5,7082.5
1776379800,7082.25,7082.5,7082.25,7082.5
1776379860,7082.5,7082.75,7082.25,7082.5
1776379920,7082.75,7082.75,7082,7082.25
1776379980,7082.25,7082.25,7081.75,7081.75
1776380040,7081.75,7082.5,7081.75,7082.5
1776380100,7082.5,7082.75,7082.5,7082.75
1776380160,7082.5,7082.75,7082.5,7082.75
1776380220,7082.5,7082.75,7082.25,7082.75
1776380280,7082.5,7082.75,7082.5,7082.5
1776380340,7082.5,7082.5,7081.75,7082.25
1776380400,7082.25,7082.5,7081.75,7082.5
1776380460,7082.75,7083.5,7082.75,7083.25
1776380520,7083.25,7083.5,7083,7083.25
1776380580,7083.25,7083.25,7082.25,7082.25
1776380640,7082,7082.5,7082,7082.5
1776380700,7082.25,7082.5,7082.25,7082.25
1776380760,7082.25,7082.25,7082.25,7082.25
1776380820,7082.25,7082.5,7082.25,7082.25
1776380880,7082,7082,7081.5,7081.5
1776380940,7081.75,7082,7081.5,7081.5
1776381000,7081.75,7082,7081.75,7081.75
1776381060,7081.75,7082,7081.5,7082
1776381120,7081.75,7081.75,7081.5,7081.5
1776381180,7081.5,7081.75,7081.5,7081.5
1776381240,7081.25,7081.5,7081.25,7081.5
1776381300,7081.5,7081.5,7081.25,7081.5
1776381360,7081.5,7081.75,7081.5,7081.75
1776381420,7082,7083,7082,7083
1776381480,7082.75,7083,7082.25,7082.75
1776381540,7082.75,7083.75,7082.5,7083.75
1776381600,7083.5,7083.75,7083.25,7083.75
1776381660,7083.75,7084.5,7083.75,7084.25
1776381720,7084.25,7084.5,7084,7084.25
1776381780,7084,7084.5,7084,7084.5
1776381840,7084.5,7084.75,7084.25,7084.5
1776381900,7084.5,7084.5,7084,7084.25
1776381960,7084,7084.25,7084,7084
1776382020,7083.75,7084,7083.75,7083.75
1776382080,7084,7084,7083.5,7083.5
1776382140,7083.5,7083.5,7082.75,7083
1776382200,7082.75,7083,7082,7082.5
1776382260,7082.5,7082.75,7082.5,7082.75
1776382320,7082.75,7083.25,7082.75,7083
1776382380,7083,7083.5,7083,7083.5
1776382440,7083.25,7083.75,7083.25,7083.75
1776382500,7083.5,7084.5,7083.5,7084.25
1776382560,7084.5,7084.75,7084,7084.25
1776382620,7084.25,7084.5,7084.25,7084.5
1776382680,7084.25,7084.75,7084.25,7084.75
1776382740,7084.75,7085.25,7084.5,7085.25
1776382800,7085.5,7085.5,7084.75,7085
1776382860,7084.75,7085,7084.25,7084.5
1776382920,7084.5,7085,7084.25,7084.5
1776382980,7084.25,7084.5,7084,7084.25
1776383040,7084.25,7084.5,7084,7084.25
1776383100,7084.25,7084.5,7084,7084
1776383160,7084,7084,7082.75,7083
1776383220,7082.75,7083,7082.25,7082.5
1776383280,7082.5,7083.75,7082.5,7083.75
1776383340,7083.75,7083.75,7083,7083
1776383400,7083,7084,7082.75,7084
1776383460,7083.75,7084,7083.5,7083.75
1776383520,7083.75,7084,7083.75,7083.75
1776383580,7083.75,7083.75,7082.75,7083
1776383640,7083.25,7083.5,7083,7083.25
1776383700,7083.25,7083.5,7083.25,7083.25
1776383760,7083.25,7083.5,7082.75,7082.75
1776383820,7083,7083.25,7083,7083
1776383880,7083,7084,7083,7083.75
1776383940,7083.5,7083.75,7083.5,7083.5
1776384000,7083.5,7083.5,7082,7082
1776384060,7082.25,7082.75,7081.75,7082
1776384120,7082.25,7083.5,7082.25,7083.25
1776384180,7083,7083.5,7082.5,7082.75
1776384240,7082.75,7083,7082.25,7082.5
1776384300,7082.25,7082.25,7079,7079.25
1776384360,7079.5,7080,7078,7079.5
1776384420,7079.5,7080,7078.75,7079.5
1776384480,7079,7079.5,7078.75,7079.25
1776384540,7079.25,7081.25,7079.25,7081
1776384600,7081.25,7082.25,7080.75,7081.75
1776384660,7081.75,7082.25,7079.5,7079.5
1776384720,7079.5,7080,7078.5,7079.25
1776384780,7079,7079.25,7078,7078.75
1776384840,7078.75,7079.25,7078.5,7079
1776384900,7078.75,7079,7077.75,7078
1776384960,7078,7078.75,7078,7078.5
1776385020,7078.75,7079,7078.25,7079
1776385080,7079.25,7081,7079.25,7080.75
1776385140,7081,7082.5,7081,7081.75
1776385200,7082,7083.25,7081.5,7083.25
1776385260,7083.25,7083.5,7082.5,7083
1776385320,7083.25,7083.25,7082,7082.5
1776385380,7082.5,7083.25,7082.25,7083
1776385440,7082.75,7082.75,7081.5,7081.75
1776385500,7081.75,7082.75,7081.5,7082.5
1776385560,7082.5,7083.75,7082.25,7083.25
1776385620,7083.75,7083.75,7083.25,7083.25
1776385680,7083,7083.25,7082.75,7083
1776385740,7083.25,7084,7083,7083
1776385800,7083,7084.25,7083,7083.25
1776385860,7083.25,7083.25,7082.75,7083.25
1776385920,7083.25,7084,7083,7083.5
1776385980,7083.5,7084.25,7083.25,7083.75
1776386040,7083.75,7083.75,7083.25,7083.5
1776386100,7083.5,7084,7083.5,7084
1776386160,7084,7084,7082.25,7082.5
1776386220,7083,7084,7082.75,7083
1776386280,7082.75,7082.75,7082,7082.25
1776386340,7082.25,7082.5,7082.25,7082.5
1776386400,7082.5,7082.5,7082.25,7082.5
1776386460,7082.5,7083,7082.25,7083
1776386520,7083.25,7083.25,7082.75,7083
1776386580,7082.75,7083.25,7082.75,7082.75
1776386640,7082.75,7082.75,7082.25,7082.25
1776386700,7082.5,7082.75,7082.25,7082.25
1776386760,7082,7082.5,7081.75,7082.5
1776386820,7082.5,7083.5,7082.5,7083.25
1776386880,7083,7083.25,7082.75,7083
1776386940,7083,7083.75,7083,7083.5
1776387000,7083.5,7083.5,7082.75,7082.75
1776387060,7082.75,7082.75,7082.25,7082.5
1776387120,7082.5,7082.75,7082.5,7082.75
1776387180,7083,7083.25,7082.5,7082.75
1776387240,7082.75,7083,7082.5,7082.75
1776387300,7082.75,7083.25,7082.75,7083.25
1776387360,7083.25,7083.5,7082.75,7083
1776387420,7082.75,7083.25,7082.5,7083
1776387480,7083,7083.25,7082.75,7083
1776387540,7083,7083,7082.75,7082.75
1776387600,7082.75,7083.75,7082.75,7083.25
1776387660,7083,7083,7082.25,7082.25
1776387720,7082.25,7082.75,7082.25,7082.75
1776387780,7082.5,7082.75,7082.25,7082.5
1776387840,7082.5,7082.75,7082.25,7082.25
1776387900,7082,7082.5,7081.75,7082.25
1776387960,7082.25,7082.75,7082.25,7082.75
1776388020,7082.75,7084.5,7082.5,7084
1776388080,7083.75,7084,7083.5,7084
1776388140,7084,7084,7083.25,7083.25
1776388200,7083,7083.75,7083,7083.5
1776388260,7083.5,7083.75,7081.75,7082.5
1776388320,7082.5,7083.25,7082.25,7083
1776388380,7083,7083.25,7083,7083.25
1776388440,7083.25,7083.5,7083,7083.25
1776388500,7083.25,7083.5,7082.75,7083
1776388560,7083.25,7083.5,7083.25,7083.5
1776388620,7083.5,7083.75,7083.5,7083.75
1776388680,7083.5,7084.25,7083.5,7084
1776388740,7084.5,7084.5,7083.5,7083.5
1776388800,7083.75,7084.5,7083.75,7084.5
1776388860,7084.25,7084.25,7083.75,7084.25
1776388920,7084.25,7084.25,7082,7082
1776388980,7082,7082.25,7081.25,7081.5
1776389040,7081.75,7082,7081.25,7081.75
1776389100,7081.75,7082.75,7081.75,7082.5
1776389160,7082.5,7083,7082.5,7082.75
1776389220,7082.5,7082.5,7082,7082
1776389280,7082,7082,7081.75,7082
1776389340,7082,7082.5,7081.75,7082
1776389400,7082.25,7083,7081.75,7082
1776389460,7082,7083,7082,7082.5
1776389520,7082.5,7083.25,7082.25,7082.5
1776389580,7082.5,7082.5,7082,7082.25
1776389640,7082.5,7082.75,7082,7082.5
1776389700,7082.75,7083,7082.75,7083
1776389760,7082.75,7083.25,7082.75,7083
1776389820,7083,7083.75,7083,7083.5
1776389880,7083.5,7084.25,7083.5,7084
1776389940,7084.25,7084.25,7083.75,7083.75
1776390000,7084,7084.25,7083.75,7083.75
1776390060,7083.75,7083.75,7083.25,7083.25
1776390120,7083.25,7083.5,7083.25,7083.5
1776390180,7083.5,7083.75,7083.25,7083.25
1776390240,7083.25,7084,7083.25,7083.75
1776390300,7083.5,7083.75,7083.25,7083.5
1776390360,7083.5,7084,7083.5,7083.5
1776390420,7083.25,7084.25,7083.25,7084
1776390480,7084.25,7084.25,7083.75,7084.25
1776390540,7084,7084.5,7081.75,7083
1776390600,7083,7083.5,7082.75,7083.25
1776390660,7083.25,7083.25,7082.75,7083
1776390720,7082.5,7082.5,7082.25,7082.5
1776390780,7082.5,7083.25,7082.5,7082.75
1776390840,7082.75,7083,7082.5,7082.75
1776390900,7083,7084,7083,7084
1776390960,7084,7084,7083.5,7083.5
1776391020,7083.25,7083.75,7083.25,7083.25
1776391080,7083.25,7083.5,7083.25,7083.25
1776391140,7083.5,7083.5,7083,7083.25
1776391200,7083.25,7083.75,7083,7083
1776391260,7083,7083.25,7083,7083.25
1776391320,7083.25,7083.5,7083,7083
1776391380,7083.25,7084,7083.25,7084
1776391440,7084,7084,7083.25,7083.25
1776391500,7083.5,7083.5,7083,7083.25
1776391560,7083.25,7083.25,7082.75,7083
1776391620,7082.75,7082.75,7081.5,7081.75
1776391680,7081.75,7081.75,7080.5,7080.75
1776391740,7080.5,7080.5,7079.75,7080.25
1776391800,7080.5,7081.25,7080.25,7081
1776391860,7081,7081.25,7080.5,7080.5
1776391920,7080.75,7081.25,7080.5,7081.25
1776391980,7081.5,7081.5,7080.75,7081
1776392040,7081,7081,7080.75,7081
1776392100,7081,7081.25,7080.75,7081.25
1776392160,7081,7081,7080.25,7080.5
1776392220,7080.5,7081.25,7080.5,7081
1776392280,7080.75,7081,7080.25,7080.25
1776392340,7080.5,7081,7080.25,7080.75
1776392400,7080.75,7081.25,7080.75,7081.25
1776392460,7081.25,7081.25,7080.75,7080.75
1776392520,7080.5,7080.75,7080.5,7080.75
1776392580,7080.5,7080.5,7080.5,7080.5
1776392640,7080.75,7080.75,7078.25,7078.25
1776392700,7078.25,7079,7077.25,7078.75
1776392760,7078.75,7079,7078.5,7078.75
1776392820,7078.75,7079.5,7078.5,7079
1776392880,7079,7079,7078.25,7078.75
1776392940,7078.75,7079,7078.75,7078.75
1776393000,7078.75,7079,7078.25,7078.75
1776393060,7078.75,7080,7078.75,7079.75
1776393120,7079.75,7080.25,7079.25,7080
1776393180,7080.25,7080.25,7079.75,7080
1776393240,7079.75,7079.75,7079.5,7079.5
1776393300,7079.5,7079.75,7079,7079
1776393360,7079.25,7079.5,7079,7079.5
1776393420,7079.25,7080,7079.25,7079.75
1776393480,7080,7080.25,7079.75,7079.75
1776393540,7080,7080,7079.75,7080
1776393600,7080.25,7080.75,7080,7080.25
1776393660,7080.5,7080.5,7080,7080
1776393720,7080,7080,7079.75,7079.75
1776393780,7079.75,7080,7079.25,7079.5
1776393840,7079.5,7079.5,7079,7079.25
1776393900,7079,7079.5,7079,7079.5
1776393960,7079.5,7079.5,7079.25,7079.25
1776394020,7079.25,7079.25,7078.75,7079
1776394080,7079,7079,7079,7079
1776394140,7079,7079.25,7079,7079
1776394200,7078.75,7078.75,7078,7078.75
1776394260,7078.75,7078.75,7078.25,7078.5
1776394320,7078.5,7078.75,7078.25,7078.5
1776394380,7078.75,7079,7078.75,7079
1776394440,7079,7079,7078.75,7079
1776394500,7078.75,7079.25,7078.75,7079.25
1776394560,7079,7079,7078.75,7079
1776394620,7079,7079,7078.75,7079
1776394680,7078.75,7079,7078.75,7078.75
1776394740,7078.75,7079,7078.75,7078.75
1776394800,7078.5,7079.5,7078.5,7079.25
1776394860,7079.25,7079.25,7078.75,7079
1776394920,7079,7079.25,7078.75,7078.75
1776394980,7078.75,7078.75,7078.5,7078.5
1776395040,7078.75,7078.75,7078,7078
1776395100,7078.25,7078.25,7078,7078.25
1776395160,7078.25,7078.25,7077.5,7077.75
1776395220,7077.75,7077.75,7076.75,7077.25
1776395280,7077,7077.5,7077,7077.5
1776395340,7077.25,7077.5,7077.25,7077.5
1776395400,7077.5,7078,7077.5,7077.75
1776395460,7077.75,7077.75,7077.25,7077.5
1776395520,7077.25,7077.5,7077,7077.25
1776395580,7077,7077,7076.75,7076.75
1776395640,7077,7077,7076.5,7076.75
1776395700,7077,7077.5,7076.25,7076.5
1776395760,7076.75,7077.25,7076.75,7077.25
1776395820,7077.25,7077.75,7077.25,7077.5
1776395880,7077.25,7078,7077.25,7077.5
1776395940,7077.75,7078.25,7077.75,7078
1776396000,7078.25,7078.5,7077.75,7078
1776396060,7078,7078,7077.75,7078
1776396120,7077.75,7078,7077.75,7078
1776396180,7078,7078.5,7077.75,7078.5
1776396240,7078.25,7078.75,7078.25,7078.25
1776396300,7078.5,7078.75,7078,7078
1776396360,7078,7078,7077.75,7078
1776396420,7077.75,7077.75,7077.25,7077.25
1776396480,7077,7077.5,7077,7077.5
1776396540,7077.5,7078,7077.25,7077.75
1776396600,7077.75,7078,7077.5,7077.5
1776396660,7077.5,7077.75,7077.25,7077.5
1776396720,7077.25,7077.75,7077.25,7077.75
1776396780,7077.75,7077.75,7077,7077.5
1776396840,7077,7077.25,7077,7077
1776396900,7077.25,7077.25,7076.75,7077
1776396960,7077.25,7077.25,7076.75,7076.75
1776397020,7076.75,7077,7076.5,7076.75
1776397080,7076.75,7078.25,7076.5,7077.75
1776397140,7077.5,7077.75,7077.25,7077.75
1776397200,7077.75,7077.75,7077.25,7077.75
1776397260,7077.5,7077.5,7077.25,7077.5
1776397320,7077.5,7078,7077.5,7077.75
1776397380,7077.75,7078.25,7077.75,7077.75
1776397440,7077.75,7078,7077.5,7077.5
1776397500,7077.5,7078,7077.25,7077.75
1776397560,7078,7078.5,7078,7078
1776397620,7078,7078,7077.5,7077.75
1776397680,7077.5,7077.75,7077.25,7077.75
1776397740,7077.5,7077.75,7077.25,7077.75
1776397800,7077.5,7077.75,7077.5,7077.75
1776397860,7077.5,7078.25,7077.5,7078
1776397920,7078,7078,7077.75,7077.75
1776397980,7078,7078,7078,7078
1776398040,7078,7078.25,7078,7078
1776398100,7077.75,7078,7077.5,7078
1776398160,7077.75,7078.25,7077.5,7078.25
1776398220,7078.25,7078.5,7078,7078.25
1776398280,7078.25,7078.25,7078,7078.25
1776398340,7078.25,7078.25,7078,7078
1776398400,7078.25,7078.25,7077.5,7077.75
1776398460,7077.75,7078.25,7077.75,7078.25
1776398520,7078,7078.25,7078,7078.25
1776398580,7078.25,7078.25,7078.25,7078.25
1776398640,7078.25,7078.75,7078.25,7078.5
1776398700,7078.75,7080,7078.75,7079.75
1776398760,7079.5,7080.5,7079.5,7080.25
1776398820,7080,7080.5,7080,7080
1776398880,7080.25,7080.75,7080,7080.75
1776398940,7080.5,7080.75,7080.5,7080.5
1776399000,7080.75,7080.75,7080,7080
1776399060,7080.25,7080.75,7080,7080.75
1776399120,7080.5,7080.5,7080.25,7080.25
1776399180,7080.5,7080.5,7080.5,7080.5
1776399240,7080.25,7081,7080.25,7081
1776399300,7081,7081.25,7080.75,7081
1776399360,7081.25,7081.75,7081.25,7081.75
1776399420,7081.75,7081.75,7081.5,7081.5
1776399480,7081.5,7082,7081.5,7081.75
1776399540,7082,7082.25,7081.75,7082.25
1776399600,7082.5,7082.5,7082,7082.25
1776399660,7082,7082,7081.5,7081.75
1776399720,7081.75,7081.75,7081.25,7081.25
1776399780,7081.5,7081.75,7081.5,7081.75
1776399840,7081.75,7082,7081.75,7082
1776399900,7081.75,7081.75,7081.5,7081.5
1776399960,7081.5,7082,7081.5,7082
1776400020,7082,7082.75,7082,7082.75
1776400080,7082.75,7083,7082.25,7082.5
1776400140,7082.5,7082.5,7081.75,7082
1776400200,7082,7082,7081.5,7081.5
1776400260,7081.5,7082.25,7081.5,7082
1776400320,7081.75,7082,7081.75,7081.75
1776400380,7082,7082,7082,7082
1776400440,7082.25,7082.75,7082,7082.75
1776400500,7082.75,7082.75,7082.5,7082.5
1776400560,7082.25,7082.25,7081.75,7082.25
1776400620,7082,7082.25,7082,7082.25
1776400680,7082.25,7082.5,7081.75,7081.75
1776400740,7081.5,7082,7081.5,7081.75
1776400800,7082,7082,7081.25,7081.5
1776400860,7081.5,7081.75,7081.5,7081.75
1776400920,7081.5,7081.5,7081,7081.5
1776400980,7081.5,7081.5,7081,7081
1776401040,7080.75,7081.25,7080.75,7081
1776401100,7081,7081.5,7080.25,7081.25
1776401160,7081.5,7082,7081.25,7082
1776401220,7081.75,7082,7081.5,7081.75
1776401280,7081.75,7081.75,7081.5,7081.75
1776401340,7081.5,7081.5,7081.25,7081.5
1776401400,7081.5,7081.75,7081.5,7081.75
1776401460,7081.75,7081.75,7081.25,7081.25
1776401520,7081.5,7081.5,7081.25,7081.25
1776401580,7081,7081,7080.5,7080.75
1776401640,7080.75,7081,7080.25,7080.75
1776401700,7080.75,7080.75,7080.5,7080.75
1776401760,7080.5,7080.75,7080.5,7080.75
1776401820,7080.5,7080.5,7079.25,7079.5
1776401880,7079.5,7080,7079.5,7079.5
1776401940,7079.5,7079.5,7079.25,7079.25
1776402000,7079.5,7079.5,7078.5,7078.5
1776402060,7078.75,7079,7077.75,7077.75
1776402120,7077.75,7077.75,7076.25,7076.25
1776402180,7076.25,7076.5,7075.5,7075.5
1776402240,7075.5,7076.5,7075.25,7076.5
1776402300,7076.5,7077.25,7076.25,7077.25
1776402360,7077.25,7077.5,7076.75,7077
1776402420,7077.25,7077.5,7077,7077.5
1776402480,7077.25,7078,7077,7078
1776402540,7078,7078.25,7077.5,7077.5
1776402600,7077.5,7077.5,7077.25,7077.5
1776402660,7077.25,7077.5,7077,7077
1776402720,7077,7077.25,7076.75,7077
1776402780,7077.25,7078,7077.25,7078
1776402840,7077.75,7077.75,7077.5,7077.5
1776402900,7077.5,7078,7077.5,7078
1776402960,7078.25,7078.25,7077.5,7077.75
1776403020,7077.75,7077.75,7077.5,7077.5
1776403080,7077.5,7077.5,7077,7077.5
1776403140,7077.25,7077.25,7077.25,7077.25
1776403200,7077.25,7078,7077.25,7077.75
1776403260,7077.75,7077.75,7077.25,7077.5
1776403320,7077.75,7078,7077.75,7078
1776403380,7077.75,7078.5,7077.75,7078.5
1776403440,7078.5,7079,7078.5,7079
1776403500,7079,7079.25,7078.5,7079
1776403560,7079,7079,7078.25,7078.75
1776403620,7078.75,7079,7078.5,7079
1776403680,7078.75,7079.25,7078.5,7078.5
1776403740,7079,7079,7078.75,7079
1776403800,7079,7079,7078.5,7078.5
1776403860,7078.5,7078.5,7077.5,7077.5
1776403920,7077.75,7078.25,7077.25,7077.5
1776403980,7077.25,7077.75,7076.75,7077.25
1776404040,7077.25,7077.25,7077,7077
1776404100,7077,7077.75,7077,7077.5
1776404160,7077.5,7078,7077.5,7078
1776404220,7078,7080.25,7078,7080
1776404280,7080.25,7080.75,7079.75,7080.75
1776404340,7080.75,7080.75,7079.25,7079.5
1776404400,7079.5,7080.5,7079.25,7080.5
1776404460,7080.75,7081.25,7080.75,7081
1776404520,7080.75,7081.5,7080.75,7081.25
1776404580,7081.5,7082,7081,7081
1776404640,7080.75,7081.25,7080.75,7081
1776404700,7081,7081.75,7081,7081.5
1776404760,7081.5,7081.75,7080.75,7081.25
1776404820,7081.25,7081.5,7081,7081.5
1776404880,7081.25,7081.5,7081.25,7081.5
1776404940,7081.75,7081.75,7081.5,7081.5
1776405000,7081.5,7081.5,7081,7081.5
1776405060,7081.5,7081.5,7081,7081.25
1776405120,7081.25,7081.75,7081,7081.5
1776405180,7081.25,7081.25,7081,7081.25
1776405240,7081.25,7081.25,7081,7081.25
1776405300,7081.25,7081.5,7081,7081.5
1776405360,7081.5,7081.5,7080.75,7081.25
1776405420,7081.5,7081.5,7081,7081.25
1776405480,7081.5,7081.5,7081.5,7081.5
1776405540,7081.25,7081.75,7081.25,7081.25
1776405600,7081.5,7082.75,7081.25,7081.75
1776405660,7081.5,7082.5,7081.5,7082.5
1776405720,7082.75,7082.75,7081.75,7082
1776405780,7082,7082,7081.25,7081.25
1776405840,7081.25,7081.5,7080.5,7081.5
1776405900,7081.5,7082.25,7081.25,7081.75
1776405960,7082,7083,7081.75,7082.75
1776406020,7082.75,7083.75,7082.25,7082.75
1776406080,7082.75,7083,7082.25,7082.25
1776406140,7082.25,7082.25,7081.5,7081.5
1776406200,7081.5,7082.75,7081.25,7082.25
1776406260,7082.25,7082.25,7081.75,7082
1776406320,7082,7083,7082,7082.75
1776406380,7082.75,7083.25,7082.5,7083
1776406440,7083.25,7083.5,7082.75,7082.75
1776406500,7082.5,7083.25,7082.25,7083.25
1776406560,7083.25,7083.25,7083,7083.25
1776406620,7083.25,7083.5,7083,7083
1776406680,7083,7083.25,7082.25,7082.75
1776406740,7082.75,7082.75,7081.5,7081.5
1776406800,7082,7082,7081.75,7081.75
1776406860,7081.75,7081.75,7080.75,7081
1776406920,7081.25,7081.25,7080.75,7080.75
1776406980,7080.75,7081.25,7080.5,7081
1776407040,7081,7081.75,7081,7081.75
1776407100,7081.75,7082,7080.75,7080.75
1776407160,7080.75,7080.75,7079.75,7080
1776407220,7080,7081,7079.75,7081
1776407280,7081,7081.25,7080.25,7080.75
1776407340,7080.5,7080.75,7080.5,7080.5
1776407400,7080.25,7080.25,7078.25,7078.5
1776407460,7078.5,7078.75,7077.75,7078.25
1776407520,7078.5,7078.75,7078.25,7078.25
1776407580,7078.25,7078.75,7078.25,7078.5
1776407640,7078.25,7078.5,7077.75,7078
1776407700,7078,7078.25,7077.75,7077.75
1776407760,7077.75,7078,7077.25,7077.75
1776407820,7077.5,7078,7077.25,7077.75
1776407880,7078,7079,7078,7078.5
1776407940,7078.5,7079.5,7078.5,7079
1776408000,7079,7079.5,7078.5,7078.75
1776408060,7079,7079,7078.25,7078.25
1776408120,7078.5,7079,7078.25,7079
1776408180,7079.25,7079.5,7078.75,7079.5
1776408240,7079.5,7079.75,7079.25,7079.75
1776408300,7079.5,7080,7079.25,7080
1776408360,7080,7080.75,7079.75,7080.5
1776408420,7080.75,7081,7080.75,7080.75
1776408480,7080.75,7081.75,7080.75,7081.5
1776408540,7081.5,7081.5,7081.25,7081.25
1776408600,7081.25,7082,7081,7081.5
1776408660,7081.5,7081.5,7081,7081.25
1776408720,7081,7081.5,7081,7081.25
1776408780,7081.25,7081.5,7081.25,7081.5
1776408840,7081.5,7081.75,7081.5,7081.5
1776408900,7081.5,7081.5,7081,7081.25
1776408960,7081,7081.25,7081,7081
1776409020,7081,7081,7080,7080.5
1776409080,7080.5,7080.5,7080,7080.25
1776409140,7080,7080.5,7079.5,7079.75
1776409200,7080,7081.75,7080,7081.25
1776409260,7081.5,7083.25,7081,7082.5
1776409320,7082.5,7083.25,7082.25,7083
1776409380,7083,7083.75,7082.5,7083.75
1776409440,7083.5,7084.5,7083.5,7084.5
1776409500,7084.25,7084.5,7083.75,7084
1776409560,7084,7084.5,7083.5,7083.75
1776409620,7084,7086.5,7084,7084.75
1776409680,7084.5,7084.75,7084,7084.75
1776409740,7084.75,7085.25,7084,7084.25
1776409800,7084,7084.25,7083.5,7083.75
1776409860,7083.75,7084.75,7083.75,7084.75
1776409920,7084.75,7085,7084.25,7085
1776409980,7085,7085.5,7084.75,7084.75
1776410040,7084.75,7084.75,7083.75,7084
1776410100,7084,7084,7083.5,7084
1776410160,7084,7084,7083,7083.25
1776410220,7083.25,7083.5,7082.5,7082.5
1776410280,7082.5,7083,7082.25,7082.25
1776410340,7082.5,7083.5,7082.25,7083.5
1776410400,7083.5,7083.75,7082.25,7082.25
1776410460,7082.25,7082.25,7080.75,7081
1776410520,7081,7082.5,7081,7082.5
1776410580,7082.5,7082.75,7082,7082.5
1776410640,7082.5,7082.75,7082,7082
1776410700,7082,7082.75,7081.75,7082.75
1776410760,7082.75,7083.25,7082.75,7083
1776410820,7083,7083,7082.25,7082.25
1776410880,7082.25,7082.5,7081.5,7082.5
1776410940,7082.5,7082.75,7082,7082.75
1776411000,7082.75,7083,7082.25,7083
1776411060,7083.25,7083.25,7082.75,7083
1776411120,7083,7083,7082.5,7082.75
1776411180,7083,7083,7082.5,7082.5
1776411240,7082.5,7084.5,7082.5,7084.25
1776411300,7084,7084.5,7083.25,7083.75
1776411360,7083.75,7084.25,7083.75,7084
1776411420,7083.75,7084,7083.5,7083.75
1776411480,7083.75,7084.25,7082.5,7083
1776411540,7083,7083.25,7082.25,7082.75
1776411600,7082.5,7082.75,7082,7082.75
1776411660,7082.75,7083,7082,7082.5
1776411720,7082.75,7083,7082,7083
1776411780,7083,7083.25,7082.5,7082.75
1776411840,7082.75,7084,7082.75,7084
1776411900,7083.75,7084,7083.5,7083.5
1776411960,7083.25,7083.25,7082.5,7083.25
1776412020,7083,7083,7081.75,7082.5
1776412080,7082.5,7083,7082.25,7083
1776412140,7082.75,7083.5,7082.75,7083.5
1776412200,7083.25,7084.5,7083.25,7084.25
1776412260,7084,7084.5,7083.5,7084.5
1776412320,7084.5,7084.75,7083.75,7084
1776412380,7084,7084.75,7084,7084.75
1776412440,7084.75,7086.75,7084.75,7086.25
1776412500,7086,7086.25,7085.75,7086
1776412560,7086,7086.75,7085.5,7086.25
1776412620,7086,7087.5,7086,7086.75
1776412680,7087,7087.75,7086.5,7087.5
1776412740,7087.25,7087.25,7086,7086.5
1776412800,7086.5,7087,7086.25,7086.5
1776412860,7086.5,7087.25,7085.75,7087.25
1776412920,7087,7087.5,7086.5,7086.5
1776412980,7086.75,7087.25,7086.5,7087
1776413040,7087.25,7087.5,7087,7087.25
1776413100,7087.25,7087.25,7086.5,7086.75
1776413160,7086.75,7087.25,7086.25,7086.5
1776413220,7086.5,7087.25,7086.5,7087.25
1776413280,7087.25,7087.75,7087.25,7087.75
1776413340,7087.5,7087.75,7086,7086.25
1776413400,7086.25,7086.25,7085.75,7085.75
1776413460,7086,7086.25,7085.75,7086.25
1776413520,7086.25,7086.5,7085.75,7085.75
1776413580,7085.5,7085.5,7084.5,7085.25
1776413640,7085.5,7086.25,7085.5,7085.75
1776413700,7085.75,7086.25,7085.5,7085.5
1776413760,7085.25,7086.5,7084.75,7086.25
1776413820,7086.5,7086.75,7086.5,7086.5
1776413880,7086.5,7087.25,7086.5,7086.75
1776413940,7086.5,7086.5,7086.25,7086.25
1776414000,7086.5,7087.75,7086.25,7087
1776414060,7086.75,7087,7086.25,7086.5
1776414120,7086.25,7086.25,7085.75,7086.25
1776414180,7086.25,7086.5,7085.75,7086.5
1776414240,7086.25,7086.5,7086,7086.5
1776414300,7086.5,7086.75,7086.25,7086.5
1776414360,7086.25,7086.75,7086,7086.5
1776414420,7086.25,7086.75,7086.25,7086.5
1776414480,7086.5,7087.5,7086.5,7087.5
1776414540,7087.5,7088,7087.25,7087.25
1776414600,7087.5,7088.75,7087.5,7088.25
1776414660,7088.25,7088.25,7087.25,7087.75
1776414720,7087.5,7087.75,7087,7087.75
1776414780,7087.5,7088,7087.25,7087.5
1776414840,7087.5,7087.5,7087,7087
1776414900,7087.5,7087.75,7086.75,7087
1776414960,7087,7087,7086,7086.25
1776415020,7086.25,7086.5,7086,7086
1776415080,7086,7086.25,7085.75,7086
1776415140,7086,7086.75,7085.75,7086.75
1776415200,7086.75,7088.5,7086.5,7087.75
1776415260,7088,7089.25,7088,7089
1776415320,7089,7089.75,7089,7089.5
1776415380,7089.5,7090.5,7089.5,7090
1776415440,7090,7090.5,7089.5,7090.25
1776415500,7090,7090,7089.25,7089.75
1776415560,7089.5,7089.5,7088.5,7088.75
1776415620,7089,7089.25,7088.75,7089
1776415680,7089,7089.5,7089,7089.25
1776415740,7089.25,7089.75,7089,7089.5
1776415800,7089.75,7090.25,7089.75,7090.25
1776415860,7090.25,7090.5,7090,7090
1776415920,7090,7090,7089.75,7090
1776415980,7090,7090,7089,7089.25
1776416040,7089.25,7090.25,7089,7090.25
1776416100,7090.25,7090.25,7089.75,7090
1776416160,7089.75,7090.75,7089.75,7090.75
1776416220,7090.75,7091,7090,7090
1776416280,7090,7090.5,7089.75,7090.25
1776416340,7090.25,7090.75,7090.25,7090.75
1776416400,7090.75,7090.75,7090.5,7090.5
1776416460,7090.5,7090.75,7090.25,7090.5
1776416520,7090.5,7090.75,7090.5,7090.75
1776416580,7090.75,7091.25,7090.5,7091.25
1776416640,7091.25,7091.5,7091,7091
1776416700,7091,7091,7090,7090.5
1776416760,7090.75,7090.75,7090.5,7090.75
1776416820,7091,7091.25,7090.75,7091.25
1776416880,7091.25,7092.75,7090.75,7091.25
1776416940,7091,7091,7089.5,7089.75
1776417000,7089.5,7089.75,7089,7089
1776417060,7089,7089.5,7088.75,7089.5
1776417120,7089.25,7090,7089.25,7089.75
1776417180,7089.75,7090,7089.5,7089.5
1776417240,7089.5,7089.75,7089.5,7089.5
1776417300,7089.75,7089.75,7089.25,7089.75
1776417360,7089.75,7090,7089.5,7090
1776417420,7090,7090,7088.25,7088.75
1776417480,7088.5,7088.5,7087.75,7088
1776417540,7088,7088.75,7088,7088.5
1776417600,7088.25,7089.25,7088.25,7089
1776417660,7088.75,7089.75,7088.75,7089.5
1776417720,7089.75,7089.75,7088.75,7089
1776417780,7089,7089.25,7088.75,7089
1776417840,7089,7089,7088.75,7089
1776417900,7089,7090,7089,7089.75
1776417960,7089.75,7089.75,7089.5,7089.75
1776418020,7089.5,7090.75,7089.25,7090.75
1776418080,7090.5,7092,7090.5,7091
1776418140,7091.25,7091.5,7091.25,7091.5
1776418200,7091.75,7091.75,7091,7091
1776418260,7091,7091.25,7089.5,7089.75
1776418320,7089.5,7089.5,7088.75,7089
1776418380,7089,7089.5,7089,7089.5
1776418440,7089.5,7090,7089.25,7090
1776418500,7090.25,7090.5,7089.75,7090.25
1776418560,7090.25,7090.75,7090,7090.25
1776418620,7090,7090.25,7089.75,7089.75
1776418680,7089.75,7090,7089.5,7090
1776418740,7090,7090.25,7090,7090.25
1776418800,7090.25,7090.5,7090,7090.25
1776418860,7090.25,7091.5,7090.25,7091.5
1776418920,7091.5,7091.5,7091,7091.25
1776418980,7091.25,7091.75,7090.75,7090.75
1776419040,7091,7091.5,7090.75,7091.25
1776419100,7091.5,7092,7091,7091
1776419160,7091,7091,7089.75,7090.5
1776419220,7090.75,7091.5,7090.5,7091.5
1776419280,7091.5,7091.75,7091.25,7091.5
1776419340,7091.5,7092,7091.25,7091.75
1776419400,7091.5,7091.75,7091,7091.5
1776419460,7091.5,7093.25,7091.5,7092.5
1776419520,7092.75,7092.75,7092,7092.25
1776419580,7092.25,7093.25,7092.25,7093
1776419640,7093,7093.75,7092,7092.25
1776419700,7092.25,7093.5,7092.25,7093
1776419760,7093.25,7093.5,7092.5,7092.75
1776419820,7092.75,7093.75,7092.5,7093.25
1776419880,7093.5,7093.75,7092.75,7093.25
1776419940,7093.25,7093.75,7093,7093
1776420000,7093,7093.25,7092,7092
1776420060,7092.25,7092.75,7092,7092.25
1776420120,7092.25,7093.25,7092,7093
1776420180,7093,7093.5,7093,7093.5
1776420240,7093.75,7094.25,7093.75,7093.75
1776420300,7094,7094.5,7093.5,7094.5
1776420360,7094.5,7094.5,7093.75,7094.25
1776420420,7094,7094.75,7093.75,7094.25
1776420480,7094.25,7094.5,7094.25,7094.25
1776420540,7094.5,7094.75,7094.5,7094.75
1776420600,7094.75,7094.75,7093.75,7093.75
1776420660,7093.75,7093.75,7093.25,7093.5
1776420720,7093.5,7093.5,7093,7093.5
1776420780,7093.75,7095.5,7093.5,7094.5
1776420840,7094.5,7095.25,7094.25,7094.75
1776420900,7094.75,7095,7094,7094
1776420960,7094.25,7094.25,7093.5,7093.5
1776421020,7093.5,7093.5,7092.5,7092.75
1776421080,7092.75,7092.75,7092,7092.5
1776421140,7092.25,7092.25,7091.5,7091.5
1776421200,7091.75,7092.25,7091.75,7092
1776421260,7092.25,7093,7092.25,7092.5
1776421320,7092.75,7093,7092.25,7092.75
1776421380,7092.5,7092.5,7091.75,7092
1776421440,7092.25,7092.25,7091.75,7092.25
1776421500,7092.25,7092.25,7091.5,7091.5
1776421560,7091.5,7091.5,7090.75,7091.25
1776421620,7091.25,7091.25,7091,7091
1776421680,7091,7091.25,7090.5,7090.75
1776421740,7090.75,7091.5,7090.5,7091
1776421800,7091.25,7091.25,7090.5,7090.5
1776421860,7090.5,7090.75,7090,7090.75
1776421920,7090.5,7090.5,7089.25,7089.25
1776421980,7089.25,7090,7089.25,7090
1776422040,7090,7090,7090,7090
1776422100,7090.25,7091,7090.25,7091
1776422160,7090.75,7091,7090.25,7090.75
1776422220,7090.5,7090.75,7090.25,7090.5
1776422280,7090.5,7090.5,7090,7090
1776422340,7089.75,7090,7089.75,7089.75
1776422400,7090,7090,7088,7088.5
1776422460,7088.5,7089,7088.25,7089
1776422520,7089,7089.5,7088.75,7089
1776422580,7088.75,7089.25,7088.5,7089.25
1776422640,7089,7089.75,7088.75,7089.5
1776422700,7089.5,7089.75,7088.5,7089.75
1776422760,7089.5,7090,7089.5,7089.5
1776422820,7089.75,7091,7089.5,7091
1776422880,7091,7091.25,7090.25,7090.5
1776422940,7090.5,7091,7090.5,7091
1776423000,7091,7091.5,7090.5,7091
1776423060,7091.25,7091.75,7091,7091.5
1776423120,7091.5,7091.75,7091,7091.25
1776423180,7091.5,7092,7091.25,7091.75
1776423240,7091.75,7092.25,7091.75,7092.25
1776423300,7092.25,7092.75,7092,7092.5
1776423360,7092.25,7092.75,7092,7092
1776423420,7092,7092.75,7092,7092.25
1776423480,7092.25,7092.5,7091.5,7092
1776423540,7092.25,7092.5,7091.5,7091.75
1776423600,7091.5,7092.5,7091.25,7092
1776423660,7092.25,7094.25,7092.25,7093.75
1776423720,7093.75,7094.25,7093.5,7093.75
1776423780,7094,7094.5,7093.25,7093.5
1776423840,7093.25,7093.5,7092.75,7093
1776423900,7093.25,7093.5,7092.25,7092.5
1776423960,7092.5,7093.75,7092.5,7093.75
1776424020,7093.75,7094.75,7093.75,7094.5
1776424080,7094.5,7094.75,7094,7094.5
1776424140,7094.5,7094.5,7094,7094.25
1776424200,7094.5,7094.5,7094,7094.25
1776424260,7094.25,7095,7094,7094.75
1776424320,7094.5,7094.5,7094,7094.25
1776424380,7094.25,7094.5,7094,7094.25
1776424440,7094.25,7094.25,7093.5,7093.5
1776424500,7093.75,7094,7093.5,7093.75
1776424560,7094,7094.25,7093.75,7094
1776424620,7093.75,7095,7093.75,7094.75
1776424680,7094.75,7095,7094.25,7094.5
1776424740,7094.25,7096,7094.25,7095.25
1776424800,7095.5,7096,7095.25,7095.75
1776424860,7095.75,7096.25,7095,7095.25
1776424920,7095.25,7096,7095.25,7095.5
1776424980,7095.25,7095.75,7095.25,7095.75
1776425040,7095.75,7095.75,7095.25,7095.25
1776425100,7095.25,7095.5,7094,7094.5
1776425160,7094.75,7095,7094.5,7095
1776425220,7094.75,7094.75,7093.25,7094
1776425280,7094,7094.75,7094,7094.75
1776425340,7094.5,7095.25,7094.5,7095.25
1776425400,7095.5,7097.25,7095.25,7096.75
1776425460,7096.75,7097.25,7096.25,7097
1776425520,7096.75,7098.5,7096.75,7097.5
1776425580,7097.5,7097.75,7096.75,7097.25
1776425640,7097.25,7097.75,7097,7097.5
1776425700,7097.5,7098,7097.25,7097.75
1776425760,7097.75,7098.5,7097.5,7097.5
1776425820,7097.75,7098.25,7096.75,7097.75
1776425880,7097.75,7098,7097.25,7097.5
1776425940,7097.5,7098.25,7097.25,7097.25
1776426000,7097.25,7098,7095.5,7096.25
1776426060,7096,7097.25,7096,7097
1776426120,7097.25,7097.75,7097,7097.5
1776426180,7097.5,7098.25,7097.25,7097.5
1776426240,7097.5,7098.5,7097.5,7098
1776426300,7098.25,7098.5,7097.5,7098
1776426360,7097.75,7098.25,7097.5,7097.5
1776426420,7097.5,7098.75,7097.5,7098.5
1776426480,7098.5,7099.25,7098.25,7098.75
1776426540,7098.75,7099.5,7098.75,7099.25
1776426600,7099,7100.25,7098.75,7099.75
1776426660,7099.75,7100.75,7099.75,7100
1776426720,7100,7100,7099.25,7099.5
1776426780,7099.75,7101,7099.75,7100.25
1776426840,7100.5,7101.75,7100.25,7101.5
1776426900,7101.5,7102.25,7101.25,7101.25
1776426960,7101.25,7101.25,7100,7100.75
1776427020,7100.75,7101.25,7100,7101
1776427080,7101,7101.5,7100.75,7101.5
1776427140,7101.25,7101.5,7100.75,7101
1776427200,7101.25,7101.25,7099.5,7100
1776427260,7099.75,7101,7099.75,7100.5
1776427320,7100.75,7102.5,7100.5,7102
1776427380,7102,7104.5,7102,7103.5
1776427440,7103.75,7104,7103.25,7104
1776427500,7103.75,7105.25,7103.75,7104.25
1776427560,7104,7105,7104,7104.75
1776427620,7104.75,7104.75,7103,7103.25
1776427680,7103,7104,7102.75,7103.5
1776427740,7103.75,7104,7103.25,7103.5
1776427800,7103.5,7103.5,7102.5,7103
1776427860,7103,7104.5,7103,7104.5
1776427920,7104.5,7106,7104.5,7105.5
1776427980,7105.75,7106.75,7105,7105.75
1776428040,7105.75,7106,7105.25,7105.75
1776428100,7105.75,7106,7104.75,7105.25
1776428160,7105.25,7105.5,7104.5,7105
1776428220,7105,7105.25,7104.5,7104.75
1776428280,7104.75,7105.75,7104.5,7105.5
1776428340,7105.5,7106.25,7105.25,7105.5
1776428400,7105.5,7105.5,7104.25,7105.25
1776428460,7105,7105.5,7104.5,7104.75
1776428520,7104.75,7104.75,7102,7102.5
1776428580,7102.5,7103.25,7101.75,7103.25
1776428640,7103.25,7107.75,7103,7106.25
1776428700,7106.5,7114,7105.25,7111.25
1776428760,7111.25,7111.25,7107.5,7108.25
1776428820,7108,7111.5,7107,7110.5
1776428880,7110.25,7112.5,7110.25,7111.25
1776428940,7111.25,7114.25,7109.75,7114.25
1776429000,7114.25,7120,7112.25,7117.75
1776429060,7117.75,7118,7116.5,7117.5
1776429120,7117.5,7117.5,7114.25,7114.5
1776429180,7114.5,7116,7113.75,7115.25
1776429240,7115,7115.5,7113.25,7113.75
1776429300,7113.75,7116.25,7113.5,7115
1776429360,7115.25,7115.25,7114,7114.25
1776429420,7114.25,7114.25,7112.75,7113.25
1776429480,7113.25,7114,7112,7112.5
1776429540,7112.75,7113.75,7112.5,7113
1776429600,7113.25,7113.25,7111.5,7111.75
1776429660,7111.75,7112.25,7110.5,7112
1776429720,7112,7112.25,7110.5,7111
1776429780,7110.75,7111,7110,7110.25
1776429840,7110.25,7110.75,7109.75,7110.25
1776429900,7110,7117.25,7109.25,7115.25
1776429960,7115,7120.75,7113,7116.5
1776430020,7116.5,7124,7115.25,7119.5
1776430080,7119.25,7128,7118,7125.75
1776430140,7125.5,7133,7125.25,7132
1776430200,7132.25,7135.25,7129.5,7133.5
1776430260,7133.75,7133.75,7127.5,7130.25
1776430320,7130.25,7131.25,7126.5,7130.25
1776430380,7130,7133.5,7129.25,7129.75
1776430440,7129.75,7133.25,7129,7132.25
1776430500,7131.75,7132.75,7128.25,7131.5
1776430560,7131.5,7132.5,7129.25,7131.5
1776430620,7131.75,7132.75,7130,7131.75
1776430680,7132,7133.75,7131.5,7133
1776430740,7133,7137,7132.5,7136
1776430800,7136,7136.25,7130.75,7130.75
1776430860,7130.75,7132.75,7129.5,7129.75
1776430920,7129.75,7130.5,7127.5,7130.5
1776430980,7130.5,7131.75,7128.5,7131
1776431040,7131,7135.25,7131,7134.5
1776431100,7134.5,7134.5,7131,7131.25
1776431160,7131.25,7138.25,7130.75,7135.25
1776431220,7135.5,7140.75,7134,7140
1776431280,7139.75,7143,7139.5,7141.5
1776431340,7141.5,7145,7141.5,7144
1776431400,7144.25,7147,7143.75,7147
1776431460,7147,7147.5,7143,7144
1776431520,7144,7146,7142.75,7143.25
1776431580,7143.5,7143.75,7141,7142.75
1776431640,7142.75,7146.5,7142,7145.5
1776431700,7145.5,7145.5,7141.25,7141.5
1776431760,7141.5,7141.75,7139,7140.75
1776431820,7140.75,7141,7138,7138.75
1776431880,7139,7141.5,7138,7140.75
1776431940,7140.5,7142.25,7139.75,7140.25
1776432000,7140.25,7140.25,7134.5,7136.25
1776432060,7136.25,7136.75,7134.5,7135.75
1776432120,7135.75,7136,7133.75,7133.75
1776432180,7133.75,7135,7133.25,7135
1776432240,7135,7138.25,7134.5,7136
1776432300,7135.75,7136,7131.75,7133.75
1776432360,7133.75,7134.5,7126.75,7129.25
1776432420,7129.5,7133.5,7121,7121.5
1776432480,7121.5,7126.5,7121.25,7123.5
1776432540,7123.5,7125.5,7119,7121
1776432600,7121.25,7126.75,7119.25,7121.75
1776432660,7121.75,7128.75,7121.75,7126.25
1776432720,7126.25,7129.25,7125.25,7128.5
1776432780,7128.75,7128.75,7122.5,7124.25
1776432840,7124.25,7130.75,7124.25,7129
1776432900,7129,7132.25,7128,7132
1776432960,7131.75,7134,7129.5,7133
1776433020,7133.25,7135.5,7132.25,7134
1776433080,7134,7134.25,7129.75,7133.25
1776433140,7133.25,7133.5,7129.25,7130.25
1776433200,7130.25,7130.5,7126.75,7127.75
1776433260,7127.75,7128.5,7126.5,7128
1776433320,7128,7130.75,7126,7129.5
1776433380,7129.75,7130.5,7124.75,7128.25
1776433440,7128.5,7132.75,7126.25,7130.75
1776433500,7131,7133.25,7127.5,7132.75
1776433560,7132.75,7134.5,7122.75,7125.5
1776433620,7125.5,7126,7120.25,7123
1776433680,7123,7128,7117,7127.25
1776433740,7127.5,7131.25,7126.75,7130.25
1776433800,7130.25,7134.25,7129.25,7131.5
1776433860,7131.25,7137.75,7130.25,7136.5
1776433920,7136.25,7137.75,7134.75,7136
1776433980,7136,7138,7134.75,7137.5
1776434040,7137.25,7138,7133.25,7137.25
1776434100,7137.25,7138.25,7135.5,7137
1776434160,7136.75,7140.25,7135,7139
1776434220,7138.75,7143,7138.25,7141
1776434280,7141,7141.75,7137,7141
1776434340,7140.75,7143.75,7140.75,7143.5
1776434400,7143.5,7145.75,7141.5,7145.25
1776434460,7145.25,7147.25,7144.5,7146.75
1776434520,7146.75,7147,7144.5,7146
1776434580,7146,7147.25,7144.75,7146.25
1776434640,7146.25,7149.5,7146,7149
1776434700,7149,7151.5,7148.25,7149
1776434760,7149.25,7151.25,7148.5,7149.75
1776434820,7149.75,7151.5,7148.25,7150.75
1776434880,7150.75,7151.75,7149.5,7150.5
1776434940,7150.5,7152.25,7149.75,7152
1776435000,7152,7154.75,7151,7153.75
1776435060,7153.75,7153.75,7150.25,7150.5
1776435120,7150.5,7151.25,7147.5,7149.5
1776435180,7149.75,7152.25,7148.75,7150.75
1776435240,7150.75,7152.25,7150.5,7151.75
1776435300,7152,7153.5,7150,7153.25
1776435360,7153.25,7153.75,7151.75,7153.5
1776435420,7153.5,7153.5,7149,7150.25
1776435480,7150.25,7152.5,7149,7150.75
1776435540,7150.75,7151.75,7150,7150.25
1776435600,7150.25,7153.25,7145.75,7152.25
1776435660,7152.25,7154,7150,7153.5
1776435720,7153.5,7154.25,7151.25,7152.25
1776435780,7152.25,7153,7149.75,7152
1776435840,7152,7154.5,7151,7153.5
1776435900,7153.5,7154.5,7152.25,7153.25
1776435960,7153.5,7155.75,7152.25,7152.5
1776436020,7152.75,7153.5,7150.5,7152.75
1776436080,7152.75,7154.75,7152.25,7153
1776436140,7153,7155,7152,7153.25
1776436200,7153.5,7155.5,7153,7153.5
1776436260,7153.5,7157.25,7153,7156.75
1776436320,7156.75,7158.25,7156.5,7157.5
1776436380,7157.5,7163.5,7157.5,7163
1776436440,7162.75,7163,7161.5,7162.25
1776436500,7162.25,7162.5,7157.25,7159.25
1776436560,7159.25,7162.25,7158.5,7161.75
1776436620,7161.75,7162.5,7160.5,7162
1776436680,7162,7163.75,7161.25,7163
1776436740,7162.75,7164.5,7161.25,7164.25
1776436800,7164.25,7168.75,7163.75,7166.75
1776436860,7166.75,7169.5,7166.5,7168.25
1776436920,7168.25,7171,7167.75,7170.75
1776436980,7170.75,7171.25,7168,7169.25
1776437040,7169.25,7170.75,7168.5,7170
1776437100,7170,7171.25,7168.75,7171
1776437160,7170.75,7171.25,7168.5,7169.75
1776437220,7169.75,7170.75,7168.75,7170
1776437280,7170,7172.5,7169,7171.75
1776437340,7171.75,7174.5,7171.5,7173.5
1776437400,7173.5,7174.75,7169,7169.5
1776437460,7169.5,7173,7169.25,7172.25
1776437520,7172.25,7173.75,7172,7172.75
1776437580,7172.75,7173,7170.75,7171.25
1776437640,7171.5,7171.75,7169.25,7169.75
1776437700,7169.75,7169.75,7163,7163.25
1776437760,7163.5,7168.5,7163,7168
1776437820,7168.25,7169.25,7167,7169
1776437880,7169,7169,7166.75,7169
1776437940,7169,7169,7164.5,7166
1776438000,7166,7166.5,7163,7165.25
1776438060,7165.25,7167.75,7165,7167.5
1776438120,7167.5,7170.75,7166.75,7169.75
1776438180,7170,7173,7164,7167.5
1776438240,7167.75,7169.75,7164.25,7168.25
1776438300,7168.5,7170.25,7167.5,7169.75
1776438360,7170,7172.75,7168.25,7172.5
1776438420,7172.5,7172.75,7170.75,7171.5
1776438480,7171.25,7171.5,7168.5,7170.25
1776438540,7170.5,7171,7169.25,7170
1776438600,7169.75,7171.5,7167.5,7168
1776438660,7168.25,7168.25,7165,7165.5
1776438720,7165.5,7167.25,7163.75,7164.25
1776438780,7164.5,7165.25,7162.75,7164
1776438840,7164,7165.5,7162.25,7163.5
1776438900,7163.5,7167,7163,7165.5
1776438960,7165.75,7168.5,7165.5,7167.75
1776439020,7167.5,7168.5,7167,7167.75
1776439080,7167.75,7167.75,7164,7164
1776439140,7164.25,7164.25,7159.5,7162.75
1776439200,7162.75,7163.5,7159.75,7161.75
1776439260,7162,7165.25,7161,7164.25
1776439320,7164.25,7165,7163.25,7164.75
1776439380,7164.75,7167.5,7164.5,7166.5
1776439440,7166.5,7166.75,7165,7166.25
1776439500,7166.25,7166.75,7164,7164.5
1776439560,7164.5,7167.5,7163.75,7167.5
1776439620,7167.25,7167.75,7164.75,7165.25
1776439680,7165.25,7168.5,7164.75,7167.25
1776439740,7167.25,7168,7166.25,7167.5
1776439800,7167.5,7169.75,7167.25,7168.5
1776439860,7168.25,7172.25,7167.5,7172
1776439920,7172,7172.25,7169.25,7170.75
1776439980,7170.75,7172.5,7170,7172.5
1776440040,7172.5,7174.25,7171,7174
1776440100,7173.75,7173.75,7172.5,7173.5
1776440160,7173.5,7175,7172.75,7173.5
1776440220,7173.5,7173.75,7169.75,7171.25
1776440280,7171.25,7174.25,7170.5,7173.75
1776440340,7174,7174.5,7173,7174
1776440400,7174,7174.25,7172,7172.75
1776440460,7172.75,7173,7169.5,7171.75
1776440520,7171.75,7171.75,7168,7168.25
1776440580,7168.25,7169,7166,7166.75
1776440640,7166.75,7167.25,7165.5,7165.75
1776440700,7165.75,7169.5,7165.75,7169
1776440760,7168.75,7169,7166.5,7166.75
1776440820,7166.75,7168.25,7166,7167.5
1776440880,7167.5,7168.25,7166.75,7167.75
1776440940,7167.75,7174.5,7166.5,7169.5
1776441000,7169.5,7174.5,7169,7173.5
1776441060,7173.25,7175,7172.75,7174
1776441120,7174,7174.25,7171.25,7172
1776441180,7171.75,7173,7171.25,7172.75
1776441240,7172.75,7174.25,7172,7172
1776441300,7172,7173.75,7171.75,7172.25
1776441360,7172.25,7173.75,7171.25,7173
1776441420,7173,7174.25,7172.25,7172.5
1776441480,7172.5,7173,7169.5,7170.25
1776441540,7170.5,7170.75,7168.25,7169
1776441600,7169.25,7169.25,7166.75,7168.25
1776441660,7168.25,7171.75,7168,7171.5
1776441720,7171.5,7174.5,7171.5,7174
1776441780,7174,7177,7173.25,7175
1776441840,7175,7175.5,7173.5,7173.75
1776441900,7173.75,7175,7173.5,7175
1776441960,7175,7175.25,7174,7174.5
1776442020,7174.5,7176,7174,7175
1776442080,7175.25,7178.25,7175,7176.75
1776442140,7176.75,7176.75,7172.75,7173.25
1776442200,7173,7175.5,7172,7175
1776442260,7175,7177.5,7174.75,7177.25
1776442320,7177.25,7177.75,7176.5,7177.5
1776442380,7177.5,7177.5,7175.25,7175.75
1776442440,7175.75,7177,7175,7175.25
1776442500,7175.25,7176.75,7174.75,7176.25
1776442560,7176.25,7176.5,7173.75,7174
1776442620,7174,7174,7171,7171.75
1776442680,7171.75,7176,7171.25,7174.25
1776442740,7174.5,7175,7174,7174.5
1776442800,7174.5,7175.25,7173.25,7174.25
1776442860,7174.25,7175.5,7173.75,7175.25
1776442920,7175.25,7175.5,7174.25,7175
1776442980,7175,7176.75,7175,7176.75
1776443040,7176.75,7177.25,7175.75,7177
1776443100,7177,7177.5,7176,7176.5
1776443160,7176.75,7177.5,7176,7177.25
1776443220,7177.25,7177.5,7176.25,7176.5
1776443280,7176.25,7177.25,7176,7176.25
1776443340,7176.25,7177.5,7175.5,7177.25
1776443400,7177.25,7180.5,7177,7180
1776443460,7180,7181.25,7179,7181
1776443520,7181.25,7181.75,7180,7181.5
1776443580,7181.25,7182,7180,7180.25
1776443640,7180.25,7181.25,7179.75,7181.25
1776443700,7181.25,7182.75,7180.5,7181.5
1776443760,7181.25,7184.25,7181,7182.75
1776443820,7183,7183.75,7182,7182.25
1776443880,7182,7183.5,7181.75,7183.25
1776443940,7183.25,7183.75,7182.5,7182.75
1776444000,7182.5,7183,7181.75,7182.5
1776444060,7182.5,7182.5,7180.5,7180.75
1776444120,7180.75,7182.25,7180.5,7182
1776444180,7182,7182.75,7181.75,7182.75
1776444240,7182.75,7184,7182.75,7184
1776444300,7184,7185.75,7183.5,7185
1776444360,7185,7185.75,7184.75,7185.5
1776444420,7185.5,7185.75,7184.25,7184.25
1776444480,7184.25,7185.25,7184,7184.75
1776444540,7185,7185.25,7183.5,7184
1776444600,7184,7184.75,7183.5,7184.5
1776444660,7184.25,7185.5,7184,7185.5
1776444720,7185.5,7185.5,7183.75,7183.75
1776444780,7184,7184.25,7182.5,7184.25
1776444840,7184.25,7184.5,7182.75,7183
1776444900,7183.25,7183.25,7182.25,7182.25
1776444960,7182.25,7182.75,7181.5,7181.75
1776445020,7181.5,7182.25,7181.25,7182
1776445080,7182,7183,7181.5,7181.5
1776445140,7181.75,7182,7180.75,7181
1776445200,7181.25,7183,7180.5,7181
1776445260,7181.25,7183,7180.75,7182.75
1776445320,7182.75,7183,7181.25,7183
1776445380,7183,7183.75,7182.5,7183.25
1776445440,7183.25,7183.75,7182.5,7182.75
1776445500,7183,7183,7181.5,7182.5
1776445560,7182.5,7183,7181.25,7181.5
1776445620,7181.5,7181.75,7180,7180.5
1776445680,7180.25,7180.5,7169,7171.5
1776445740,7171.5,7176.5,7171.25,7176
1776445800,7176.25,7176.5,7173.75,7174.25
1776445860,7174.25,7174.5,7170.75,7172.5
1776445920,7172.5,7174,7171,7173
1776445980,7173,7174.75,7172.25,7173.5
1776446040,7173.75,7175.25,7172.75,7174
1776446100,7174,7175.75,7172.5,7173.25
1776446160,7173.25,7174.75,7173,7174.5
1776446220,7174.5,7174.5,7171,7171.5
1776446280,7171.75,7173.25,7170.75,7173.25
1776446340,7173.25,7173.25,7170.25,7170.75
1776446400,7170.75,7170.75,7165.75,7166.5
1776446460,7166.5,7166.5,7162.75,7164.75
1776446520,7165,7168.5,7164.75,7168
1776446580,7168,7172.75,7167.5,7171.25
1776446640,7171.25,7171.5,7151.5,7157
1776446700,7157,7162.25,7157,7160
1776446760,7160,7160,7153.25,7159
1776446820,7159,7163.25,7156.5,7162.25
1776446880,7162,7162.5,7156.75,7158.5
1776446940,7158.75,7161.5,7158.5,7160.5
1776447000,7160.25,7164,7160,7163.25
1776447060,7163.25,7164.75,7160,7160.5
1776447120,7160.25,7161.5,7158.5,7161.25
1776447180,7161,7161,7158.25,7159.75
1776447240,7159.75,7161.5,7159.5,7159.75
1776447300,7159.75,7160.75,7157.75,7158.25
1776447360,7158.25,7159.25,7157.25,7158.25
1776447420,7158.25,7164.5,7158.25,7164.5
1776447480,7164.5,7165.25,7162.25,7163.75
1776447540,7163.75,7163.75,7160.25,7162
1776447600,7161.75,7163,7160.25,7160.75
1776447660,7160.5,7162.25,7159.75,7160.5
1776447720,7160.5,7163,7160,7161.75
1776447780,7161.75,7162,7159.5,7160
1776447840,7159.75,7161.75,7159.25,7160.75
1776447900,7160.5,7164.5,7160.25,7164
1776447960,7164,7168,7164,7167.25
1776448020,7167.25,7169,7166.5,7168.5
1776448080,7168.25,7168.5,7166.5,7167
1776448140,7167,7167.75,7165.75,7166
1776448200,7166,7168,7165,7167.75
1776448260,7167.5,7168,7166,7167.25
1776448320,7167.25,7168,7166.5,7166.75
1776448380,7166.75,7168.5,7166.5,7168.25
1776448440,7168,7168.5,7167,7167.25
1776448500,7167.25,7168.25,7166.75,7167.25
1776448560,7167.25,7168.75,7165.75,7168.5
1776448620,7168.5,7168.75,7167,7167.25
1776448680,7167,7167.5,7164.5,7164.75
1776448740,7164.75,7165.5,7164,7164.5
1776448800,7164.75,7166.5,7163.5,7164
1776448860,7163.75,7166.75,7163,7166.5
1776448920,7166.25,7166.75,7163.75,7163.75
1776448980,7163.75,7165.5,7161,7162.25
1776449040,7162.25,7163.25,7161,7162.25
1776449100,7162,7162.75,7160.5,7161.5
1776449160,7161.5,7162.5,7159.25,7162
1776449220,7162,7162,7159.5,7160
1776449280,7160,7160.25,7157.25,7158.25
1776449340,7158.25,7159,7156.5,7157.75
1776449400,7157.75,7160.5,7156.25,7157
1776449460,7157,7159,7156.5,7157.5
1776449520,7157.5,7159.75,7157.25,7159.25
1776449580,7159,7159.75,7156.25,7156.75
1776449640,7156.75,7156.75,7155,7156.5
1776449700,7156.25,7159.75,7155.75,7158.5
1776449760,7158.25,7159,7157,7158.5
1776449820,7158.25,7159.5,7157.25,7159.5
1776449880,7159.5,7160.25,7158.5,7159.25
1776449940,7159,7160,7157,7158
1776450000,7157.75,7158.25,7155.25,7155.25
1776450060,7155.25,7156.5,7154,7154.5
1776450120,7154.5,7155.5,7152.75,7155.5
1776450180,7155.5,7159,7153.5,7157.75
1776450240,7157.75,7160.75,7157.75,7159.5
1776450300,7159.5,7165.5,7159,7162.75
1776450360,7162.75,7164.5,7161.5,7162.25
1776450420,7162.5,7163.75,7161.75,7162.25
1776450480,7162.25,7162.75,7159.25,7160.25
1776450540,7160.25,7160.25,7158.25,7159.5
1776450600,7159.75,7163.5,7159.75,7162.75
1776450660,7162.75,7163,7161,7162.75
1776450720,7163,7164.25,7162.75,7163.25
1776450780,7163.25,7165.5,7162.75,7164.25
1776450840,7164.5,7165.5,7164.25,7164.5
1776450900,7164.75,7165,7163.5,7164.5
1776450960,7164.5,7165.5,7164.25,7164.75
1776451020,7164.5,7165,7163.25,7163.5
1776451080,7163.75,7164.75,7163,7164.25
1776451140,7164.25,7164.25,7161.75,7163
1776451200,7163,7164,7162.25,7162.75
1776451260,7162.75,7162.75,7161.5,7161.75
1776451320,7161.75,7162,7159,7160.25
1776451380,7160.25,7161.25,7159.5,7161
1776451440,7161,7163,7160.75,7162.75
1776451500,7163,7163.25,7161.75,7162.25
1776451560,7162.25,7162.25,7161,7162.25
1776451620,7162.25,7163.5,7160.75,7161.25
1776451680,7161.25,7162.5,7160.75,7161.25
1776451740,7161.25,7161.75,7159.5,7160.5
1776451800,7160.5,7161,7159,7159
1776451860,7159,7160,7158,7158.25
1776451920,7158,7158.5,7155.25,7157.75
1776451980,7157.75,7158,7155.25,7157.5
1776452040,7157.5,7157.75,7153.5,7156.75
1776452100,7156.75,7159.5,7156.25,7159.25
1776452160,7159,7161.25,7158.25,7158.75
1776452220,7158.75,7159.75,7157.5,7159
1776452280,7158.75,7160,7158,7158.5
1776452340,7158.5,7159.75,7157.75,7158
1776452400,7157.75,7159.5,7157.75,7158.75
1776452460,7158.5,7160.5,7158.25,7160
1776452520,7160,7160.5,7159,7159.25
1776452580,7159,7159.25,7158,7158.75
1776452640,7158.5,7158.5,7157.5,7158.25
1776452700,7158.25,7158.5,7156.25,7156.25
1776452760,7156.25,7157,7154.5,7156.5
1776452820,7156.5,7158.5,7156,7156.25
1776452880,7156,7157,7155.25,7156.75
1776452940,7156.75,7157,7154.25,7155.5
1776453000,7155.5,7156.25,7153.5,7153.75
1776453060,7153.5,7155.25,7153.25,7153.5
1776453120,7153.25,7154,7152.25,7153.75
1776453180,7153.75,7154,7151.5,7151.5
1776453240,7151.5,7153.5,7151,7153
1776453300,7152.75,7156.5,7152.25,7155.75
1776453360,7155.75,7157.5,7155.5,7156.75
1776453420,7156.75,7157,7154.75,7155.25
1776453480,7155.25,7156.5,7155.25,7155.75
1776453540,7155.75,7156.5,7154.5,7155.75
1776453600,7155.75,7157.25,7154.75,7155.5
1776453660,7155.25,7156.5,7154.5,7155.5
1776453720,7155.25,7156,7154,7154.5
1776453780,7154.5,7154.75,7153.75,7154
1776453840,7154,7155,7153,7154.5
1776453900,7154.5,7156.75,7154.5,7155
1776453960,7155,7156,7154.5,7155.5
1776454020,7155.5,7155.5,7154.25,7154.75
1776454080,7155,7156,7153.5,7153.75
1776454140,7153.75,7154.75,7153.25,7153.75
1776454200,7154,7156.25,7153.75,7156
1776454260,7156,7157.75,7155.75,7156.25
1776454320,7156.5,7158.75,7156.25,7158.5
1776454380,7158.75,7160.5,7158.5,7160
1776454440,7160,7160.75,7159,7159
1776454500,7159.25,7160,7158,7158.5
1776454560,7158.75,7158.75,7157.25,7158.25
1776454620,7158.5,7159.25,7157.5,7159
1776454680,7159.25,7162.75,7159,7161.5
1776454740,7161.75,7162.75,7161,7161.5
1776454800,7161.75,7164,7159.5,7162.5
1776454860,7162.5,7162.5,7160.5,7161.5
1776454920,7161.5,7165,7161.5,7164
1776454980,7164.25,7165,7163.5,7164.5
1776455040,7164.5,7165,7163,7164.25
1776455100,7164,7164.25,7160.75,7161
1776455160,7161.25,7162,7160.75,7161.5
1776455220,7161.5,7161.75,7158.75,7159.75
1776455280,7159.75,7160.5,7159,7159.5
1776455340,7159.75,7160.25,7158.75,7160
1776455400,7160,7163.75,7158.25,7160
1776455460,7160,7161.5,7158.25,7160.75
1776455520,7160.75,7162.25,7159,7159.25
1776455580,7159.5,7162.25,7158.25,7161.5
1776455640,7161.5,7163.75,7161,7163
1776455700,7163,7165.5,7161,7162.5
1776455760,7162.25,7164.5,7161.25,7161.75
1776455820,7161.75,7163,7159.5,7162.75
1776455880,7162.75,7163.75,7161.75,7163
1776455940,7163.25,7164.5,7160.25,7161.5
1776456000,7161.5,7163.5,7160.75,7162
1776456060,7162,7163.75,7162,7163.5
1776456120,7163.5,7164.5,7163.5,7164
1776456180,7164,7164,7162.25,7162.75
1776456240,7162.75,7164,7162.5,7163.5
1776456300,7163.5,7163.75,7163,7163.5
1776456360,7163.5,7164.5,7163,7163.75
1776456420,7163.75,7164,7163.25,7163.75
1776456480,7164,7165,7163.75,7164.5
1776456540,7164.5,7164.5,7163.25,7163.75
1776456600,7163.75,7164.25,7163.25,7164
1776456660,7164,7164.5,7163.5,7164.25
1776456720,7164.25,7166,7164.25,7165.25
1776456780,7165.25,7166.25,7165.25,7165.75
1776456840,7165.75,7166.25,7165.25,7165.25
1776456900,7165.5,7166,7165,7165.75
1776456960,7166,7166.25,7165.5,7165.75
1776457020,7165.75,7165.75,7165,7165.5
1776457080,7165.25,7165.25,7163.75,7163.75
1776457140,7163.75,7164.25,7163.25,7163.75
1776457200,7163.75,7164,7162.25,7162.25
1776457260,7162,7163,7159.5,7162.25
1776457320,7162.25,7162.5,7161.25,7161.5
1776457380,7161.25,7162.5,7160.5,7162.25
1776457440,7162.25,7163,7162,7162
1776457500,7162,7162,7161.5,7162
1776457560,7161.75,7162.75,7161.25,7162.75
1776457620,7162.5,7163,7161.75,7161.75
1776457680,7162,7162.5,7161.25,7162
1776457740,7162,7162,7161.75,7161.75
1776457800,7161.75,7161.75,7161.5,7161.5
1776457860,7161.5,7161.5,7160.75,7161
1776457920,7161,7161.25,7160.75,7161
1776457980,7161.25,7162,7161.25,7162
1776458040,7162.25,7163,7162.25,7162.75
1776458100,7162.75,7163.25,7162.75,7163
1776458160,7163,7163.25,7162.75,7162.75
1776458220,7162.75,7164,7162.75,7163.75
1776458280,7163.75,7164.5,7163.75,7164.5
1776458340,7164.5,7165,7164,7165
1776458400,7165,7165,7163.5,7163.75
1776458460,7163.75,7163.75,7163.25,7163.5
1776458520,7163.5,7163.75,7163.25,7163.5
1776458580,7163.5,7163.5,7162.75,7163.25
1776458640,7163.25,7163.25,7162.5,7162.5
1776458700,7162.5,7162.75,7162,7162
1776458760,7162,7162.75,7162,7162.5
1776458820,7162.75,7163.25,7162.75,7163
1776458880,7163,7163.25,7162.25,7162.5
1776458940,7162.5,7162.75,7162,7162.25
1776459000,7162.25,7163,7162,7162.25
1776459060,7162.5,7163,7162.25,7163
1776459120,7163,7163.25,7162.5,7162.5
1776459180,7162.5,7164.75,7162,7164.5
1776459240,7164.25,7165.25,7164,7164.75
1776459300,7164.75,7164.75,7163.75,7163.75
1776459360,7163.75,7164.25,7163.5,7163.75
1776459420,7163.75,7164,7163.5,7163.75
1776459480,7163.5,7164.25,7163.5,7164
1776459540,7163.75,7164.5,7163.75,7164.25
1776636000,7102.5,7107,7085,7090.25
1776636060,7090.25,7095.5,7088.75,7095
1776636120,7095.5,7104,7094.25,7102.25
1776636180,7102.5,7110.25,7100.25,7100.75
1776636240,7100.75,7104.5,7096,7097.5
1776636300,7097.75,7100.75,7097.5,7100
1776636360,7100,7105,7100,7104.25
1776636420,7104.25,7108,7103,7107.75
1776636480,7108,7110.25,7106,7108
1776636540,7108.25,7110.75,7107.5,7109.5
1776636600,7109.75,7112,7108.25,7110.25
1776636660,7110,7110.25,7106.5,7107
1776636720,7107,7108.75,7104,7105
1776636780,7105,7107,7104.5,7106.5
1776636840,7106.5,7106.5,7103.25,7103.5
1776636900,7103.5,7103.75,7101.75,7102.75
1776636960,7103,7105,7102.75,7104.25
1776637020,7104,7104.5,7103,7103
1776637080,7103.25,7105.25,7102.5,7105
1776637140,7105,7106,7103.5,7105
1776637200,7104.75,7105.75,7104.5,7105
1776637260,7105,7106.5,7104.25,7106.5
1776637320,7106.5,7108,7106,7107.25
1776637380,7107.25,7108,7106.25,7106.25
1776637440,7106.25,7106.5,7103,7104
1776637500,7104,7105.75,7103.25,7104.25
1776637560,7104,7106.5,7103.5,7106
1776637620,7106,7106.25,7103.25,7104
1776637680,7104,7106,7104,7104.75
1776637740,7104.75,7104.75,7102.25,7102.75
1776637800,7102.5,7103.5,7102,7102.75
1776637860,7103,7105.5,7101.25,7105.5
1776637920,7105.25,7106.5,7105.25,7106.5
1776637980,7106.75,7107.75,7105.75,7107.25
1776638040,7107,7107,7105.75,7107
1776638100,7107,7108,7106.25,7108
1776638160,7108,7109,7107.5,7108.5
1776638220,7108.75,7109.25,7106.75,7107
1776638280,7107.25,7109.25,7107.25,7108
1776638340,7107.75,7109.5,7107.75,7109.5
1776638400,7109.5,7109.5,7108.25,7109
1776638460,7108.75,7109.75,7108.75,7109.75
1776638520,7109.75,7111.5,7109.75,7111.25
1776638580,7111.25,7116,7110.75,7114
1776638640,7114,7115.25,7113,7113.75
1776638700,7113.75,7114.25,7111.75,7112.75
1776638760,7112.75,7114,7112.25,7113
1776638820,7113,7114,7112.25,7113.25
1776638880,7113,7114.5,7113,7113.75
1776638940,7113.75,7115,7113,7114.5
1776639000,7114.5,7116,7114.5,7115
1776639060,7115.25,7115.25,7114.25,7115.25
1776639120,7115.5,7115.75,7114.75,7115.5
1776639180,7115.75,7115.75,7114.5,7114.5
1776639240,7114.25,7114.25,7112.75,7113
1776639300,7112.75,7114,7111.25,7112.25
1776639360,7112,7112,7110.5,7110.5
1776639420,7110.5,7112,7110.5,7112
1776639480,7112,7112.25,7110.75,7111
1776639540,7110.75,7111.25,7110.25,7110.75
1776639600,7110.75,7111.5,7110.25,7111.25
1776639660,7111,7111.25,7109.75,7111.25
1776639720,7111.25,7112.25,7111,7112
1776639780,7112,7112.25,7110.5,7111.5
1776639840,7111.5,7112.25,7111.25,7112.25
1776639900,7112.25,7112.5,7111.5,7112
1776639960,7112.25,7112.25,7110.25,7111.25
1776640020,7111.25,7111.5,7110.25,7110.75
1776640080,7111,7112.75,7110.25,7112.25
1776640140,7112.25,7113.25,7112,7112.75
1776640200,7112.5,7114,7112.5,7113.75
1776640260,7113.5,7113.5,7111.75,7112.25
1776640320,7112.25,7113,7110,7110
1776640380,7110.25,7110.25,7106.75,7107.75
1776640440,7107.75,7108.25,7107.25,7107.5
1776640500,7107.5,7108.75,7107.25,7108.25
1776640560,7108.25,7108.75,7107.5,7107.5
1776640620,7107.75,7108.75,7107.75,7108.75
1776640680,7108.75,7109.25,7108.25,7108.75
1776640740,7108.75,7108.75,7106.5,7107
1776640800,7107,7107.75,7106,7107.75
1776640860,7107.5,7107.75,7106.25,7107.5
1776640920,7107.25,7107.5,7106.5,7107
1776640980,7106.75,7107.75,7106.75,7107.5
1776641040,7107.5,7107.75,7107,7107
1776641100,7107,7107.75,7106.75,7107.75
1776641160,7107.75,7108,7106.75,7107
1776641220,7106.75,7107.25,7106.5,7107.25
1776641280,7107.25,7109,7107.25,7108.25
1776641340,7108.25,7108.5,7107.75,7107.75
1776641400,7108,7108.5,7107,7107.5
1776641460,7107.5,7108,7106.75,7107.25
1776641520,7107.5,7108.25,7105.25,7107
1776641580,7107,7107.75,7107,7107.5
1776641640,7107.25,7107.5,7106.5,7107
1776641700,7107,7107,7106,7106.5
1776641760,7106.5,7107.5,7106.5,7107
1776641820,7106.75,7108,7106.75,7108
1776641880,7107.75,7107.75,7106.75,7107
1776641940,7107,7107,7106.25,7106.5
1776642000,7106.5,7107.5,7106.5,7107.25
1776642060,7107.25,7107.25,7105.25,7105.75
1776642120,7105.75,7106.25,7105,7105.5
1776642180,7105.25,7105.75,7104.5,7105
1776642240,7105,7106.75,7105,7106.5
1776642300,7106.5,7106.5,7102.5,7102.75
1776642360,7103,7104.25,7102.75,7103.75
1776642420,7104,7104,7102.5,7103
1776642480,7103.25,7104.25,7103,7103.75
1776642540,7104,7105.25,7104,7104.75
1776642600,7104.75,7105.75,7104.5,7105.25
1776642660,7105.25,7106.75,7105.25,7106.5
1776642720,7106.25,7107.75,7105.25,7107.25
1776642780,7107,7108.5,7106,7106
1776642840,7105.75,7106.75,7105.5,7106.75
1776642900,7106.75,7107.75,7106,7107.25
1776642960,7107.5,7107.5,7106.75,7107.25
1776643020,7107.25,7107.25,7106.5,7107
1776643080,7107.25,7107.25,7105.75,7106.25
1776643140,7106.25,7107,7106,7106.5
1776643200,7106.75,7107.5,7101.5,7103
1776643260,7103,7104.75,7102.5,7103.75
1776643320,7103.25,7104,7103.25,7103.75
1776643380,7103.75,7105.25,7103.25,7104.75
1776643440,7104.75,7105.5,7104.5,7105
1776643500,7105,7107.75,7104.5,7106.5
1776643560,7106.75,7106.75,7104.25,7105.5
1776643620,7105.25,7105.75,7102.25,7102.75
1776643680,7102.75,7105.25,7102.75,7105
1776643740,7105,7106,7104.75,7105.5
1776643800,7105.5,7107.75,7105.25,7107.25
1776643860,7107,7108,7106.5,7108
1776643920,7107.75,7108.75,7107.25,7108
1776643980,7107.75,7107.75,7104,7105
1776644040,7105.5,7107,7104.75,7104.75
1776644100,7104.5,7110.25,7104.5,7109.75
1776644160,7109.75,7112.5,7108.25,7109
1776644220,7109.25,7110.5,7108.75,7108.75
1776644280,7109,7110.75,7109,7110.75
1776644340,7110.25,7110.75,7109,7110.75
1776644400,7110.75,7111.25,7110,7111.25
1776644460,7111,7111.25,7109.25,7109.5
1776644520,7109,7110.5,7109,7109.75
1776644580,7109.75,7110.5,7109.25,7110.5
1776644640,7110.25,7110.5,7109.25,7109.25
1776644700,7109.5,7110,7107.75,7110
1776644760,7109.5,7110.75,7109.5,7110
1776644820,7109.75,7110.75,7109.5,7110.75
1776644880,7110.75,7112.5,7110.75,7111.75
1776644940,7111.5,7112,7111,7111.75
1776645000,7111.5,7112.75,7111.5,7111.75
1776645060,7111.75,7112,7109.25,7111.25
1776645120,7111,7111.75,7110.5,7111.25
1776645180,7112,7113.25,7111.75,7112.75
1776645240,7112.75,7113,7112.25,7112.5
1776645300,7112.25,7113,7111.75,7112.75
1776645360,7112.5,7112.5,7110.75,7111.75
1776645420,7111.5,7111.75,7109,7109
1776645480,7109,7110.25,7108.75,7109.25
1776645540,7109.25,7109.75,7109,7109.5
1776645600,7109.5,7111.5,7109.5,7111.5
1776645660,7111.5,7111.5,7110.25,7110.75
1776645720,7110.75,7111.5,7110.75,7111.25
1776645780,7111.25,7112,7111,7111.5
1776645840,7111.5,7111.75,7110.75,7111
1776645900,7111.5,7112,7111,7111.75
1776645960,7111.75,7112,7111,7111.75
1776646020,7111.75,7112.5,7111.75,7112
1776646080,7111.75,7112.75,7111.75,7112.75
1776646140,7112.75,7113.75,7112.75,7113
1776646200,7113.25,7113.5,7113,7113
1776646260,7113,7113.75,7112.5,7113.75
1776646320,7113.5,7113.75,7112.75,7113
1776646380,7113,7114,7112.5,7113
1776646440,7113,7113,7112,7112.5
1776646500,7112.25,7112.75,7111.25,7111.25
1776646560,7111.5,7112.25,7111.25,7111.75
1776646620,7111.75,7112.75,7111.75,7112
1776646680,7112,7112.75,7112,7112.75
1776646740,7112.75,7113,7112.25,7112.75
1776646800,7112.75,7114,7112.75,7113.5
1776646860,7113.5,7116.75,7112.25,7116.5
1776646920,7116.25,7117.75,7115.25,7117
1776646980,7117,7117.5,7116,7117.25
1776647040,7117,7117,7116,7117
1776647100,7117,7118,7116.5,7116.75
1776647160,7116.5,7116.5,7115.25,7116.25
1776647220,7116.25,7118,7116,7117.25
1776647280,7117.5,7118.5,7117.25,7118.5
1776647340,7118.25,7119.5,7118.25,7119.25
1776647400,7119,7122,7118.25,7120.75
1776647460,7120.75,7121.25,7120.5,7120.5
1776647520,7120.5,7120.75,7120,7120.5
1776647580,7120.75,7121.5,7120.75,7121.25
1776647640,7121.25,7121.5,7120.75,7121.25
1776647700,7121.25,7121.25,7119.25,7119.25
1776647760,7119.25,7120.25,7118.75,7119.75
1776647820,7119.5,7119.5,7119,7119
1776647880,7119.25,7119.5,7119,7119.25
1776647940,7119.25,7119.5,7118.75,7119
1776648000,7119,7119.25,7118.25,7119
1776648060,7119.25,7120.5,7119,7120.25
1776648120,7120.25,7121.5,7120.25,7121.25
1776648180,7121,7121.75,7120,7120
1776648240,7120,7120.75,7119.5,7120.5
1776648300,7120.75,7121,7120.25,7120.5
1776648360,7120.5,7120.5,7120,7120
1776648420,7120,7120.5,7119.25,7120
1776648480,7119.75,7119.75,7118.75,7119
1776648540,7119,7119.5,7119,7119.5
1776648600,7119.25,7120.5,7119.25,7119.5
1776648660,7119.75,7120.25,7119.75,7120
1776648720,7120,7121.25,7120,7121
1776648780,7121,7121.75,7120.75,7120.75
1776648840,7121,7121.75,7120.75,7121.75
1776648900,7121.5,7122.5,7121.5,7122
1776648960,7122,7122,7120.5,7121.25
1776649020,7121.25,7122,7121,7121.75
1776649080,7121.75,7122.75,7121.75,7122.25
1776649140,7122.25,7125,7122.25,7124.25
1776649200,7124,7124.75,7123.5,7124
1776649260,7123.75,7124,7123.25,7124
1776649320,7124,7125.25,7124,7125
1776649380,7124.75,7125,7124.25,7124.25
1776649440,7124.25,7125.25,7124,7124.25
1776649500,7124.25,7124.5,7123.75,7124
1776649560,7124,7124.25,7123.75,7124
1776649620,7124,7125,7124,7124.75
1776649680,7124.75,7124.75,7124.25,7124.25
1776649740,7124.25,7124.75,7124.25,7124.25
1776649800,7124.25,7124.25,7123.75,7124.25
1776649860,7124.25,7124.25,7123.75,7124
1776649920,7124,7125.5,7124,7125.25
1776649980,7125.25,7126,7124.75,7125.25
1776650040,7125.25,7125.75,7124.5,7125.25
1776650100,7125.25,7126,7125.25,7125.75
1776650160,7125.75,7126.75,7125,7125
1776650220,7125,7125.25,7124,7124.5
1776650280,7124.5,7124.75,7124.25,7124.75
1776650340,7124.75,7125,7124.25,7124.5
1776650400,7124.5,7124.5,7123.75,7123.75
1776650460,7123.75,7123.75,7123.25,7123.75
1776650520,7123.75,7123.75,7122.25,7123.25
1776650580,7123.25,7123.75,7122.5,7122.75
1776650640,7122.5,7123,7122.25,7123
1776650700,7123,7123,7122.75,7122.75
1776650760,7122.75,7122.75,7122,7122.25
1776650820,7122.25,7122.25,7121.25,7121.25
1776650880,7121.5,7122.5,7121.5,7121.75
1776650940,7121.5,7123,7121.25,7122.75
1776651000,7122.5,7122.75,7122,7122.5
1776651060,7122.25,7122.5,7121.5,7121.75
1776651120,7122,7122.25,7121.5,7121.5
1776651180,7121.75,7122,7121.25,7121.5
1776651240,7121.5,7121.75,7120.75,7121.75
1776651300,7121.5,7122.5,7121.25,7122.25
1776651360,7122.5,7123,7121.5,7122.5
1776651420,7122.5,7123,7122.25,7123
1776651480,7123,7123.25,7122.25,7122.75
1776651540,7122.75,7123,7122.5,7122.75
1776651600,7123,7123,7122.5,7123
1776651660,7122.75,7122.75,7121.25,7121.25
1776651720,7121.5,7122,7121,7121.75
1776651780,7121.75,7122.75,7121.75,7122.5
1776651840,7122.5,7123.25,7122.25,7123.25
1776651900,7123.25,7123.5,7123,7123.5
1776651960,7123.5,7123.75,7122,7122.5
1776652020,7122.5,7122.75,7122.25,7122.5
1776652080,7122.5,7122.75,7122.5,7122.75
1776652140,7123,7123,7122.5,7122.5
1776652200,7122.75,7123,7122.5,7123
1776652260,7123,7123,7122,7122
1776652320,7122.25,7122.75,7122,7122.5
1776652380,7122.5,7123,7122.5,7122.75
1776652440,7122.75,7123,7122.5,7122.75
1776652500,7122.75,7122.75,7122.5,7122.5
1776652560,7122.75,7122.75,7122.25,7122.5
1776652620,7122.75,7122.75,7122.5,7122.75
1776652680,7122.5,7123,7122.25,7122.75
1776652740,7122.5,7122.5,7121.5,7121.5
1776652800,7121.75,7121.75,7121.25,7121.75
1776652860,7121.75,7122,7121.5,7121.75
1776652920,7121.75,7122,7121.25,7121.5
1776652980,7121.25,7121.5,7121.25,7121.25
1776653040,7121.5,7121.75,7121.25,7121.75
1776653100,7121.75,7122.25,7121.75,7122.25
1776653160,7122.25,7122.25,7121.25,7121.25
1776653220,7121.25,7121.5,7120.25,7120.25
1776653280,7120.25,7120.5,7119.5,7120
1776653340,7120.25,7120.75,7120,7120.5
1776653400,7120.5,7121,7120.25,7121
1776653460,7121.25,7121.25,7120.25,7120.25
1776653520,7120.5,7120.75,7120.25,7120.75
1776653580,7120.75,7121.25,7120.75,7121.25
1776653640,7121.25,7121.25,7121,7121.25
1776653700,7121.5,7122.25,7121.25,7121.75
1776653760,7121.75,7121.75,7120.25,7121
1776653820,7121,7121.25,7121,7121.25
1776653880,7121.25,7122,7121.25,7121.75
1776653940,7121.75,7122,7121.75,7122
1776654000,7122,7123,7121.75,7123
1776654060,7123,7123,7121.75,7122
1776654120,7122.25,7122.5,7122,7122.5
1776654180,7122.5,7123,7122.5,7122.5
1776654240,7122.25,7122.5,7122,7122.25
1776654300,7122,7122.75,7122,7122.75
1776654360,7122.75,7123,7121.75,7121.75
1776654420,7121.75,7122.5,7121.75,7122.25
1776654480,7122,7122.25,7121.25,7121.5
1776654540,7121.5,7122,7121.5,7121.5
1776654600,7121.75,7122,7121.25,7121.75
1776654660,7121.75,7121.75,7120.25,7121.25
1776654720,7121.25,7121.75,7121.25,7121.75
1776654780,7121.5,7121.5,7121,7121.25
1776654840,7121,7121.25,7120.75,7121
1776654900,7121,7121.25,7121,7121
1776654960,7121.25,7121.25,7120.75,7120.75
1776655020,7121,7121,7120,7120.25
1776655080,7120.25,7120.5,7120,7120
1776655140,7120,7120.75,7119.75,7120.75
1776655200,7121,7122.75,7121,7122.75
1776655260,7122.75,7122.75,7122,7122.25
1776655320,7122,7122.25,7122,7122
1776655380,7122,7122.25,7121.75,7122.25
1776655440,7122.25,7122.25,7122,7122.25
1776655500,7122.5,7123,7122.5,7122.75
1776655560,7122.75,7123,7121.75,7121.75
1776655620,7122,7122,7121.5,7122
1776655680,7122,7122.25,7122,7122
1776655740,7121.75,7122.25,7121.75,7122
1776655800,7122.25,7123.75,7122.25,7123.75
1776655860,7123.5,7123.5,7122.25,7122.5
1776655920,7122.75,7123,7121.75,7122.25
1776655980,7122.5,7122.75,7122.25,7122.75
1776656040,7122.5,7122.75,7122.25,7122.25
1776656100,7122.25,7122.5,7122.25,7122.25
1776656160,7122.25,7122.25,7121,7121.25
1776656220,7121.25,7121.75,7121.25,7121.5
1776656280,7121.5,7121.75,7121.25,7121.75
1776656340,7121.75,7122.25,7121.75,7122
1776656400,7121.75,7121.75,7121.25,7121.5
1776656460,7121.75,7121.75,7121,7121.25
1776656520,7121.5,7121.75,7121,7121.25
1776656580,7121,7121.5,7120.75,7121
1776656640,7121.25,7121.25,7121,7121.25
1776656700,7121,7121,7119.5,7119.75
1776656760,7119.75,7120,7119.5,7119.75
1776656820,7119.75,7120,7119,7119.5
1776656880,7119.5,7120,7119.5,7119.5
1776656940,7119.5,7119.75,7119.5,7119.5
1776657000,7119.5,7120.75,7119.5,7120.75
1776657060,7120.5,7120.75,7120,7120
1776657120,7120.25,7120.25,7120,7120
1776657180,7120,7120.25,7120,7120
1776657240,7120,7120,7119.5,7119.75
1776657300,7119.75,7120,7119.5,7120
1776657360,7120,7120,7119.25,7119.25
1776657420,7119.25,7119.5,7119,7119.25
1776657480,7119,7119.5,7118.75,7119.25
1776657540,7119,7119.25,7119,7119.25
1776657600,7119.25,7119.25,7118.5,7118.75
1776657660,7118.75,7119,7118.25,7118.5
1776657720,7118.5,7118.5,7117.5,7118
1776657780,7118,7118.75,7117.75,7118.75
1776657840,7119,7119.25,7118.75,7118.75
1776657900,7118.75,7118.75,7118.25,7118.75
1776657960,7118.75,7119,7118.25,7118.25
1776658020,7118.25,7119.5,7118.25,7119.5
1776658080,7119.75,7120.5,7119.75,7120
1776658140,7120,7120.25,7120,7120.25
1776658200,7120.25,7120.25,7119.5,7119.75
1776658260,7119.75,7119.75,7119,7119.5
1776658320,7119.5,7120,7119.25,7120
1776658380,7120,7120,7119.75,7119.75
1776658440,7119.5,7119.5,7118.75,7119.5
1776658500,7119.5,7119.5,7119.25,7119.5
1776658560,7119.25,7119.25,7118,7118.5
1776658620,7118.5,7119,7118.5,7119
1776658680,7119,7119.25,7118.75,7118.75
1776658740,7118.75,7118.75,7118.25,7118.25
1776658800,7118.5,7118.75,7118,7118
1776658860,7118.25,7118.25,7117.5,7117.75
1776658920,7117.75,7118.5,7117.5,7118
1776658980,7118,7118.25,7117.75,7117.75
1776659040,7118,7119.25,7118,7119.25
1776659100,7119.25,7119.5,7119.25,7119.25
1776659160,7119.25,7119.25,7118.25,7118.25
1776659220,7118.5,7118.75,7118.25,7118.75
1776659280,7118.5,7118.75,7118.5,7118.75
1776659340,7118.75,7118.75,7118.25,7118.25
1776659400,7118.25,7118.5,7118,7118.5
1776659460,7118.25,7118.25,7117.5,7118
1776659520,7118,7118,7117.5,7118
1776659580,7118,7118.5,7117.75,7117.75
1776659640,7117.75,7118,7117.5,7117.75
1776659700,7118,7118,7117.25,7117.25
1776659760,7117.5,7117.5,7116.5,7116.5
1776659820,7116.75,7117,7116.25,7116.75
1776659880,7116.5,7116.75,7116,7116.75
1776659940,7116.5,7117.75,7116.5,7117.75
1776660000,7118,7119,7118,7118.75
1776660060,7118.5,7119.25,7118.25,7118.5
1776660120,7118.5,7118.75,7118.25,7118.25
1776660180,7118,7118.5,7118,7118.5
1776660240,7118.5,7119.5,7118.5,7119.25
1776660300,7119.25,7120.25,7119.25,7120.25
1776660360,7120.25,7121.25,7120,7121
1776660420,7121,7121.25,7120.75,7120.75
1776660480,7120.75,7121.25,7120.25,7120.5
1776660540,7120.75,7121.75,7120.25,7120.5
1776660600,7120.5,7121,7119.75,7120.25
1776660660,7120,7120,7117.75,7118.75
1776660720,7119,7119.25,7118.75,7119.25
1776660780,7119.5,7119.75,7119,7119.5
1776660840,7119.75,7120,7119.5,7119.5
1776660900,7119.25,7119.5,7119,7119.25
1776660960,7119.25,7119.75,7119.25,7119.75
1776661020,7119.5,7119.5,7119,7119.25
1776661080,7119.25,7120,7119.25,7119.75
1776661140,7120,7120.5,7120,7120.25
1776661200,7120.5,7120.75,7120.25,7120.5
1776661260,7120.5,7120.5,7119.75,7120
1776661320,7120,7120.5,7119.5,7119.75
1776661380,7119.75,7120.75,7119.75,7120.25
1776661440,7120.25,7121,7120.25,7120.75
1776661500,7120.75,7120.75,7119.5,7119.75
1776661560,7119.75,7119.75,7119,7119
1776661620,7119.25,7120.25,7119.25,7120.25
1776661680,7120,7120.5,7120,7120
1776661740,7120,7120,7119.5,7119.5
1776661800,7119.25,7119.75,7118.5,7119.5
1776661860,7119.5,7119.75,7119,7119.5
1776661920,7119.5,7119.75,7119.25,7119.5
1776661980,7119.25,7119.5,7118.5,7118.75
1776662040,7118.75,7119.5,7118.5,7119.5
1776662100,7119.25,7119.5,7118.75,7119.5
1776662160,7119.5,7120,7119.5,7119.5
1776662220,7119.5,7120.5,7119.5,7120.25
1776662280,7120.25,7120.25,7119.5,7119.75
1776662340,7119.75,7119.75,7118.75,7118.75
1776662400,7118.75,7119,7118,7118.25
1776662460,7118.5,7119,7118,7118
1776662520,7118.25,7118.25,7117.5,7117.75
1776662580,7117.75,7118,7117.25,7118
1776662640,7118,7118.75,7117.75,7118
1776662700,7117.75,7118,7117.25,7117.25
1776662760,7117.25,7117.5,7115.25,7115.75
1776662820,7116,7116,7115,7115.5
1776662880,7115.5,7116.5,7115.5,7116.25
1776662940,7116.25,7116.5,7115,7115
1776663000,7115.25,7115.5,7113,7113.25
1776663060,7113.25,7114.5,7112.25,7114.5
1776663120,7114.5,7114.5,7113.75,7114.5
1776663180,7114.25,7115,7114,7114.5
1776663240,7114.5,7115,7113.5,7114.75
1776663300,7115,7115.25,7114.5,7115.25
1776663360,7115.25,7116,7115,7115.5
1776663420,7115.5,7115.5,7114.5,7114.75
1776663480,7114.75,7114.75,7113.25,7113.5
1776663540,7113.5,7114,7113.5,7113.5
1776663600,7113.5,7113.5,7111.5,7113.25
1776663660,7113.25,7113.25,7112.25,7112.25
1776663720,7112.5,7112.5,7111.75,7111.75
1776663780,7112,7112.25,7111.5,7111.5
1776663840,7111.25,7111.5,7109.5,7109.75
1776663900,7109.75,7111.75,7109.75,7111.75
1776663960,7112,7112,7111.25,7111.5
1776664020,7111.5,7112,7111.5,7112
1776664080,7112,7113.5,7112,7112.5
1776664140,7112.5,7112.5,7110.75,7111.25
1776664200,7111.5,7111.75,7110.5,7111.5
1776664260,7111.25,7111.25,7109.75,7111.25
1776664320,7111,7111,7110.25,7110.5
1776664380,7110.5,7112,7110.25,7112
1776664440,7112.25,7114.25,7112.25,7113.5
1776664500,7113.5,7115.25,7113.5,7114.75
1776664560,7114.5,7115,7114,7114.5
1776664620,7114.75,7114.75,7112.75,7113
1776664680,7112.75,7113.75,7112.75,7113.5
1776664740,7113.75,7114.25,7113.75,7113.75
1776664800,7114,7115.5,7114,7114
1776664860,7113.75,7115.25,7113.5,7114.75
1776664920,7114.5,7117.5,7114,7116.75
1776664980,7116.75,7118.75,7116.75,7117.75
1776665040,7117.75,7119.25,7117.5,7118.25
1776665100,7118.25,7118.5,7117,7117.75
1776665160,7117.75,7118,7116.25,7116.5
1776665220,7116.75,7117.25,7116.75,7117.25
1776665280,7117.25,7117.5,7116.25,7116.5
1776665340,7116.5,7117,7116,7117
1776665400,7116.75,7117.25,7116,7116.25
1776665460,7116.75,7117.25,7115.75,7117
1776665520,7117,7117.75,7117,7117.5
1776665580,7117.25,7117.5,7116.75,7117
1776665640,7117.25,7118,7116.75,7117
1776665700,7116.75,7117,7116.5,7117
1776665760,7117.25,7117.5,7116.5,7116.75
1776665820,7116.75,7117.75,7116.75,7117
1776665880,7117,7117,7116,7116.25
1776665940,7116.5,7117.75,7116.25,7117.5
1776666000,7117.5,7117.75,7116.75,7116.75
1776666060,7116.75,7117.25,7116.25,7116.75
1776666120,7116.75,7117,7116.25,7116.75
1776666180,7116.75,7117.25,7116.5,7116.5
1776666240,7116.75,7117.5,7116.5,7117.25
1776666300,7117,7117.75,7116.75,7117.75
1776666360,7118,7118.25,7116.75,7117
1776666420,7116.5,7117.25,7116.5,7117
1776666480,7117.25,7117.5,7117,7117
1776666540,7117,7117.75,7116.25,7117.75
1776666600,7117.75,7121,7117.75,7119.75
1776666660,7120,7120.5,7118.5,7119.25
1776666720,7119.5,7121,7119,7121
1776666780,7120.5,7120.5,7119,7119.75
1776666840,7119.5,7119.75,7119,7119.5
1776666900,7119.5,7120,7119,7119.25
1776666960,7119.75,7119.75,7118.5,7119.5
1776667020,7119.25,7119.5,7117.25,7117.75
1776667080,7117.75,7118.25,7117.5,7118
1776667140,7118,7118.25,7117.25,7118.25
1776667200,7118.25,7118.5,7118,7118.25
1776667260,7118.75,7119,7117.75,7118
1776667320,7118,7118.75,7117.75,7118
1776667380,7118,7118.25,7117,7117.25
1776667440,7117,7118.25,7117,7118
1776667500,7117.75,7118.25,7117.5,7118
1776667560,7118,7118,7116.75,7117.25
1776667620,7117,7117.25,7116.25,7117
1776667680,7116.75,7119,7116.75,7119
1776667740,7118.75,7119,7117.5,7118
1776667800,7117.75,7117.75,7116.5,7116.75
1776667860,7117,7117,7116.25,7116.5
1776667920,7116.5,7117,7116.5,7117
1776667980,7117.25,7118,7116.75,7117.5
1776668040,7117.5,7118.25,7117,7117.5
1776668100,7117.5,7118.25,7117.5,7118.25
1776668160,7117.75,7125.5,7116,7125.25
1776668220,7124.75,7128.5,7122,7125.5
1776668280,7125.5,7125.5,7122,7122.5
1776668340,7123,7124.5,7122.5,7124.25
1776668400,7124.5,7129.25,7123.25,7125.75
1776668460,7125.75,7126.5,7123.5,7126
1776668520,7126.25,7127.75,7125.75,7127.75
1776668580,7127.25,7130,7126.5,7126.5
1776668640,7126.25,7128,7125.75,7127.5
1776668700,7127.5,7129,7127.5,7128
1776668760,7128,7128.5,7125.5,7126.5
1776668820,7126.25,7127.25,7125,7125.5
1776668880,7125.25,7128.5,7125,7127.75
1776668940,7127.75,7128.75,7127.5,7127.75
1776669000,7127.5,7128.5,7127.25,7128
1776669060,7127.75,7128.5,7125.75,7127.25
1776669120,7127.25,7127.75,7127,7127.25
1776669180,7127.25,7128.25,7127,7127
1776669240,7127.5,7128.25,7126.75,7128
1776669300,7128,7128,7124.75,7125.25
1776669360,7125.5,7126,7124.25,7126
1776669420,7125.75,7128.25,7125.5,7127.5
1776669480,7127.75,7128,7126.75,7127.25
1776669540,7127.25,7127.5,7126,7126.5
1776669600,7126.25,7128,7125,7128
1776669660,7128,7131,7127,7130.25
1776669720,7130.25,7131.25,7130,7130.25
1776669780,7130,7130.25,7128.25,7129.75
1776669840,7129.75,7129.75,7127.25,7127.75
1776669900,7127.75,7128.25,7127.25,7127.25
1776669960,7127.25,7127.25,7124.5,7124.5
1776670020,7124.5,7125.25,7123.5,7124.75
1776670080,7124.5,7124.75,7123.25,7123.25
1776670140,7123.25,7124,7122.75,7124
1776670200,7124,7125.25,7114.5,7121.5
1776670260,7122,7122,7117.25,7119
1776670320,7119,7122,7118.5,7122
1776670380,7121.75,7122,7118,7119.75
1776670440,7120,7121,7119,7120.75
1776670500,7121,7121.75,7119.75,7119.75
1776670560,7120,7120,7116.25,7118.25
1776670620,7118,7118.75,7117.25,7118.5
1776670680,7118.75,7119.75,7117.75,7118.75
1776670740,7119,7120,7119,7119.75
1776670800,7119.75,7121.75,7119.5,7120.75
1776670860,7121,7121,7117.75,7119.25
1776670920,7119.5,7119.75,7117.75,7118.25
1776670980,7118.25,7119.25,7118.25,7119.25
1776671040,7119,7119.25,7118.5,7118.5
1776671100,7118.5,7118.5,7115,7115.25
1776671160,7115.75,7116.75,7115,7116.5
1776671220,7116.5,7117.5,7116.25,7117
1776671280,7117,7119,7116.25,7119
1776671340,7119,7119,7116.75,7117.25
1776671400,7117.25,7117.5,7115.75,7117.5
1776671460,7117.25,7117.75,7116.5,7117.5
1776671520,7117.5,7118.75,7117.5,7118
1776671580,7118,7118,7117,7117.5
1776671640,7117.25,7117.25,7115.75,7115.75
1776671700,7116,7117,7114.75,7115
1776671760,7115,7115.5,7114.5,7115.25
1776671820,7115.5,7116.5,7115.25,7116.5
1776671880,7116.25,7117.5,7116,7117.25
1776671940,7117.25,7119,7117.25,7119
1776672000,7118.75,7120,7118.5,7119.5
1776672060,7119.5,7119.5,7117.75,7118.75
1776672120,7118.75,7119,7116,7116.5
1776672180,7116.75,7117.75,7116.25,7116.5
1776672240,7116.5,7116.75,7114.5,7115.25
1776672300,7115.25,7116,7114.75,7115.5
1776672360,7115.5,7115.5,7112,7112
1776672420,7112,7113,7110.25,7110.75
1776672480,7110.75,7112.5,7110.5,7111.5
1776672540,7111.25,7111.75,7111,7111.25
1776672600,7111.5,7114.5,7111.25,7114.25
1776672660,7114.5,7114.75,7113.25,7114
1776672720,7114,7116.75,7114,7116.25
1776672780,7116.25,7118.25,7116,7118
1776672840,7118,7119.25,7116.5,7116.75
1776672900,7116.75,7117.5,7116,7116.25
1776672960,7116.25,7117.25,7115,7116.25
1776673020,7116.25,7117,7115.5,7116.25
1776673080,7115.75,7116,7115,7115.5
1776673140,7115.25,7117.5,7115,7116.75
1776673200,7116.75,7116.75,7116,7116.75
1776673260,7116.75,7120.5,7115.75,7116.75
1776673320,7116.75,7117.75,7116,7116.5
1776673380,7116.75,7118.5,7116,7116.75
1776673440,7116.25,7118.75,7116,7118.5
1776673500,7118.5,7119.75,7118.5,7118.75
1776673560,7118.75,7119.25,7118,7119.25
1776673620,7119,7121,7118.75,7120
1776673680,7120.25,7121.5,7120.25,7120.5
1776673740,7120.75,7122.75,7120.75,7121.75
1776673800,7121.75,7121.75,7120,7120
1776673860,7120,7120,7118.75,7119.75
1776673920,7119.75,7122.25,7119,7121.5
1776673980,7121.25,7122.25,7121.25,7121.75
1776674040,7121.5,7122.5,7121.25,7122
1776674100,7122.25,7122.5,7121,7121.5
1776674160,7121.5,7121.75,7121,7121.5
1776674220,7121.5,7122.5,7121.25,7122
1776674280,7122,7122.25,7121.25,7122
1776674340,7121.75,7123,7121.75,7122.75
1776674400,7123,7123.5,7122.25,7122.5
1776674460,7122.75,7123.25,7122,7122
1776674520,7122.25,7122.75,7122.25,7122.5
1776674580,7122.25,7122.5,7121.5,7121.75
1776674640,7121.75,7122.75,7121.5,7122.75
1776674700,7122.75,7124.5,7122,7124
1776674760,7123.75,7123.75,7123.25,7123.5
1776674820,7123.5,7124.75,7123.25,7124
1776674880,7124,7124.25,7122.5,7122.5
1776674940,7122.75,7124.25,7122.75,7124.25
1776675000,7124,7126.25,7124,7125.75
1776675060,7125.5,7125.5,7124.25,7124.5
1776675120,7124,7124.25,7124,7124.25
1776675180,7124.25,7125.25,7124,7125.25
1776675240,7125.5,7127,7125.5,7126.25
1776675300,7126.25,7127,7126,7126.5
1776675360,7126.5,7127,7125.25,7126.5
1776675420,7126.75,7130,7126.25,7128.75
1776675480,7128.75,7131.25,7128.5,7129
1776675540,7129,7129.75,7128.75,7129.5
1776675600,7129.5,7130.25,7128.25,7130.25
1776675660,7130.5,7131,7130,7130.25
1776675720,7129.75,7130.5,7128.5,7129
1776675780,7128.75,7129.75,7128.25,7129.75
1776675840,7129.75,7130.5,7128.75,7130.5
1776675900,7130.5,7132,7129.75,7131
1776675960,7131.25,7134,7131.25,7131.75
1776676020,7131.75,7132,7130.75,7131.75
1776676080,7131.75,7131.75,7130.5,7130.5
1776676140,7130.25,7130.25,7129,7130
1776676200,7130.25,7130.25,7127.75,7128
1776676260,7128,7128,7127,7127.25
1776676320,7127.25,7127.5,7127,7127.5
1776676380,7127.5,7128.5,7127.25,7128.25
1776676440,7128.25,7128.5,7127.75,7128
1776676500,7128.25,7128.25,7127.5,7127.5
1776676560,7127.25,7127.75,7126.25,7127
1776676620,7127.25,7127.5,7126.75,7126.75
1776676680,7126.5,7126.5,7125.5,7126.5
1776676740,7126.5,7128,7126.5,7127
1776676800,7127,7127.25,7126.5,7127.25
1776676860,7127.25,7128.75,7127.25,7128.5
1776676920,7128.5,7128.5,7126.75,7127.75
1776676980,7127.5,7129.25,7127.25,7129
1776677040,7128.75,7128.75,7128,7128.5
1776677100,7128.5,7129,7128,7128
1776677160,7128,7128,7126.75,7127.75
1776677220,7127.5,7127.75,7126.75,7127.25
1776677280,7127.25,7128,7127,7128
1776677340,7127.75,7128.5,7127.75,7128.25
1776677400,7128,7130.5,7128,7130.25
1776677460,7130.25,7131,7129,7129.75
1776677520,7130,7130,7129.5,7130
1776677580,7130,7130,7128.5,7128.5
1776677640,7128.5,7128.5,7127.25,7127.75
1776677700,7127.75,7128.75,7127.75,7128
1776677760,7128,7128.25,7127,7128.25
1776677820,7128,7128.25,7127.75,7128.25
1776677880,7128.25,7129.25,7128,7129
1776677940,7129,7129.25,7128.25,7128.5
1776678000,7128.5,7130.75,7128.5,7130.75
1776678060,7130.5,7130.75,7129.5,7129.75
1776678120,7129.75,7130.75,7129.75,7130.75
1776678180,7130.75,7130.75,7130.25,7130.75
1776678240,7130.5,7130.75,7129.75,7130.75
1776678300,7130.75,7130.75,7130,7130.25
1776678360,7130.5,7130.5,7130,7130.25
1776678420,7130.25,7130.75,7130.25,7130.5
1776678480,7130.5,7131,7130,7130
1776678540,7129.75,7130.25,7129.25,7130.25
1776678600,7130,7130,7129.25,7129.5
1776678660,7129.5,7130,7129.25,7129.25
1776678720,7129.25,7129.25,7128.5,7128.75
1776678780,7128.5,7130.25,7128.5,7129.75
1776678840,7129.75,7130,7129,7129
1776678900,7129.25,7129.75,7129,7129.5
1776678960,7129.5,7129.75,7127.75,7129.25
1776679020,7129.25,7129.25,7128.25,7128.75
1776679080,7128.75,7129,7128.5,7128.5
1776679140,7128.5,7128.75,7128,7128
1776679200,7128.25,7128.75,7127.75,7128.25
1776679260,7128,7128.75,7127.5,7128.75
1776679320,7128.5,7130,7128.25,7130
1776679380,7129.75,7130.25,7129.25,7130.25
1776679440,7130.25,7131,7130.25,7130.25
1776679500,7130.25,7131.5,7130,7131.5
1776679560,7131.25,7132,7130.5,7131.75
1776679620,7131.75,7132.75,7131.75,7132
1776679680,7132,7133.5,7131.75,7133.25
1776679740,7133.25,7134.75,7133.25,7134.25
1776679800,7134,7135.25,7134,7134.25
1776679860,7134.5,7136.25,7133.75,7134
1776679920,7134.25,7134.5,7133,7133.25
1776679980,7133,7133.25,7132,7132.5
1776680040,7132.25,7132.75,7132.25,7132.5
1776680100,7132.25,7132.5,7132,7132.5
1776680160,7132.5,7133,7132,7132.75
1776680220,7132.75,7134.75,7132.75,7134.25
1776680280,7134,7135.5,7133,7134.75
1776680340,7134.75,7135.25,7133.5,7134.5
1776680400,7134.25,7134.5,7133.5,7133.75
1776680460,7133.75,7134,7133,7134
1776680520,7133.75,7134.5,7133,7134.25
1776680580,7134.25,7134.25,7131.75,7131.75
1776680640,7131.75,7131.75,7130.25,7130.25
1776680700,7130.25,7130.25,7129.25,7129.25
1776680760,7129.5,7130,7129,7129.5
1776680820,7129.25,7130.75,7129.25,7130.5
1776680880,7130.5,7131.25,7130.5,7130.75
1776680940,7130.75,7130.75,7130,7130.5
1776681000,7130.5,7131.25,7130,7130
1776681060,7129.75,7130,7128.25,7128.75
1776681120,7128.75,7128.75,7128,7128
1776681180,7128,7128.25,7127.5,7128
1776681240,7128,7128,7127.5,7127.75
1776681300,7127.75,7128.25,7127.75,7127.75
1776681360,7127.75,7128.25,7127.75,7128.25
1776681420,7128,7128,7127.5,7127.5
1776681480,7127.75,7129.25,7127.75,7129.25
1776681540,7129.25,7129.25,7128.25,7128.5
1776681600,7128.5,7128.75,7128,7128
1776681660,7127.75,7128,7126.25,7126.5
1776681720,7126.5,7127.25,7126.25,7126.25
1776681780,7126.25,7126.75,7125.75,7126.75
1776681840,7126.75,7127.25,7126.5,7127
1776681900,7127,7128,7127,7127.5
1776681960,7127.75,7127.75,7127,7127.25
1776682020,7127.25,7127.5,7127,7127
1776682080,7127,7127.5,7126.75,7127.25
1776682140,7127,7127,7126.5,7127
1776682200,7126.75,7127.5,7126.5,7127.25
1776682260,7127,7127.25,7126.25,7126.25
1776682320,7126,7129,7126,7127
1776682380,7126.75,7127.25,7126.5,7127.25
1776682440,7127,7127.25,7127,7127.25
1776682500,7127,7127.75,7126.75,7127.25
1776682560,7127.5,7127.5,7126.5,7127
1776682620,7127,7127.5,7125.75,7126
1776682680,7126,7126.75,7125.75,7126.5
1776682740,7126.5,7127.75,7125.25,7126.5
1776682800,7126.25,7127,7125.5,7125.5
1776682860,7125.5,7125.5,7123,7123.25
1776682920,7123.5,7124.25,7123.25,7123.25
1776682980,7123.25,7123.5,7121.5,7121.5
1776683040,7121.75,7123,7121,7122.75
1776683100,7122.75,7123.75,7122.5,7123
1776683160,7123,7123.5,7122.5,7123.5
1776683220,7123.5,7124.5,7123.25,7124.25
1776683280,7124,7125.5,7124,7125.25
1776683340,7125.5,7125.75,7125.25,7125.75
1776683400,7125.5,7126.25,7124.5,7124.75
1776683460,7124.75,7124.75,7123,7123.75
1776683520,7123.75,7123.75,7122.25,7122.75
1776683580,7122.75,7123.5,7122.5,7123.5
1776683640,7123.5,7126,7123.25,7126
1776683700,7126.25,7127,7125.5,7125.75
1776683760,7125.5,7126.25,7124.75,7125
1776683820,7124.75,7125.5,7124.5,7124.5
1776683880,7124.5,7125.5,7124.5,7124.5
1776683940,7124.75,7125,7124.25,7124.75
1776684000,7124.5,7124.75,7123.25,7123.25
1776684060,7123.25,7123.5,7122.75,7123.25
1776684120,7123.25,7123.75,7122.5,7123.25
1776684180,7123.25,7124,7123,7123.75
1776684240,7123.75,7123.75,7122.75,7123.25
1776684300,7123,7123.75,7123,7123.25
1776684360,7123,7124.75,7122.5,7124.25
1776684420,7124,7124.25,7123.75,7124
1776684480,7124,7124.5,7123.75,7124
1776684540,7124,7124,7121.5,7121.75
1776684600,7122.25,7122.5,7121.25,7121.75
1776684660,7121.5,7122.5,7121.25,7122.25
1776684720,7122.25,7126.75,7121.5,7123
1776684780,7123,7127.75,7122.25,7125
1776684840,7125.5,7126.75,7124.25,7124.5
1776684900,7124.25,7126.25,7124,7125
1776684960,7124.25,7124.5,7121.75,7123.25
1776685020,7123.5,7124.25,7123.25,7124.25
1776685080,7124.25,7124.25,7123,7123.5
1776685140,7123.25,7127.5,7122.5,7126
1776685200,7126,7126.75,7125,7125.25
1776685260,7125.25,7125.75,7124.75,7125.25
1776685320,7125,7125.5,7124.25,7125.5
1776685380,7125.5,7126.75,7125.5,7126.25
1776685440,7126.25,7127.5,7126.25,7127
1776685500,7127.25,7129.25,7127,7128.25
1776685560,7128.5,7130.25,7128.5,7129.75
1776685620,7130,7130.5,7129.25,7129.25
1776685680,7129.25,7130,7129.25,7129.75
1776685740,7129.75,7129.75,7128.5,7128.75
1776685800,7128.75,7129.75,7127.5,7128
1776685860,7128.25,7128.25,7126.75,7127.5
1776685920,7127.5,7127.5,7126.75,7127.25
1776685980,7127.25,7129,7127.25,7128.5
1776686040,7128.5,7128.75,7127.5,7127.75
1776686100,7127.5,7128.5,7127.25,7127.75
1776686160,7128,7129.5,7127.5,7128.5
1776686220,7128.25,7128.75,7128,7128
1776686280,7128,7128.5,7128,7128.25
1776686340,7128.25,7129.75,7128,7129
1776686400,7129.25,7130,7129,7129.75
1776686460,7129.75,7129.75,7128.25,7128.75
1776686520,7128.5,7129.5,7128.25,7129
1776686580,7128.75,7129,7126.75,7129
1776686640,7129,7134,7128.75,7130
1776686700,7130,7132.75,7129.25,7131.75
1776686760,7131.75,7132,7130.75,7130.75
1776686820,7130.75,7132,7130.25,7131.5
1776686880,7131.25,7131.5,7129.75,7130.25
1776686940,7130.25,7130.5,7129,7129.25
1776687000,7129.25,7130,7129,7129.25
1776687060,7129.5,7129.75,7128.25,7129
1776687120,7129,7130.75,7128.25,7130.25
1776687180,7130.25,7130.5,7129.5,7130.5
1776687240,7130.25,7130.25,7129.25,7129.25
1776687300,7129.5,7129.75,7128,7129
1776687360,7128.75,7131.5,7128.5,7131.25
1776687420,7131.25,7131.75,7131,7131.75
1776687480,7132,7133,7131.5,7132.25
1776687540,7132.25,7133,7131.5,7132.25
1776687600,7132.25,7132.75,7131.75,7131.75
1776687660,7131.75,7134.25,7130.75,7132
1776687720,7132.25,7132.75,7131.75,7131.75
1776687780,7131.5,7131.5,7129.25,7129.75
1776687840,7129.75,7130.75,7129,7130.5
1776687900,7130.25,7130.75,7129.75,7130
1776687960,7130,7130.25,7129.25,7129.5
1776688020,7129.5,7130.25,7129,7130.25
1776688080,7130.25,7131,7130,7130.5
1776688140,7130.5,7131,7130,7130.25
1776688200,7130.25,7133.25,7130.25,7132.75
1776688260,7132.75,7133.5,7130.75,7131.75
1776688320,7131.5,7133.25,7131.5,7132.25
1776688380,7132.25,7134,7132,7133.5
1776688440,7133.5,7134,7133,7133.75
1776688500,7133.75,7134.5,7133,7134.25
1776688560,7134,7134.75,7133.25,7133.5
1776688620,7133.5,7133.5,7130.75,7131.25
1776688680,7131,7131.75,7130,7131.25
1776688740,7131,7132,7131,7131.75
1776688800,7131.75,7133,7131.75,7132.75
1776688860,7133,7133.75,7132.75,7133.25
1776688920,7133.25,7133.75,7132.5,7132.5
1776688980,7132.5,7135.5,7132.25,7134.75
1776689040,7135,7135.25,7134.25,7134.5
1776689100,7134.75,7136,7134.25,7135
1776689160,7135,7136.25,7134.75,7136.25
1776689220,7136.25,7137.75,7136,7137
1776689280,7137.25,7138.75,7137.25,7138.25
1776689340,7138.5,7139,7138.25,7138.75
1776689400,7138.75,7140.75,7138,7140.75
1776689460,7140.75,7141,7138.25,7138.75
1776689520,7138.75,7139,7136.75,7136.75
1776689580,7136.75,7137.75,7136.75,7137
1776689640,7137.25,7138.5,7136.5,7138
1776689700,7137.75,7137.75,7136,7136.25
1776689760,7136.25,7137,7136,7136.5
1776689820,7136.75,7137,7136.5,7136.5
1776689880,7136.75,7137.5,7135.75,7136.5
1776689940,7136.5,7137.75,7136.25,7136.5
1776690000,7136.5,7137.5,7135.75,7137.25
1776690060,7137,7137.5,7136.5,7136.75
1776690120,7136.75,7138,7136.5,7137.75
1776690180,7137.75,7138,7137,7137.5
1776690240,7137.25,7137.5,7137,7137.5
1776690300,7137.25,7138.75,7137.25,7138.25
1776690360,7138.5,7139.25,7137.25,7137.5
1776690420,7137.5,7137.75,7136.75,7136.75
1776690480,7137,7147.5,7134.75,7143.25
1776690540,7143,7144.5,7139,7140.5
1776690600,7140.75,7141.75,7140.25,7141
1776690660,7140.75,7141.75,7139.5,7141
1776690720,7141.25,7143,7140.75,7141.25
1776690780,7141.25,7142,7140.25,7141.5
1776690840,7141.25,7142.25,7140,7141
1776690900,7141,7142.5,7141,7142
1776690960,7142,7142.25,7140.5,7141.5
1776691020,7141.25,7141.5,7140,7140
1776691080,7139.75,7141.25,7139.5,7140.75
1776691140,7141,7142.25,7140.25,7140.5
1776691200,7140.5,7140.75,7139.75,7140.25
1776691260,7140.5,7141.25,7139.5,7141
1776691320,7141.25,7144.25,7140.75,7143.5
1776691380,7143.5,7144.5,7142,7143.75
1776691440,7143.5,7144.25,7141.75,7143
1776691500,7143,7143,7141.5,7142
1776691560,7142.25,7143,7141.75,7142.75
1776691620,7142.75,7146.25,7142.75,7144.75
1776691680,7144.75,7146.75,7144.75,7146
1776691740,7146.25,7148.25,7145.75,7148.25
1776691800,7148.25,7153.5,7148,7150.5
1776691860,7150.5,7150.5,7143.75,7149
1776691920,7149,7150.5,7147.75,7149.5
1776691980,7149.5,7150.75,7147.75,7150.5
1776692040,7150.25,7152.25,7148.25,7151.25
1776692100,7151.25,7152.5,7150.25,7151.5
1776692160,7151.5,7154,7149.75,7152.5
1776692220,7152.5,7154.5,7151.5,7152.25
1776692280,7152,7153.5,7147,7147.25
1776692340,7147.25,7148.25,7144,7146.25
1776692400,7146.5,7146.5,7142.25,7145.25
1776692460,7145.25,7149.25,7144.5,7145.75
1776692520,7145.75,7148,7144.5,7147.5
1776692580,7147.5,7150.25,7146,7148.75
1776692640,7148.75,7149.5,7147.75,7148.5
1776692700,7148.5,7150.5,7146.5,7150.5
1776692760,7150.25,7150.25,7147.25,7147.75
1776692820,7147.75,7150.5,7147,7149.5
1776692880,7149.5,7152.75,7147.75,7148
1776692940,7148,7148,7144.5,7146.5
1776693000,7146.5,7147.75,7145.5,7146.5
1776693060,7146.75,7149.5,7146.25,7148.75
1776693120,7148.75,7152,7147,7150.75
1776693180,7150.5,7151.75,7149,7150.25
1776693240,7150.25,7154.25,7150.25,7153.5
1776693300,7153.5,7156.75,7153.25,7156
1776693360,7156,7159.5,7155.25,7159.25
1776693420,7159.25,7159.25,7157.25,7158.5
1776693480,7158.5,7159.25,7156.75,7157.25
1776693540,7157,7157.5,7154.5,7156.75
1776693600,7157,7157.5,7155.75,7156.5
1776693660,7156.5,7157.5,7153.75,7155.25
1776693720,7155.25,7155.5,7151.75,7155
1776693780,7155,7155.25,7150.5,7153.75
1776693840,7153.75,7154.75,7151,7152.75
1776693900,7153,7155.5,7152.5,7155
1776693960,7155,7156.5,7154.5,7156.25
1776694020,7156,7156.75,7153.75,7153.75
1776694080,7153.75,7154,7150.25,7151.25
1776694140,7151,7154.5,7150.25,7154.25
1776694200,7154,7156.25,7154,7154.5
1776694260,7154.25,7154.25,7148.5,7149
1776694320,7149,7151.5,7146.75,7151.25
1776694380,7151.25,7154.5,7151.25,7152.5
1776694440,7152.5,7153.75,7151.25,7153
1776694500,7152.75,7153,7149.75,7150.25
1776694560,7150.25,7152.75,7149.75,7150.25
1776694620,7150.25,7151.75,7149,7149.75
1776694680,7149.75,7151.5,7149,7149.75
1776694740,7149.75,7153.75,7148,7151
1776694800,7151,7153.5,7149.75,7151
1776694860,7150.75,7154.25,7150.75,7153.25
1776694920,7153.25,7155,7151.75,7154
1776694980,7153.75,7156,7153.75,7155
1776695040,7155,7155.5,7153.75,7155.5
1776695100,7155.25,7155.5,7153.5,7154.25
1776695160,7154.25,7156.75,7154.25,7156.25
1776695220,7156.25,7156.75,7152.25,7152.25
1776695280,7152.25,7153,7149.25,7149.75
1776695340,7149.75,7150.75,7148.5,7149.75
1776695400,7149.75,7150.5,7148.5,7149.5
1776695460,7149.25,7149.5,7145.75,7149
1776695520,7149,7150,7145.75,7147
1776695580,7147,7148.75,7145.25,7145.75
1776695640,7145.75,7147.5,7143.5,7146.75
1776695700,7146.5,7147.5,7142.75,7144.25
1776695760,7144.25,7145.5,7143,7143.75
1776695820,7144,7148,7143.5,7146.5
1776695880,7146.25,7147.75,7145.5,7146.75
1776695940,7146.75,7147.25,7144.5,7145.25
1776696000,7145.25,7145.5,7142.5,7143
1776696060,7143,7143.5,7140.25,7142
1776696120,7142,7143,7140.25,7141.25
1776696180,7141.25,7142,7139.5,7140.5
1776696240,7140.5,7143.25,7139.5,7141.5
1776696300,7141.5,7141.5,7140.25,7140.75
1776696360,7140.5,7142.25,7139.5,7142
1776696420,7142.25,7144.5,7141.5,7143
1776696480,7143,7145,7142,7144.25
1776696540,7144,7148,7143.75,7147
1776696600,7147.25,7148.25,7143.75,7144
1776696660,7143.75,7143.75,7124.75,7136.75
1776696720,7136.5,7141,7134.25,7136.75
1776696780,7136.75,7140.75,7136,7137.75
1776696840,7137.75,7138.75,7134.25,7138
1776696900,7137.75,7137.75,7132,7133.25
1776696960,7133.25,7133.75,7129.5,7131.5
1776697020,7131.5,7135.25,7131.5,7133.25
1776697080,7133.25,7133.5,7130.25,7131
1776697140,7130.75,7132.25,7129.25,7131.75
1776697200,7131.75,7136.25,7131.75,7132.25
1776697260,7132,7132.5,7130,7130.5
1776697320,7130.25,7132.25,7129.5,7131.25
1776697380,7131.25,7132.5,7127.25,7128.25
1776697440,7128,7128.5,7125,7127.25
1776697500,7127,7130,7125.5,7125.5
1776697560,7125.5,7126.25,7123.25,7124.25
1776697620,7124.25,7124.5,7121.5,7122.75
1776697680,7122.5,7126.75,7122.5,7126.5
1776697740,7126.5,7127,7124.75,7125.5
1776697800,7125.25,7129.75,7125,7128.75
1776697860,7128.5,7131.25,7127.5,7129.75
1776697920,7129.75,7130.25,7125.5,7125.75
1776697980,7125.75,7126.75,7123,7125.25
1776698040,7125,7128,7124.5,7127.75
1776698100,7127.5,7128,7124.75,7125.5
1776698160,7125.5,7127,7124,7125
1776698220,7124.75,7126.75,7124.75,7126.5
1776698280,7126.25,7130,7126.25,7129.75
1776698340,7129.5,7131.75,7128.25,7129.5
1776698400,7129.5,7130,7128.5,7128.75
1776698460,7128.5,7136.75,7127.75,7132.25
1776698520,7132.25,7138.5,7132.25,7135.75
1776698580,7135.5,7138.25,7134.5,7136.25
1776698640,7136.25,7141.25,7136,7136.5
1776698700,7136.25,7138.5,7135.5,7138
1776698760,7138,7142.25,7138,7139.75
1776698820,7139.75,7140.5,7138.5,7139.5
1776698880,7139.5,7139.5,7137.25,7138
1776698940,7138,7145.25,7136.5,7143
1776699000,7143.25,7143.25,7139.25,7139.5
1776699060,7139.75,7140.5,7138,7138
1776699120,7138,7140,7137.25,7137.75
1776699180,7137.5,7139.25,7137.25,7139
1776699240,7138.75,7139.25,7134,7135.75
1776699300,7135.75,7137.25,7135,7137
1776699360,7137,7137.25,7132.75,7133.75
1776699420,7133.75,7135.25,7132.75,7135
1776699480,7135,7136.5,7134.75,7135.75
1776699540,7135.75,7137,7135.5,7136.25
1776699600,7136.25,7139.5,7136.25,7139.25
1776699660,7139.25,7140.75,7139,7139.75
1776699720,7139.75,7139.75,7137,7137
1776699780,7137.25,7138,7136.25,7136.75
1776699840,7136.5,7136.75,7134.5,7135.5
1776699900,7135.75,7135.75,7133.25,7135
1776699960,7135,7136.5,7134.75,7135.75
1776700020,7135.75,7138.25,7135.5,7137.25
1776700080,7137.5,7139,7136.75,7137.5
1776700140,7137.5,7138,7135.25,7135.25
1776700200,7135,7135.5,7132.5,7132.75
1776700260,7132.75,7133.5,7131.25,7133.5
1776700320,7133.5,7134.5,7132.75,7132.75
1776700380,7133,7135.25,7132,7134
1776700440,7133.75,7135.75,7133.75,7135.25
1776700500,7135.25,7137.5,7135,7137.25
1776700560,7137,7137.75,7136.5,7137.25
1776700620,7137,7137.75,7135.75,7136
1776700680,7136,7136.75,7135.25,7136
1776700740,7135.75,7137.25,7135.75,7136
1776700800,7136.25,7137.25,7134.5,7135.25
1776700860,7135,7135.5,7133,7134.25
1776700920,7134,7134.25,7132.25,7133
1776700980,7133,7133.75,7131.25,7131.5
1776701040,7131.25,7132,7130.75,7131.5
1776701100,7131.5,7135.5,7130.75,7135.25
1776701160,7135,7136.5,7135,7135.25
1776701220,7135.25,7135.25,7133.25,7134
1776701280,7134,7136,7134,7134.75
1776701340,7134.75,7135.75,7133.75,7134.75
1776701400,7134.75,7137,7134.75,7135.75
1776701460,7135.75,7137.25,7135.5,7137
1776701520,7137,7137.75,7136,7136.75
1776701580,7136.75,7137.75,7135.75,7136
1776701640,7135.75,7136.5,7135.5,7136
1776701700,7136,7136.25,7134,7134.25
1776701760,7134.25,7134.5,7130.75,7131.25
1776701820,7131.25,7132.5,7130.25,7132.25
1776701880,7132.25,7133.75,7132,7133.25
1776701940,7133,7136.25,7133,7135.25
1776702000,7135.25,7137.75,7135.25,7137
1776702060,7137,7137.75,7135.75,7135.75
1776702120,7135.75,7136.25,7134.5,7134.5
1776702180,7134.5,7138,7134.25,7137.25
1776702240,7137.25,7137.75,7135.75,7136
1776702300,7136.25,7137.75,7135.75,7135.75
1776702360,7136,7136.5,7135.25,7135.75
1776702420,7135.75,7137.5,7135.75,7137.25
1776702480,7137.5,7138.25,7137,7137.5
1776702540,7137.75,7138,7136.5,7136.5
1776702600,7136.75,7138.75,7136.75,7137.75
1776702660,7138,7139,7137.25,7138.25
1776702720,7138.25,7138.5,7137.25,7138
1776702780,7138,7140.25,7138,7139.75
1776702840,7140,7141.25,7139.25,7139.25
1776702900,7139.5,7140,7137.5,7137.5
1776702960,7137.5,7138,7136.25,7137
1776703020,7137,7137,7134.5,7134.5
1776703080,7134.5,7136.5,7134,7135.75
1776703140,7136,7136.5,7135.5,7135.75
1776703200,7135.75,7136,7134,7136
1776703260,7136.25,7139.25,7136.25,7138.5
1776703320,7138.5,7140.75,7137.75,7138.75
1776703380,7139,7139.25,7138,7138
1776703440,7138,7138.75,7137,7137
1776703500,7137.25,7138.25,7136.75,7137.5
1776703560,7137.5,7138.75,7137.25,7137.75
1776703620,7137.75,7139,7137.5,7138.5
1776703680,7138.75,7139.25,7138.25,7138.25
1776703740,7138.5,7138.5,7136.75,7137.5
1776703800,7137.5,7138.5,7135.5,7136.25
1776703860,7136.5,7136.75,7135.75,7136.5
1776703920,7136.5,7138,7136.25,7137.75
1776703980,7138,7138.25,7136.5,7137.5
1776704040,7137.5,7138.25,7137.25,7138
1776704100,7137.75,7138,7135.5,7136
1776704160,7135.75,7136.5,7135.5,7136.25
1776704220,7136.25,7136.5,7135.25,7135.5
1776704280,7135.5,7137,7135,7136.25
1776704340,7136,7137.25,7135.75,7136.75
1776704400,7136.75,7137.75,7136.25,7137.25
1776704460,7137.25,7137.25,7134.75,7135
1776704520,7135,7139,7132.75,7137.25
1776704580,7137.25,7137.5,7134.75,7135.5
1776704640,7135.25,7137,7134.5,7134.5
1776704700,7134.5,7135.75,7134,7135.25
1776704760,7135,7138,7134.75,7136.5
1776704820,7136.75,7138.25,7136.25,7137
1776704880,7137,7138.5,7137,7138.25
1776704940,7138.25,7139,7137.75,7138.25
1776705000,7138.5,7139.25,7137.25,7137.75
1776705060,7137.75,7138.75,7137.5,7138.25
1776705120,7138,7139.25,7137.75,7139.25
1776705180,7139.25,7140,7139,7140
1776705240,7140,7141.75,7139.75,7140.75
1776705300,7140.75,7141.25,7139.75,7140.5
1776705360,7140.25,7141.5,7140,7141.25
1776705420,7141,7142.75,7140.5,7142.5
1776705480,7142.5,7143.5,7141.75,7143
1776705540,7143,7144,7142.5,7143.25
1776705600,7143.25,7143.25,7140.75,7141
1776705660,7140.75,7141.5,7140.5,7141.25
1776705720,7141,7143,7141,7143
1776705780,7143,7144,7142.25,7143.75
1776705840,7143.75,7144.25,7142.5,7142.75
1776705900,7142.75,7143.25,7142,7143
1776705960,7143,7143.25,7142.25,7142.5
1776706020,7142.25,7143,7141,7142.25
1776706080,7142,7142,7140,7141.75
1776706140,7141.5,7141.5,7139.75,7140.25
1776706200,7140,7140.5,7138,7138.75
1776706260,7138.75,7139,7138,7138.5
1776706320,7138.5,7138.75,7136.5,7137.25
1776706380,7137,7138.5,7136.25,7136.75
1776706440,7136.75,7138,7136.25,7136.75
1776706500,7136.75,7139.75,7136.25,7137.5
1776706560,7137.25,7139,7136.25,7138.75
1776706620,7138.75,7139.75,7137.5,7137.75
1776706680,7137.75,7138.75,7137.25,7138.5
1776706740,7138.5,7139.75,7137.75,7139.25
1776706800,7139,7143,7138.25,7140
1776706860,7140,7140.5,7137.25,7137.75
1776706920,7137.5,7138.25,7136.5,7137.25
1776706980,7137,7139,7136.75,7138.75
1776707040,7138.75,7140,7138.75,7140
1776707100,7140,7140.5,7139.25,7140
1776707160,7140,7140.25,7138.75,7139.75
1776707220,7139.75,7140,7138.75,7139.25
1776707280,7139.25,7140.5,7138.5,7140.25
1776707340,7140.25,7141,7139.75,7140
1776707400,7140.25,7140.5,7138.5,7139.75
1776707460,7139.5,7140.5,7138.75,7140
1776707520,7139.75,7139.75,7138.5,7139.25
1776707580,7139.5,7140,7139,7139.5
1776707640,7139.5,7141,7139.25,7140.5
1776707700,7140.5,7140.75,7138.5,7138.75
1776707760,7138.75,7139.75,7137.5,7138.5
1776707820,7138.5,7138.5,7137.5,7137.75
1776707880,7137.75,7138.5,7137.5,7138
1776707940,7138,7138,7137,7137.75
1776708000,7137.75,7138.25,7136.5,7136.5
1776708060,7136.5,7137,7135.5,7136.25
1776708120,7136,7137,7135,7136.75
1776708180,7136.75,7137.75,7136.75,7137.25
1776708240,7137.25,7137.75,7136.25,7137.5
1776708300,7137.25,7140.75,7137.25,7140.25
1776708360,7140.25,7141.75,7140,7141
1776708420,7141.25,7141.75,7140.5,7140.5
1776708480,7140.5,7143,7139.75,7140.75
1776708540,7140.75,7142.25,7140.5,7142.25
1776708600,7142,7142.5,7141,7141.25
1776708660,7141.25,7142.25,7135.75,7138.75
1776708720,7139,7141.5,7138.25,7140.75
1776708780,7140.75,7142,7140.25,7141.75
1776708840,7142,7142.5,7141.25,7142.25
1776708900,7142.25,7142.75,7141.5,7141.75
1776708960,7141.5,7142.5,7141,7142.25
1776709020,7142,7143.25,7141.75,7143
1776709080,7143,7143.75,7142.5,7143.5
1776709140,7143.25,7145,7143.25,7144.25
1776709200,7144.5,7146.25,7144.5,7145.5
1776709260,7145.75,7146,7143.25,7144
1776709320,7143.75,7145.5,7143.75,7145
1776709380,7144.75,7146.5,7144.75,7146
1776709440,7145.5,7146.5,7145.5,7146.5
1776709500,7146.25,7146.5,7144.5,7145.25
1776709560,7145,7145.25,7143.25,7145.25
1776709620,7145.25,7145.75,7144.75,7145.5
1776709680,7145.5,7146,7140.5,7144.5
1776709740,7144.25,7145,7143,7143.5
1776709800,7143.75,7144.25,7140.75,7141.75
1776709860,7141.75,7142.75,7141,7141.5
1776709920,7141.25,7141.5,7140,7141.5
1776709980,7141.25,7143,7141.25,7142.25
1776710040,7142.25,7143.75,7142.25,7143.5
1776710100,7143.25,7144,7142.75,7143
1776710160,7143.25,7143.75,7139.75,7141.5
1776710220,7141.5,7142.25,7140.75,7141.5
1776710280,7141.25,7141.5,7139.75,7140
1776710340,7140.25,7140.75,7139.5,7139.75
1776710400,7139.5,7142,7139,7141
1776710460,7141,7141.75,7140.5,7141.5
1776710520,7141.5,7142.5,7141.25,7141.5
1776710580,7141.75,7143.25,7141.5,7142.5
1776710640,7142.5,7142.5,7141.5,7141.5
1776710700,7141.75,7142,7140.75,7141.75
1776710760,7141.5,7143,7141.5,7142.5
1776710820,7142.5,7143.25,7142.25,7143
1776710880,7142.75,7143.75,7142.25,7143.25
1776710940,7143.5,7144.25,7143.5,7143.75
1776711000,7143.75,7145.5,7143.75,7144.75
1776711060,7145,7145.5,7144.75,7145.25
1776711120,7145.25,7145.5,7144.5,7145
1776711180,7145,7146,7145,7145.75
1776711240,7146,7146.75,7145,7146.25
1776711300,7146.5,7146.5,7144.75,7145.25
1776711360,7145.25,7146.25,7145,7145.25
1776711420,7145.25,7145.25,7143.75,7144
1776711480,7144,7144,7143,7143.75
1776711540,7143.75,7143.75,7142.25,7143
1776711600,7143.25,7145,7143,7144.5
1776711660,7144.75,7144.75,7143.75,7144
1776711720,7144,7144.25,7143.5,7143.5
1776711780,7143.75,7144,7142.25,7142.5
1776711840,7142.75,7143.25,7142.5,7143.25
1776711900,7143.25,7144.25,7142.5,7144
1776711960,7144.25,7146,7144,7145.5
1776712020,7145.75,7145.75,7144.5,7144.75
1776712080,7145,7145.25,7143.75,7144.5
1776712140,7144.75,7145,7144.5,7144.75
1776712200,7144.75,7145,7143.75,7144.25
1776712260,7144.5,7144.75,7143.75,7144.25
1776712320,7144.25,7145,7144,7144.25
1776712380,7144.5,7145.5,7144.25,7144.75
1776712440,7144.75,7145.5,7144.5,7145
1776712500,7145,7145.5,7144.25,7144.25
1776712560,7144.25,7144.5,7143.25,7143.5
1776712620,7143.5,7144.25,7143.25,7143.75
1776712680,7144,7144,7143.25,7144
1776712740,7144,7144,7143.5,7143.75
1776712800,7143.75,7144.25,7142.25,7142.5
1776712860,7142.5,7143.25,7142.25,7143
1776712920,7143,7143.5,7142.5,7143
1776712980,7143,7143,7141.5,7142
1776713040,7142,7142.5,7141.75,7142
1776713100,7142,7142.25,7140.5,7140.5
1776713160,7140.75,7141.25,7140,7140.5
1776713220,7140.25,7141.25,7140,7140.75
1776713280,7140.75,7142,7140.5,7140.75
1776713340,7140.75,7141.5,7140.5,7140.75
1776713400,7140.5,7141,7140,7140.5
1776713460,7140.5,7142,7140.25,7141.5
1776713520,7141.75,7142.25,7141,7141
1776713580,7141,7141.25,7139,7139
1776713640,7139.25,7139.75,7138.25,7138.75
1776713700,7138.75,7140,7137.5,7139.25
1776713760,7139.5,7141,7139.25,7140
1776713820,7140,7140.5,7139.5,7139.75
1776713880,7139.75,7140.75,7139,7139
1776713940,7139.25,7140.25,7139,7140
1776714000,7139.75,7140.75,7139,7139
1776714060,7139,7139.5,7138.5,7139
1776714120,7139.25,7139.5,7138.5,7138.75
1776714180,7139,7139.5,7138,7138.25
1776714240,7138.25,7138.5,7136.75,7137.5
1776714300,7137.5,7138.5,7137.25,7137.25
1776714360,7137.25,7138.25,7136.5,7137.75
1776714420,7137.5,7139,7137.5,7138.75
1776714480,7138.75,7139.25,7138,7138.75
1776714540,7139,7140,7138.25,7139.75
1776714600,7139.75,7141.5,7138.75,7138.75
1776714660,7139,7141,7137.75,7138.75
1776714720,7139,7139.25,7138,7138.75
1776714780,7139,7141.25,7138.5,7140.75
1776714840,7140.75,7142.5,7140,7141
1776714900,7141,7142.5,7139.25,7141.75
1776714960,7141.5,7143.5,7141.5,7143
1776715020,7143.25,7144.25,7142.75,7143.5
1776715080,7143.5,7146.25,7143.5,7145.5
1776715140,7145.5,7149.25,7145.25,7148.25
1776715200,7148.25,7149.25,7147,7147
1776715260,7147.25,7148.5,7147,7147
1776715320,7147.25,7148,7147,7148
1776715380,7148,7149.5,7148,7149
1776715440,7149,7149.25,7148,7148
1776715500,7148.25,7148.25,7147,7147.75
1776715560,7147.75,7148,7147.25,7147.75
1776715620,7147.5,7147.75,7147,7147.75
1776715680,7147.75,7148.25,7147.5,7147.75
1776715740,7147.5,7147.5,7147,7147.25
1776715800,7147,7147.5,7147,7147.25
1776715860,7147.25,7147.75,7147.25,7147.75
1776715920,7147.5,7147.5,7147,7147
1776715980,7147.25,7147.25,7147,7147
1776716040,7147,7147.25,7146.5,7146.5
1776716100,7146.5,7147,7145.25,7145.75
1776716160,7145.75,7146.75,7145.75,7146
1776716220,7146,7146.25,7145.75,7146
1776716280,7146,7146.5,7146,7146.5
1776716340,7146.25,7146.75,7146.25,7146.25
1776716400,7146,7146.25,7145.75,7145.75
1776716460,7146,7147,7145.75,7146.75
1776716520,7147,7147.5,7146.75,7147.25
1776716580,7147.5,7148.25,7147.5,7147.75
1776716640,7147.75,7148,7147.5,7147.75
1776716700,7147.75,7148,7147.5,7147.5
1776716760,7147.75,7148,7147.25,7147.25
1776716820,7147.25,7147.75,7147.25,7147.5
1776716880,7147.5,7148.25,7147,7147.5
1776716940,7147.5,7147.75,7147.5,7147.5
1776717000,7147.5,7147.5,7145,7145.75
1776717060,7145.75,7148.25,7145.75,7148.25
1776717120,7148.25,7149,7146.25,7147.75
1776717180,7147.5,7151,7147.5,7149.75
1776717240,7149.75,7155.5,7149.75,7155.5
1776717300,7155.25,7159.25,7155.25,7158.25
1776717360,7158.25,7159,7158,7158.5
1776717420,7158.5,7160,7158,7158.25
1776717480,7158.5,7160,7158,7159
1776717540,7159,7160.5,7158.25,7158.75
1776717600,7158.75,7159.25,7158,7158.75
1776717660,7158.75,7159.5,7158.25,7159.25
1776717720,7159,7160,7158.75,7158.75
1776717780,7158.75,7158.75,7158.5,7158.5
1776717840,7158.75,7158.75,7157,7157.75
1776717900,7157.5,7157.5,7154.5,7154.75
1776717960,7154.75,7155,7153.5,7154
1776718020,7154,7154,7152.75,7153.25
1776718080,7153.25,7153.25,7151.5,7152
1776718140,7152,7153,7151.5,7152.75
1776718200,7153,7154.25,7152.75,7153.25
1776718260,7153.5,7154.5,7153.25,7153.75
1776718320,7153.5,7154,7152.5,7152.75
1776718380,7152.75,7154.25,7152.75,7154.25
1776718440,7154,7154.25,7153,7153.5
1776718500,7153.5,7154.25,7152.75,7153.75
1776718560,7153.5,7153.75,7151.25,7152.75
1776718620,7152.75,7153.75,7152.25,7152.25
1776718680,7152.5,7152.75,7152,7152.25
1776718740,7152,7152.5,7151.5,7152
1776722400,7150.75,7154.5,7150,7154.25
1776722460,7154.5,7156.5,7153.75,7156.25
1776722520,7156.5,7157.5,7156,7157.5
1776722580,7157.75,7158.75,7156,7156.5
1776722640,7156.5,7157,7155.5,7157
1776722700,7157.25,7160.5,7156.75,7159.5
1776722760,7159.25,7160.75,7159.25,7160.75
1776722820,7160.75,7160.75,7159.25,7159.25
1776722880,7159.25,7159.5,7158.5,7159.25
1776722940,7159.5,7159.5,7158.25,7158.25
1776723000,7158.25,7159.5,7158,7159
1776723060,7158.75,7159,7158.25,7158.25
1776723120,7158.25,7158.5,7157.25,7157.5
1776723180,7157.25,7157.75,7156.75,7157.25
1776723240,7157.25,7157.75,7157,7157.25
1776723300,7157,7158,7157,7157.5
1776723360,7157.25,7157.75,7157.25,7157.25
1776723420,7157.5,7157.5,7157,7157
1776723480,7156.75,7157.25,7156.25,7157.25
1776723540,7157,7157.25,7156.75,7156.75
1776723600,7157,7157.25,7156.5,7157.25
1776723660,7157,7158,7157,7158
1776723720,7158,7158.25,7157.5,7157.5
1776723780,7157.75,7158,7157.25,7157.25
1776723840,7157.25,7157.75,7157,7157.5
1776723900,7157.5,7157.75,7157,7157.25
1776723960,7157.25,7157.75,7157.25,7157.5
1776724020,7157.25,7157.25,7155.75,7156.25
1776724080,7156.25,7157.25,7156.25,7157
1776724140,7156.75,7156.75,7156.25,7156.5
1776724200,7156.5,7156.5,7155.25,7155.75
1776724260,7155.75,7156,7155.5,7155.75
1776724320,7155.5,7155.75,7155,7155.75
1776724380,7155.5,7156,7155.25,7155.75
1776724440,7155.5,7157,7155.5,7157
1776724500,7157.25,7157.5,7156.5,7156.5
1776724560,7156.25,7156.75,7156.25,7156.75
1776724620,7156.25,7156.25,7156,7156
1776724680,7156.25,7156.75,7156.25,7156.5
1776724740,7156.25,7156.25,7155.75,7156
1776724800,7156.25,7157.5,7156.25,7157.25
1776724860,7157.25,7157.25,7156.75,7157
1776724920,7157,7157.25,7157,7157.25
1776724980,7157.25,7157.75,7157,7157
1776725040,7156.75,7157.25,7156.5,7157
1776725100,7157,7157,7156.75,7157
1776725160,7157.25,7157.25,7156.75,7157.25
1776725220,7157.25,7158,7156.75,7157.25
1776725280,7157.5,7157.5,7157,7157.25
1776725340,7157,7157.25,7157,7157.25
1776725400,7157.25,7158.75,7157.25,7158.25
1776725460,7158,7158.25,7158,7158.25
1776725520,7158.5,7158.5,7157.75,7158.5
1776725580,7158.75,7158.75,7158.25,7158.5
1776725640,7158.5,7158.75,7158.25,7158.5
1776725700,7158.5,7158.5,7157.5,7157.5
1776725760,7157.5,7157.75,7157.25,7157.75
1776725820,7157.75,7158.25,7157.5,7158.25
1776725880,7158,7158.25,7157.75,7157.75
1776725940,7158,7158.75,7158,7158.25
1776726000,7158.25,7158.5,7157.75,7157.75
1776726060,7158,7158,7157.75,7158
1776726120,7158,7158,7157.5,7157.75
1776726180,7157.5,7157.75,7157.5,7157.75
1776726240,7158,7158,7157.75,7157.75
1776726300,7157.5,7157.75,7157.5,7157.75
1776726360,7157.5,7157.75,7157.5,7157.75
1776726420,7157.5,7157.75,7156.75,7157.5
1776726480,7157.25,7158,7157.25,7157.75
1776726540,7157.25,7157.25,7157,7157.25
1776726600,7157.5,7158,7157.25,7157.75
1776726660,7157.75,7158.25,7157.75,7158
1776726720,7157.75,7157.75,7157.25,7157.5
1776726780,7157.5,7157.75,7157.5,7157.75
1776726840,7157.75,7158,7157.5,7158
1776726900,7157.75,7158.25,7157.25,7158.25
1776726960,7158.25,7158.25,7157.5,7157.5
1776727020,7157.5,7157.5,7156.75,7156.75
1776727080,7156.75,7157,7156.5,7156.5
1776727140,7156.5,7157.5,7156.5,7157
1776727200,7157.25,7157.5,7157.25,7157.5
1776727260,7157.5,7157.5,7156.75,7157
1776727320,7157,7157,7156.75,7156.75
1776727380,7156.5,7156.75,7155.5,7156.25
1776727440,7156.25,7156.25,7156.25,7156.25
1776727500,7156.5,7156.5,7156.25,7156.25
1776727560,7156.25,7156.5,7156,7156.25
1776727620,7156.25,7156.25,7156,7156
1776727680,7156,7156,7155.5,7155.5
1776727740,7155.5,7155.75,7155.5,7155.75
1776727800,7155.5,7155.75,7155.25,7155.75
1776727860,7155.5,7155.5,7155,7155.25
1776727920,7155.25,7156,7155.25,7155.75
1776727980,7156,7156.5,7155.75,7156
1776728040,7156,7156,7155.5,7155.5
1776728100,7155.5,7155.75,7155,7155.75
1776728160,7155.5,7156,7155.5,7156
1776728220,7156,7156.5,7155.75,7156.25
1776728280,7156,7156.25,7156,7156
1776728340,7156,7156,7155.75,7155.75
1776728400,7156,7156,7155.75,7155.75
1776728460,7155.75,7156.25,7155.5,7155.75
1776728520,7155.75,7155.75,7155.25,7155.25
1776728580,7155.5,7155.5,7155.25,7155.5
1776728640,7155.25,7155.75,7155.25,7155.75
1776728700,7155.75,7155.75,7155.25,7155.25
1776728760,7155.5,7155.75,7155.25,7155.25
1776728820,7155.25,7155.25,7154.75,7155
1776728880,7155.25,7155.25,7155,7155
1776728940,7154.75,7155.5,7154.75,7154.75
1776729000,7154.75,7154.75,7154.25,7154.5
1776729060,7154.75,7155,7154.75,7154.75
1776729120,7154.75,7155.25,7154.75,7155.25
1776729180,7155,7155.75,7155,7155.25
1776729240,7155,7155,7154.75,7155
1776729300,7155,7155,7154.5,7154.5
1776729360,7154.25,7154.5,7154.25,7154.5
1776729420,7154.75,7155.25,7154.75,7154.75
1776729480,7154.75,7155.25,7154.5,7154.5
1776729540,7154.75,7155,7154.5,7155
1776729600,7155,7156.75,7154.75,7155.5
1776729660,7155.25,7156,7155.25,7155.5
1776729720,7155.75,7156.75,7155.5,7156.25
1776729780,7156,7156,7155.25,7155.5
1776729840,7155.25,7155.5,7154.5,7155.5
1776729900,7155.5,7157,7155.5,7156.75
1776729960,7157,7157.5,7155.5,7155.5
1776730020,7155.25,7156.5,7155,7156.25
1776730080,7156,7156,7153.75,7154.75
1776730140,7155,7155.5,7154.75,7155.5
1776730200,7155.5,7158,7155.5,7157.5
1776730260,7157.25,7157.25,7156.5,7156.75
1776730320,7156.75,7157,7156,7156.75
1776730380,7156.75,7157.25,7156.5,7157.25
1776730440,7157,7157,7156,7156
1776730500,7155.75,7156.25,7155.5,7156
1776730560,7156,7156.75,7155.75,7156.5
1776730620,7156.5,7156.5,7154.5,7155.5
1776730680,7155.25,7155.25,7154.75,7155
1776730740,7155,7155.25,7154.5,7154.5
1776730800,7154.5,7154.75,7154.25,7154.25
1776730860,7154.5,7155,7154.5,7155
1776730920,7155,7156,7155,7155.25
1776730980,7155.25,7155.75,7155,7155.75
1776731040,7155.75,7155.75,7155,7155
1776731100,7155.25,7155.5,7153,7153.5
1776731160,7153.5,7153.5,7152.25,7153
1776731220,7153,7154.25,7153,7153
1776731280,7153,7153.5,7152.75,7153.25
1776731340,7153.25,7153.25,7152.25,7152.25
1776731400,7152.5,7153,7152,7152.5
1776731460,7152.5,7153,7151.5,7151.5
1776731520,7151.25,7151.5,7150.5,7151.25
1776731580,7151.25,7151.75,7150.75,7151.5
1776731640,7151.5,7152,7151.5,7151.5
1776731700,7151.5,7152.25,7151.5,7152
1776731760,7151.75,7151.75,7150.75,7150.75
1776731820,7151,7151.5,7151,7151
1776731880,7151,7151.25,7150,7150.75
1776731940,7150.5,7151,7150.25,7150.5
1776732000,7151,7151.75,7151,7151.75
1776732060,7152,7153.25,7152,7152.75
1776732120,7152.75,7153.75,7152.25,7153.5
1776732180,7153.5,7153.75,7153.25,7153.75
1776732240,7153.5,7153.75,7152.75,7152.75
1776732300,7153,7153.75,7153,7153.75
1776732360,7153.75,7155,7152.75,7153.5
1776732420,7153.5,7160.5,7153.25,7157.25
1776732480,7157.25,7159,7156.75,7158.25
1776732540,7158,7158.25,7156.5,7157.25
1776732600,7157,7157.5,7156.5,7157
1776732660,7156.75,7157.75,7156.25,7157.5
1776732720,7157.25,7157.25,7156.5,7156.75
1776732780,7156.5,7157,7156.25,7156.75
1776732840,7157,7157.5,7157,7157
1776732900,7157,7159.25,7157,7158.25
1776732960,7158,7158.5,7157.75,7158.25
1776733020,7158.25,7159.25,7158,7158.5
1776733080,7158.5,7159,7158,7158.5
1776733140,7158.5,7159,7158.25,7158.25
1776733200,7158.5,7158.5,7157.5,7157.5
1776733260,7157.5,7158.25,7157.25,7158.25
1776733320,7158.25,7158.25,7156.75,7157
1776733380,7157.25,7157.5,7156.75,7157.5
1776733440,7157.25,7157.25,7157,7157.25
1776733500,7157.25,7158.5,7157.25,7157.75
1776733560,7157.5,7157.75,7157,7157.5
1776733620,7157.5,7157.5,7157.25,7157.5
1776733680,7157.25,7158.25,7157.25,7157.75
1776733740,7157.75,7158,7157.25,7157.5
1776733800,7157.25,7157.25,7156.5,7156.75
1776733860,7156.5,7157,7155.75,7156.5
1776733920,7156.5,7156.5,7155.75,7156
1776733980,7156,7157.25,7156,7157.25
1776734040,7157.25,7157.5,7156.25,7156.5
1776734100,7156.25,7156.25,7155.5,7156.25
1776734160,7156.25,7156.25,7156,7156
1776734220,7156,7158.5,7156,7158
1776734280,7157.75,7158.25,7157.75,7158.25
1776734340,7158,7158.5,7158,7158.5
1776734400,7158.25,7158.5,7157.5,7157.75
1776734460,7158,7158.75,7158,7158.5
1776734520,7158.25,7158.5,7158.25,7158.25
1776734580,7158.25,7158.5,7158.25,7158.25
1776734640,7158,7158,7157.5,7158
1776734700,7158,7158.25,7158,7158
1776734760,7158,7158.5,7158,7158.5
1776734820,7158.5,7158.5,7158.25,7158.25
1776734880,7158.25,7159,7158,7158.75
1776734940,7159,7160,7159,7159.75
1776735000,7159.75,7161.75,7159.25,7161.75
1776735060,7161.5,7162.25,7161,7161
1776735120,7161,7161.5,7160.75,7161
1776735180,7161.25,7161.5,7160.25,7161.25
1776735240,7161,7161.75,7161,7161.75
1776735300,7161.5,7162,7161,7162
1776735360,7161.75,7162.25,7161.25,7161.75
1776735420,7161.75,7162.25,7161.75,7162
1776735480,7162,7162.5,7161.75,7162.25
1776735540,7162.25,7162.25,7161.75,7161.75
1776735600,7161.75,7161.75,7160.5,7161.25
1776735660,7161.25,7161.25,7161,7161.25
1776735720,7161.5,7161.5,7161,7161
1776735780,7161,7161,7160.25,7160.5
1776735840,7160.5,7162.25,7160.5,7162.25
1776735900,7162,7162.25,7161.75,7162
1776735960,7161.75,7161.75,7161,7161.5
1776736020,7161.5,7161.75,7161.25,7161.5
1776736080,7161.5,7161.75,7161.25,7161.5
1776736140,7161.25,7161.25,7161,7161
1776736200,7161,7162,7161,7161.5
1776736260,7161.5,7161.75,7161.5,7161.5
1776736320,7161.5,7161.5,7160,7160.25
1776736380,7160.5,7161,7160.25,7160.75
1776736440,7160.5,7160.5,7160,7160
1776736500,7160,7160,7158.5,7158.5
1776736560,7158.5,7158.75,7157.5,7158
1776736620,7157.75,7159,7157.5,7157.5
1776736680,7157.5,7158,7157.25,7158
1776736740,7158,7158.75,7158,7158.75
1776736800,7158.75,7159.25,7158.5,7159
1776736860,7158.75,7158.75,7158.25,7158.5
1776736920,7158.5,7159.5,7158.5,7159.5
1776736980,7159.5,7159.5,7159,7159
1776737040,7159,7159.25,7158.75,7159
1776737100,7159,7159.5,7159,7159.25
1776737160,7159.5,7159.75,7159.25,7159.5
1776737220,7159.5,7160,7159.25,7159.5
1776737280,7159.5,7159.5,7158.5,7159
1776737340,7159.25,7159.75,7159,7159.75
1776737400,7159.5,7160.5,7159.5,7159.75
1776737460,7159.75,7160.25,7159.5,7160
1776737520,7160,7160,7159,7159
1776737580,7159.25,7159.5,7159.25,7159.5
1776737640,7159.5,7160.25,7159.5,7160
1776737700,7160,7160,7159.75,7159.75
1776737760,7159.5,7160,7159.5,7160
1776737820,7160.25,7160.25,7159.75,7160
1776737880,7159.75,7160.25,7159.75,7160
1776737940,7160.25,7160.75,7160,7160.25
1776738000,7160.25,7160.5,7160,7160.25
1776738060,7160,7160,7159.75,7159.75
1776738120,7160,7160,7159,7159.5
1776738180,7159.5,7160,7159.5,7159.75
1776738240,7159.75,7159.75,7159.5,7159.75
1776738300,7159.5,7159.75,7159.25,7159.75
1776738360,7159.5,7159.75,7159.25,7159.5
1776738420,7159.75,7160.25,7159.75,7159.75
1776738480,7160,7160.5,7160,7160.5
1776738540,7160.25,7160.5,7160,7160
1776738600,7160.25,7160.25,7159.75,7159.75
1776738660,7160,7160.5,7160,7160.5
1776738720,7160.5,7160.5,7160,7160
1776738780,7160,7160,7159.25,7159.25
1776738840,7159,7159.25,7158.5,7158.75
1776738900,7158.75,7159,7158.5,7158.5
1776738960,7158.5,7159,7157.75,7158.75
1776739020,7158.75,7159.25,7158.5,7159.25
1776739080,7159,7159.25,7158.25,7158.25
1776739140,7158.5,7159.75,7158.5,7159.75
1776739200,7159.75,7160,7159.75,7160
1776739260,7160,7160.5,7159.75,7160
1776739320,7160.25,7160.5,7160,7160.25
1776739380,7160.25,7160.5,7160,7160.5
1776739440,7160.25,7160.5,7160,7160
1776739500,7160.25,7160.25,7160,7160
1776739560,7160.25,7160.25,7159.75,7160
1776739620,7160,7160.25,7160,7160.25
1776739680,7160,7160,7159.75,7160
1776739740,7159.75,7159.75,7159,7159
1776739800,7159.25,7159.25,7158.75,7158.75
1776739860,7158.75,7159.25,7158.75,7159
1776739920,7159,7159,7158.75,7159
1776739980,7158.75,7159.25,7158.75,7159.25
1776740040,7159.25,7159.75,7159.25,7159.75
1776740100,7159.5,7159.5,7159.25,7159.25
1776740160,7159.25,7159.25,7159,7159
1776740220,7158.75,7159,7158.5,7158.5
1776740280,7158.5,7158.75,7157.75,7157.75
1776740340,7158,7158,7157.5,7158
1776740400,7158,7158.75,7158,7158.25
1776740460,7158.25,7158.25,7157.75,7157.75
1776740520,7157.75,7157.75,7157.5,7157.5
1776740580,7157.75,7158,7157.75,7158
1776740640,7158,7158.25,7158,7158.25
1776740700,7158.5,7158.75,7158,7158
1776740760,7158.25,7158.5,7158.25,7158.25
1776740820,7158.25,7158.5,7158.25,7158.25
1776740880,7158.25,7158.25,7158,7158.25
1776740940,7158.25,7158.5,7158.25,7158.25
1776741000,7158.25,7158.5,7158.25,7158.25
1776741060,7158.25,7158.25,7157.5,7157.5
1776741120,7157.5,7157.5,7157,7157
1776741180,7157,7157.25,7156.25,7156.75
1776741240,7156.5,7156.75,7156.25,7156.75
1776741300,7156.5,7157,7156.5,7156.75
1776741360,7156.75,7156.75,7156.25,7156.5
1776741420,7156.5,7156.75,7156.5,7156.75
1776741480,7156.5,7156.5,7155.75,7156.25
1776741540,7155.75,7155.75,7154.75,7155.25
1776741600,7155.25,7155.5,7155,7155.5
1776741660,7155.5,7155.5,7155.25,7155.25
1776741720,7155.25,7155.25,7153.5,7154
1776741780,7153.75,7154.25,7153.5,7154.25
1776741840,7154.25,7154.75,7153.75,7154.5
1776741900,7154.75,7154.75,7154,7154
1776741960,7153.75,7154.75,7153.5,7154.5
1776742020,7154.5,7155,7154.25,7154.75
1776742080,7154.5,7155,7154.5,7154.75
1776742140,7154.75,7155.5,7154.75,7155.5
1776742200,7155.5,7156,7155.25,7155.5
1776742260,7155.5,7155.5,7155.25,7155.5
1776742320,7155.5,7155.75,7155.25,7155.75
1776742380,7155.5,7155.75,7155.5,7155.5
1776742440,7155.5,7155.5,7155.25,7155.5
1776742500,7155.25,7155.75,7155.25,7155.5
1776742560,7155.5,7155.75,7155.25,7155.5
1776742620,7155.5,7156,7155.5,7156
1776742680,7156,7156,7155.5,7155.5
1776742740,7155.25,7155.75,7155,7155.75
1776742800,7155.25,7155.5,7155,7155
1776742860,7155.25,7155.25,7154.75,7154.75
1776742920,7154.75,7154.75,7154,7154.25
1776742980,7154.25,7155.25,7154.25,7155
1776743040,7155,7155.25,7155,7155.25
1776743100,7155.25,7155.5,7155,7155.5
1776743160,7155.5,7155.75,7155.5,7155.75
1776743220,7155.75,7156,7155.75,7155.75
1776743280,7155.75,7156,7155.75,7156
1776743340,7156,7156.5,7155.75,7156.25
1776743400,7156.25,7156.25,7156,7156.25
1776743460,7156,7157,7156,7156.75
1776743520,7157,7157,7156.75,7156.75
1776743580,7156.75,7157,7156.75,7157
1776743640,7157,7157,7156.5,7156.75
1776743700,7156.5,7156.75,7156,7156.5
1776743760,7156.25,7156.75,7156.25,7156.5
1776743820,7156.5,7157,7156.5,7156.75
1776743880,7156.75,7156.75,7156.5,7156.75
1776743940,7156.5,7157,7156.5,7156.75
1776744000,7156.75,7157.5,7156.75,7157.5
1776744060,7157.5,7157.75,7157.5,7157.75
1776744120,7157.75,7158,7157.5,7157.75
1776744180,7158,7158.25,7157.75,7158.25
1776744240,7158.25,7158.5,7158,7158.5
1776744300,7158.25,7158.5,7158.25,7158.5
1776744360,7158.25,7158.5,7158.25,7158.5
1776744420,7158.75,7158.75,7158.5,7158.5
1776744480,7158.5,7158.5,7158.25,7158.25
1776744540,7158.25,7158.25,7157.5,7157.5
1776744600,7157.25,7157.75,7157,7157.75
1776744660,7157.75,7158,7157.5,7158
1776744720,7158,7158,7157.75,7158
1776744780,7157.75,7157.75,7157.5,7157.75
1776744840,7157.75,7158.25,7157.75,7158
1776744900,7158,7159,7158,7159
1776744960,7158.75,7159,7158.5,7158.75
1776745020,7158.75,7159,7158.75,7158.75
1776745080,7158.75,7158.75,7158.5,7158.75
1776745140,7158.75,7158.75,7158.5,7158.5
1776745200,7158.25,7159,7158.25,7158.75
1776745260,7158.75,7159,7158.75,7158.75
1776745320,7159,7159.25,7158.75,7159.25
1776745380,7159.25,7159.5,7159.25,7159.25
1776745440,7159.5,7159.75,7159.25,7159.75
1776745500,7159.5,7159.75,7159.5,7159.75
1776745560,7159.75,7160.5,7159.75,7160.25
1776745620,7160.5,7160.5,7160,7160
1776745680,7160.25,7160.25,7159.75,7159.75
1776745740,7159.75,7160,7159.75,7160
1776745800,7160,7160.25,7159.75,7159.75
1776745860,7160.25,7161,7160.25,7160.75
1776745920,7160.75,7160.75,7160.5,7160.75
1776745980,7160.75,7161,7160.75,7160.75
1776746040,7161,7161,7160.5,7160.5
1776746100,7160.75,7160.75,7160.5,7160.75
1776746160,7161,7161.25,7160.75,7161
1776746220,7161,7161.25,7161,7161.25
1776746280,7161,7161.25,7161,7161
1776746340,7161,7161,7160.75,7160.75
1776746400,7161,7161,7160.75,7160.75
1776746460,7161,7161,7160.75,7161
1776746520,7160.75,7160.75,7160.25,7160.25
1776746580,7160.25,7160.5,7160.25,7160.5
1776746640,7160.25,7160.25,7160,7160
1776746700,7160,7160.5,7160,7160.5
1776746760,7160.5,7160.5,7160.5,7160.5
1776746820,7160.5,7160.5,7160.25,7160.5
1776746880,7160.25,7161,7160.25,7160.75
1776746940,7160.5,7160.5,7160.25,7160.25
1776747000,7160.5,7160.75,7160.5,7160.75
1776747060,7160.75,7161.25,7160.75,7161.25
1776747120,7161.25,7161.25,7161,7161
1776747180,7161,7161.25,7161,7161
1776747240,7161,7161.25,7161,7161
1776747300,7161,7161,7160.5,7160.5
1776747360,7160.75,7161,7160.75,7160.75
1776747420,7161,7161.25,7161,7161.25
1776747480,7161,7161.25,7160.5,7160.5
1776747540,7160.75,7160.75,7160.5,7160.75
1776747600,7160.75,7161,7160.5,7161
1776747660,7160.75,7161,7160,7160.5
1776747720,7160.5,7161.75,7160.5,7161.75
1776747780,7161.75,7162.25,7161.75,7162
1776747840,7162,7162,7161.75,7162
1776747900,7162.25,7163.5,7162.25,7163.5
1776747960,7163,7164.5,7163,7163.25
1776748020,7163.25,7163.25,7162.75,7163.25
1776748080,7163.25,7164,7163,7163.75
1776748140,7163.75,7164,7163.25,7163.5
1776748200,7163.25,7163.5,7163,7163
1776748260,7163.25,7163.75,7163,7163.5
1776748320,7163.25,7163.5,7163,7163
1776748380,7163,7163.25,7162.75,7163.25
1776748440,7163.5,7164.25,7163.5,7164.25
1776748500,7164.25,7164.5,7164,7164.5
1776748560,7164.5,7165,7164.25,7164.75
1776748620,7164.75,7164.75,7164.25,7164.25
1776748680,7164.25,7164.5,7164,7164.25
1776748740,7164.25,7164.25,7163.5,7163.75
1776748800,7163.75,7164.25,7163.75,7164
1776748860,7164,7164.25,7163.5,7163.75
1776748920,7163.75,7163.75,7162.75,7163
1776748980,7162.75,7163.25,7162.75,7163.25
1776749040,7163.5,7164,7163.25,7164
1776749100,7164,7164.5,7164,7164.5
1776749160,7164.5,7165.25,7164.5,7165
1776749220,7165,7165,7164.5,7165
1776749280,7164.75,7165.25,7164.5,7165
1776749340,7165,7165.25,7164,7164
1776749400,7163.75,7163.75,7163,7163.25
1776749460,7163.25,7163.25,7162.25,7162.25
1776749520,7162.5,7163,7162.5,7163
1776749580,7163,7163.25,7162.5,7162.5
1776749640,7162.5,7163.25,7162.5,7163.25
1776749700,7163,7163.5,7162.75,7163
1776749760,7163,7163.25,7162.75,7163.25
1776749820,7163,7163.25,7163,7163
1776749880,7163.25,7163.25,7163.25,7163.25
1776749940,7163.25,7163.25,7162.75,7163
1776750000,7162.75,7163.25,7162.75,7163.25
1776750060,7163,7163.25,7163,7163
1776750120,7162.75,7163,7162.75,7163
1776750180,7163,7163.25,7162.75,7162.75
1776750240,7162.75,7163,7162.5,7162.5
1776750300,7162.5,7162.5,7161.5,7161.75
1776750360,7161.75,7162,7161,7161.25
1776750420,7161,7161.25,7160.75,7161.25
1776750480,7161.25,7161.5,7161,7161
1776750540,7161,7161.25,7160.5,7161
1776750600,7161,7161.5,7160.25,7161.5
1776750660,7161.5,7162,7160.75,7160.75
1776750720,7160.75,7161,7160.75,7161
1776750780,7161,7161.5,7161,7161.5
1776750840,7161.25,7162,7161.25,7161.5
1776750900,7161.5,7161.5,7161,7161
1776750960,7161,7161.25,7160.75,7161
1776751020,7161,7161,7160.5,7160.75
1776751080,7160.75,7160.75,7160.25,7160.75
1776751140,7160.5,7161.25,7160.5,7160.5
1776751200,7160.75,7161.5,7160.25,7161.25
1776751260,7161.25,7161.25,7160.75,7160.75
1776751320,7161,7161.25,7159.5,7159.5
1776751380,7159.5,7161,7159.5,7160.5
1776751440,7160.5,7161,7160.25,7160.75
1776751500,7160.5,7161.25,7159.75,7160.25
1776751560,7160.5,7161.25,7160.25,7161.25
1776751620,7161,7163,7161,7162.75
1776751680,7162.75,7164.75,7162.75,7164.25
1776751740,7164.25,7164.5,7163.75,7163.75
1776751800,7163.75,7165.25,7163.75,7165.25
1776751860,7165.25,7165.25,7164,7165
1776751920,7164.75,7164.75,7163.25,7163.5
1776751980,7163.5,7164,7163.25,7163.5
1776752040,7163.75,7165,7163.75,7164.5
1776752100,7164.5,7164.5,7164,7164.25
1776752160,7164.25,7164.25,7164,7164
1776752220,7164.25,7164.5,7164.25,7164.25
1776752280,7164.25,7164.25,7163.5,7164.25
1776752340,7164.25,7164.5,7164,7164.25
1776752400,7164.75,7164.75,7163.75,7164.25
1776752460,7164.25,7164.75,7164,7164.75
1776752520,7164.75,7165.5,7164.75,7164.75
1776752580,7164.75,7165.75,7164.5,7165.5
1776752640,7165.75,7165.75,7165.25,7165.25
1776752700,7165.25,7165.25,7164,7164
1776752760,7164,7164.25,7163.5,7163.75
1776752820,7163.75,7163.75,7163,7163.5
1776752880,7163.75,7164,7163.25,7163.75
1776752940,7163.5,7163.5,7163,7163.25
1776753000,7163.5,7164.25,7163.5,7164
1776753060,7163.75,7164.25,7163.25,7164.25
1776753120,7164.25,7164.25,7163.75,7164
1776753180,7164,7164.75,7163.75,7164.75
1776753240,7164.75,7164.75,7164,7164.25
1776753300,7164.5,7164.75,7163.75,7164
1776753360,7163.75,7164.5,7163.75,7164.25
1776753420,7164,7164,7163.25,7163.25
1776753480,7163.5,7164,7163.25,7164
1776753540,7164.25,7164.25,7164,7164
1776753600,7164,7164.5,7163.75,7164.5
1776753660,7164.25,7164.75,7164,7164.5
1776753720,7164.25,7164.75,7164.25,7164.75
1776753780,7164.75,7165,7164.5,7164.75
1776753840,7164.75,7164.75,7163.75,7163.75
1776753900,7163.75,7164,7163.5,7163.75
1776753960,7163.75,7164.25,7163.5,7163.5
1776754020,7163.25,7164.25,7163.25,7164
1776754080,7163.75,7163.75,7163.5,7163.5
1776754140,7163.5,7164,7163.5,7163.5
1776754200,7163.5,7164,7163.25,7164
1776754260,7163.75,7163.75,7163,7163
1776754320,7163,7163.5,7162.5,7163.25
1776754380,7163.25,7164,7163.25,7164
1776754440,7163.5,7163.75,7163.25,7163.5
1776754500,7163.25,7164,7163.25,7163.5
1776754560,7163.75,7164,7163.25,7163.5
1776754620,7163.25,7163.5,7163.25,7163.25
1776754680,7163.5,7163.5,7162.75,7162.75
1776754740,7163,7163,7162.75,7162.75
1776754800,7163,7163,7161.75,7162
1776754860,7162,7162.25,7161.5,7161.5
1776754920,7161.5,7161.5,7159,7160
1776754980,7159.75,7160.5,7157.5,7157.75
1776755040,7157.75,7157.75,7156.5,7157.25
1776755100,7157.5,7158.5,7156.75,7158
1776755160,7158.25,7159,7157.75,7158.25
1776755220,7158.25,7158.25,7157.75,7158
1776755280,7158,7158.25,7157.5,7158
1776755340,7157.75,7158.25,7157.25,7158
1776755400,7158,7159,7158,7158.5
1776755460,7158.5,7159,7158.25,7159
1776755520,7159,7159,7157.75,7159
1776755580,7159,7159.25,7158.5,7158.75
1776755640,7158.75,7159.25,7157.5,7158
1776755700,7158.25,7158.5,7158,7158.25
1776755760,7158.5,7159.25,7158.25,7158.75
1776755820,7158.5,7158.5,7157.25,7158.25
1776755880,7158.5,7159,7158,7158.25
1776755940,7158.25,7159.25,7158.25,7159
1776756000,7158.75,7159.75,7158.75,7159
1776756060,7159,7159.75,7158.75,7159.5
1776756120,7159.5,7159.75,7159.25,7159.5
1776756180,7159.5,7159.75,7159,7159.25
1776756240,7159.25,7159.5,7159.25,7159.25
1776756300,7159.25,7160.75,7159.25,7160.5
1776756360,7160.25,7161,7160,7160
1776756420,7160,7160.25,7159.25,7159.75
1776756480,7160,7160,7158,7158.25
1776756540,7158.5,7159,7158,7159
1776756600,7159,7160.25,7159,7159.25
1776756660,7159.25,7159.25,7158.25,7158.5
1776756720,7158.5,7158.5,7157.25,7157.25
1776756780,7157,7157.75,7156.75,7157.75
1776756840,7157.75,7157.75,7157,7157
1776756900,7157,7158.25,7157,7158
1776756960,7158,7158.75,7157.5,7158.75
1776757020,7158.25,7158.25,7157.5,7157.75
1776757080,7157.5,7158,7157.25,7158
1776757140,7157.75,7158.75,7157.75,7158.5
1776757200,7158.5,7159,7158,7158.25
1776757260,7158.25,7159,7158,7158.75
1776757320,7158.5,7159.5,7158.25,7159.5
1776757380,7159.5,7160.25,7159.5,7160
1776757440,7159.75,7160,7159.25,7159.25
1776757500,7159.25,7159.5,7159,7159
1776757560,7159.25,7160,7159.25,7159.5
1776757620,7159.25,7159.75,7159.25,7159.25
1776757680,7159,7160,7159,7159.75
1776757740,7159.5,7161,7159.5,7161
1776757800,7161,7163.25,7161,7162
1776757860,7161.75,7161.75,7160.75,7161.25
1776757920,7161.25,7162,7160.75,7160.75
1776757980,7160.5,7160.75,7160,7160.5
1776758040,7160.5,7160.5,7158.75,7159.5
1776758100,7159.5,7160,7159.25,7159.25
1776758160,7159,7159.75,7158.75,7159.5
1776758220,7159.5,7160.25,7159.25,7159.75
1776758280,7159.5,7159.5,7159,7159
1776758340,7159,7159,7158,7158.25
1776758400,7158,7158.25,7157.25,7157.75
1776758460,7157.75,7158,7157.25,7157.75
1776758520,7157.75,7159,7157.75,7158.5
1776758580,7158.5,7159.25,7158.5,7158.75
1776758640,7158.75,7158.75,7157.25,7158
1776758700,7158.25,7158.5,7157,7157.5
1776758760,7157.75,7158.25,7154.5,7155.25
1776758820,7155.25,7156,7154.75,7155.5
1776758880,7155.5,7156.25,7155.25,7156
1776758940,7156,7157.25,7156,7157
1776759000,7157,7157.25,7156.75,7157.25
1776759060,7157.25,7157.5,7155.25,7155.5
1776759120,7155.5,7156.25,7155.5,7155.75
1776759180,7155.5,7155.75,7155,7155.5
1776759240,7155.25,7155.5,7155,7155.25
1776759300,7155.25,7156.5,7155.25,7156
1776759360,7156.25,7156.75,7155.75,7156
1776759420,7156,7156.5,7155.75,7156.25
1776759480,7156.25,7156.25,7155.5,7155.75
1776759540,7156,7157,7155.75,7156.5
1776759600,7156.75,7157.75,7156.75,7157.25
1776759660,7157.5,7158.25,7157.25,7158.25
1776759720,7158.25,7158.5,7158,7158
1776759780,7158.25,7158.25,7157.75,7158.25
1776759840,7158.25,7159,7158.25,7158.5
1776759900,7158.75,7159,7158.5,7158.75
1776759960,7158.75,7160.75,7158.75,7160.5
1776760020,7160.5,7161,7160.25,7160.75
1776760080,7160.75,7162,7160.75,7161.5
1776760140,7161.5,7162.75,7161.5,7161.75
1776760200,7161.5,7161.5,7160.5,7160.75
1776760260,7160.5,7161.25,7160.25,7161
1776760320,7161,7161,7160.5,7160.75
1776760380,7160.75,7161,7160.5,7161
1776760440,7161.25,7162,7161.25,7161.5
1776760500,7161.5,7161.75,7160.75,7160.75
1776760560,7160.5,7161,7160.25,7161
1776760620,7161,7161.25,7160.75,7161.25
1776760680,7161,7161.25,7161,7161
1776760740,7161,7162,7161,7161.75
1776760800,7162,7162,7161.5,7161.75
1776760860,7161.75,7163,7161.75,7162.25
1776760920,7162.5,7163.75,7162.5,7163.5
1776760980,7163.5,7167,7163.25,7164.25
1776761040,7164,7165.5,7163.5,7165.25
1776761100,7165.25,7166,7164.25,7165.5
1776761160,7165.25,7165.75,7164.75,7165.5
1776761220,7165.25,7166.5,7164.75,7166
1776761280,7166,7166.75,7165.75,7165.75
1776761340,7165.75,7166,7165.5,7165.5
1776761400,7165.5,7165.75,7165.5,7165.5
1776761460,7165.25,7165.5,7165,7165.25
1776761520,7165,7165,7164.75,7164.75
1776761580,7164.75,7165.75,7164.5,7165.25
1776761640,7165,7165.75,7165,7165.75
1776761700,7165.5,7165.5,7164.75,7165
1776761760,7164.75,7164.75,7164,7164.5
1776761820,7164.25,7164.25,7163.75,7163.75
1776761880,7164,7164.5,7164,7164
1776761940,7164,7164.25,7163.75,7164
1776762000,7164,7164,7162.75,7163.25
1776762060,7163,7163,7161.75,7162
1776762120,7162,7162.75,7162,7162.25
1776762180,7162.25,7162.25,7159.5,7160.5
1776762240,7160.25,7161,7160.25,7160.5
1776762300,7160.75,7161.25,7160.5,7161.25
1776762360,7161.25,7162,7161,7161.75
1776762420,7161.75,7162,7159.75,7159.75
1776762480,7159.5,7159.5,7158.5,7159.5
1776762540,7159.25,7159.75,7159,7159.5
1776762600,7159.75,7160.5,7159.5,7160.5
1776762660,7160.25,7160.5,7160,7160.5
1776762720,7160.5,7160.75,7160.25,7160.75
1776762780,7160.75,7160.75,7160,7160
1776762840,7160,7160.75,7159.75,7160
1776762900,7159.75,7160.5,7159.75,7160
1776762960,7160,7160,7159.75,7159.75
1776763020,7159.75,7161.25,7159.25,7161.25
1776763080,7161.25,7161.5,7161.25,7161.25
1776763140,7161.25,7161.25,7160.75,7161.25
1776763200,7161.25,7162,7161.25,7161.75
1776763260,7161.75,7161.75,7160,7160.25
1776763320,7160,7160.5,7160,7160.5
1776763380,7160.5,7160.75,7160.25,7160.25
1776763440,7160,7160.25,7160,7160.25
1776763500,7160.25,7160.75,7160.25,7160.5
1776763560,7160,7160.75,7159.75,7160.5
1776763620,7160.5,7161,7160.25,7160.5
1776763680,7160.5,7160.75,7160.25,7160.25
1776763740,7160.25,7161,7160.25,7161
1776763800,7161,7162,7161,7161.75
1776763860,7161.75,7162.75,7161.75,7162
1776763920,7162,7162,7161.5,7161.75
1776763980,7162,7162.5,7161.5,7162
1776764040,7162,7162.25,7161.75,7162
1776764100,7161.75,7162,7161.5,7161.75
1776764160,7161.75,7162.25,7161.75,7162
1776764220,7162.25,7162.25,7161.25,7161.75
1776764280,7161.75,7162.5,7161.75,7162.25
1776764340,7162.5,7162.5,7162.25,7162.25
1776764400,7162,7162.5,7161.5,7162.5
1776764460,7162.5,7163,7162.5,7163
1776764520,7162.75,7162.75,7162,7162.25
1776764580,7162,7162,7161.5,7161.75
1776764640,7162,7162.25,7161.75,7162.25
1776764700,7162.25,7162.5,7162,7162.25
1776764760,7162,7162.25,7162,7162.25
1776764820,7162,7162.5,7162,7162
1776764880,7161.75,7162,7161.75,7162
1776764940,7162.25,7163.25,7162.25,7163
1776765000,7163,7163.75,7163,7163.75
1776765060,7163.5,7164.25,7163.5,7164.25
1776765120,7164,7164.5,7163.75,7164.5
1776765180,7164.5,7164.75,7164,7164
1776765240,7163.75,7164.25,7163.75,7164
1776765300,7164.25,7169.75,7164.25,7167.5
1776765360,7167.75,7168.25,7166.75,7167.75
1776765420,7168,7169,7167.25,7168.25
1776765480,7168.25,7168.75,7167.75,7168
1776765540,7168,7168.75,7167.5,7168.5
1776765600,7168.5,7169,7168,7168.5
1776765660,7168.5,7169.25,7168.25,7169
1776765720,7169,7170,7168.75,7169
1776765780,7169.25,7169.5,7168.5,7168.75
1776765840,7168.75,7169,7168.5,7168.75
1776765900,7168.75,7170,7168.75,7169.5
1776765960,7169.5,7170,7168.75,7169.75
1776766020,7169.75,7169.75,7169.25,7169.25
1776766080,7169.25,7171,7169.25,7170.5
1776766140,7170.75,7172,7170.75,7171
1776766200,7171,7171.25,7169.5,7170.5
1776766260,7170.5,7171.25,7170.25,7170.25
1776766320,7170.5,7170.75,7169.75,7170
1776766380,7170,7170,7168.75,7169
1776766440,7169,7169.75,7168.75,7169.75
1776766500,7169.25,7169.75,7169,7169.75
1776766560,7169.75,7169.75,7169.5,7169.75
1776766620,7169.5,7169.75,7169.5,7169.75
1776766680,7169.5,7169.5,7169,7169.25
1776766740,7169,7169.5,7168.75,7169.25
1776766800,7169.25,7169.25,7168,7168
1776766860,7168.25,7169,7168,7168.75
1776766920,7168.5,7169,7168.5,7169
1776766980,7169,7169.5,7168.75,7169.25
1776767040,7169.25,7169.5,7169,7169.25
1776767100,7169.25,7169.25,7168.75,7169.25
1776767160,7169,7170,7168.75,7169.25
1776767220,7169,7169.25,7168.5,7169
1776767280,7169,7169.25,7168.75,7169.25
1776767340,7169,7169.5,7168.75,7169.5
1776767400,7169.5,7170.5,7169.25,7170.25
1776767460,7170.25,7171,7170,7171
1776767520,7171,7171.75,7170.75,7171.5
1776767580,7171.5,7171.5,7170.75,7170.75
1776767640,7170.75,7171.25,7170.75,7170.75
1776767700,7170.75,7171.25,7170.75,7171
1776767760,7171,7171.5,7171,7171.25
1776767820,7171.25,7172.25,7171.25,7172.25
1776767880,7172.25,7173.25,7172.25,7173.25
1776767940,7173.5,7173.75,7172.75,7173
1776768000,7173,7173.25,7172.75,7173
1776768060,7173,7173,7172.25,7172.5
1776768120,7172.25,7172.25,7171.5,7172.25
1776768180,7172.25,7173,7172.25,7172.75
1776768240,7172.75,7173,7172.25,7173
1776768300,7172.75,7173.75,7172.75,7173.75
1776768360,7173.5,7174.25,7173.5,7173.75
1776768420,7173.5,7174.5,7173.25,7173.75
1776768480,7173.75,7174.75,7173.5,7174.5
1776768540,7174.25,7174.75,7174.25,7174.75
1776768600,7174.75,7175.5,7174.75,7175
1776768660,7175.25,7176.5,7175.25,7176
1776768720,7176,7176.75,7175.75,7176.5
1776768780,7176.25,7176.75,7176.25,7176.5
1776768840,7176.5,7176.75,7176.25,7176.5
1776768900,7176.5,7177.5,7176.25,7177.25
1776768960,7177.25,7177.5,7177,7177
1776769020,7177.25,7177.25,7176.25,7176.5
1776769080,7176.5,7176.75,7175.75,7176.25
1776769140,7176.5,7176.5,7175.5,7176
1776769200,7175.75,7176.25,7175.25,7176.25
1776769260,7176.25,7176.75,7175.75,7176
1776769320,7176.25,7176.5,7174.5,7176
1776769380,7176.25,7176.25,7174.25,7174.75
1776769440,7174.75,7176.25,7174.75,7175.75
1776769500,7176,7176.25,7175.5,7176
1776769560,7176.25,7177.75,7176,7177.25
1776769620,7177.25,7177.75,7176.5,7176.75
1776769680,7176.75,7176.75,7175.25,7175.25
1776769740,7175.5,7175.75,7170,7174
1776769800,7174,7174.75,7172.5,7173.5
1776769860,7173.75,7175,7173.25,7175
1776769920,7175,7175,7172.75,7173
1776769980,7173.25,7173.25,7171.75,7172
1776770040,7172.25,7172.75,7172,7172.75
1776770100,7173,7173,7171.25,7171.75
1776770160,7171.75,7173,7171.75,7172.5
1776770220,7172.75,7174,7172,7173.75
1776770280,7173.75,7174,7173.25,7174
1776770340,7174,7174,7173.5,7174
1776770400,7174.25,7175.25,7174,7175
1776770460,7174.75,7176.5,7174.25,7175.75
1776770520,7175.75,7175.75,7173.75,7174.5
1776770580,7174.75,7175.5,7174.5,7174.75
1776770640,7174.75,7175.5,7174.75,7175.25
1776770700,7175,7175.5,7174.5,7175
1776770760,7174.75,7176.75,7174,7176.25
1776770820,7176.5,7177.75,7176.25,7177.25
1776770880,7177.25,7178,7177.25,7178
1776770940,7177.75,7178.75,7177.75,7178.5
1776771000,7178.5,7179.75,7178,7179.5
1776771060,7179.5,7180.25,7179,7179.75
1776771120,7179.75,7181.75,7179.25,7181.25
1776771180,7181.25,7181.75,7180.75,7181.25
1776771240,7181,7181.25,7180.25,7180.25
1776771300,7180.5,7181.25,7180.25,7181
1776771360,7181.25,7182.25,7181,7182
1776771420,7182,7182.25,7180.75,7181
1776771480,7181,7181,7180.25,7180.5
1776771540,7180.5,7183,7180.25,7181.75
1776771600,7182,7183,7181.5,7182.5
1776771660,7182.5,7182.75,7182.25,7182.5
1776771720,7182.5,7182.75,7181.75,7182
1776771780,7182,7182,7180.75,7180.75
1776771840,7180.75,7180.75,7179.5,7180.25
1776771900,7180.25,7180.25,7178.75,7179.5
1776771960,7179.5,7180,7179.25,7180
1776772020,7180,7181,7179.75,7180.75
1776772080,7180.75,7181.25,7180.5,7181.25
1776772140,7180.75,7180.75,7179.75,7180
1776772200,7180,7180.75,7180,7180.5
1776772260,7180.25,7180.75,7180.25,7180.5
1776772320,7180.75,7180.75,7179.5,7179.75
1776772380,7179.75,7180,7179,7179.25
1776772440,7179.25,7179.75,7178,7178.5
1776772500,7178.75,7178.75,7177.25,7177.75
1776772560,7177.5,7177.75,7177,7177.75
1776772620,7177.75,7177.75,7177,7177.25
1776772680,7177.25,7177.75,7177,7177.25
1776772740,7177.25,7177.5,7175,7175.5
1776772800,7175.75,7177,7175.5,7176.5
1776772860,7176.75,7176.75,7175.75,7176
1776772920,7176.25,7176.75,7176,7176
1776772980,7176,7176,7175,7175.25
1776773040,7175.25,7175.25,7173.75,7174.75
1776773100,7174.5,7175.5,7174.25,7174.75
1776773160,7175,7175.5,7174.75,7175.25
1776773220,7175.25,7175.75,7175.25,7175.5
1776773280,7175.5,7176,7175.25,7175.75
1776773340,7175.75,7177.25,7175.5,7177.25
1776773400,7177,7177,7176.25,7176.25
1776773460,7176.25,7176.25,7173.5,7173.75
1776773520,7173.75,7174.75,7172.75,7174
1776773580,7174,7174.75,7173,7174
1776773640,7173.5,7173.75,7172.5,7172.5
1776773700,7172.5,7173,7168,7169
1776773760,7169,7170.25,7168.75,7170.25
1776773820,7170.25,7170.75,7169.5,7170.25
1776773880,7170.25,7170.25,7168.25,7169
1776773940,7169,7169,7167,7167
1776774000,7167.25,7168.75,7166.5,7168.5
1776774060,7168.5,7170,7168.25,7169.75
1776774120,7170,7171.75,7170,7171.25
1776774180,7171,7171.75,7170.25,7171.5
1776774240,7171.25,7172,7170.75,7171
1776774300,7171,7171.25,7170,7170.5
1776774360,7170.75,7171.5,7170.5,7171.5
1776774420,7171.5,7171.5,7170.5,7171
1776774480,7171,7173.25,7171,7173
1776774540,7173,7174.5,7172.5,7174.25
1776774600,7173.75,7176,7171.5,7173.5
1776774660,7173.25,7173.75,7171.75,7172.25
1776774720,7172.25,7176.25,7172,7174.25
1776774780,7174.25,7175,7173,7173.75
1776774840,7173.75,7175.5,7173.75,7174
1776774900,7174.25,7174.5,7172.75,7173.25
1776774960,7173,7174.25,7172.5,7174
1776775020,7174,7174.5,7169,7170.75
1776775080,7170.75,7171.5,7163.75,7167
1776775140,7167.25,7167.25,7164,7164.75
1776775200,7164.75,7166.5,7163.5,7165.75
1776775260,7165.75,7167,7165.75,7166.5
1776775320,7166.5,7167.75,7165.75,7165.75
1776775380,7165.75,7166,7163,7163.25
1776775440,7163.25,7165,7161.75,7165
1776775500,7165,7167,7164,7164.5
1776775560,7164.75,7166.75,7164.5,7166
1776775620,7166,7168,7165.75,7166.75
1776775680,7167,7167.5,7164,7165.25
1776775740,7165,7166.5,7162,7162.5
1776775800,7162.5,7163,7160.75,7162.75
1776775860,7162.75,7164.75,7162.75,7163.75
1776775920,7163.75,7165.25,7163.75,7164.5
1776775980,7164.25,7165.75,7164.25,7164.75
1776776040,7164.75,7165.75,7164,7165.75
1776776100,7165.75,7166.75,7165.5,7165.5
1776776160,7165.5,7166,7163.5,7163.5
1776776220,7163.5,7164,7161.75,7163.25
1776776280,7163,7163.75,7162.5,7163.5
1776776340,7163.75,7164.75,7163.25,7164
1776776400,7164.25,7165.5,7164,7165
1776776460,7165,7165.25,7163.75,7164
1776776520,7164.25,7165.5,7164.25,7165.25
1776776580,7165.25,7165.25,7163.75,7164
1776776640,7163.75,7164,7161.5,7162
1776776700,7161.75,7162,7160.25,7161.5
1776776760,7161.25,7162.75,7161.25,7161.75
1776776820,7161.75,7162.5,7161.75,7162.25
1776776880,7162,7162.25,7160.5,7161
1776776940,7161,7162.25,7160.5,7160.5
1776777000,7160.5,7162.75,7160.5,7162.5
1776777060,7162.25,7163.25,7162,7162.75
1776777120,7162.75,7163,7162,7163
1776777180,7162.75,7163.25,7162.25,7162.5
1776777240,7162.5,7162.75,7161.25,7161.25
1776777300,7161,7162.25,7161,7162.25
1776777360,7162.25,7163,7161.5,7161.75
1776777420,7161.75,7162.75,7161.5,7162.75
1776777480,7162.5,7162.75,7161.25,7162
1776777540,7161.75,7162.5,7161.75,7162
1776777600,7162,7162.25,7161.5,7162.25
1776777660,7162.25,7162.75,7162,7162
1776777720,7162,7162.75,7161.5,7162
1776777780,7161.75,7163.75,7160,7162
1776777840,7161.75,7162,7160,7161.5
1776777900,7161.5,7162.25,7161.25,7161.25
1776777960,7161,7162,7160.5,7160.5
1776778020,7160.5,7162.5,7160.5,7162
1776778080,7162,7163.5,7161.25,7162.5
1776778140,7162.75,7163,7161.75,7162.5
1776778200,7162.5,7164,7155,7155.25
1776778260,7155,7155.5,7150.25,7152.5
1776778320,7152.75,7155.25,7152,7153.25
1776778380,7153.25,7156,7151.5,7153
1776778440,7153,7154.5,7151,7153.5
1776778500,7153.5,7154.25,7147.25,7150.25
1776778560,7150,7152.75,7150,7150.5
1776778620,7150.25,7152.25,7148.75,7149.25
1776778680,7149.25,7151.5,7148.5,7149
1776778740,7149,7151,7147,7150
1776778800,7150.25,7154.5,7149.5,7154
1776778860,7154,7155,7150.5,7152.5
1776778920,7152.5,7154.5,7151.75,7153.75
1776778980,7153.75,7156,7153,7154.75
1776779040,7154.5,7156.75,7153,7156.5
1776779100,7156.25,7158.5,7153.25,7155
1776779160,7155,7159,7153.5,7158.75
1776779220,7158.5,7161.25,7158.5,7160.5
1776779280,7160.75,7164,7160.75,7164
1776779340,7163.75,7163.75,7160.75,7161.75
1776779400,7161.75,7163.5,7161.25,7162.5
1776779460,7162.5,7163,7160.75,7162.5
1776779520,7162.5,7166.5,7162,7165.25
1776779580,7165.25,7168.5,7165,7168
1776779640,7168,7168.25,7165,7166.25
1776779700,7166.25,7168.25,7165.5,7167.25
1776779760,7167,7168.25,7166,7167.5
1776779820,7167.5,7168,7166,7166.25
1776779880,7166.25,7167.5,7165.5,7166.75
1776779940,7166.75,7167.75,7166,7167.5
1776780000,7167.75,7169.25,7164.5,7166.75
1776780060,7166.75,7169.75,7166.5,7169.5
1776780120,7169.5,7169.5,7166.75,7168.75
1776780180,7168.75,7168.75,7166,7166.25
1776780240,7166.5,7167.25,7165,7165.5
1776780300,7165.75,7168,7165,7167.5
1776780360,7167.5,7168.25,7166.5,7167
1776780420,7167,7169.5,7166.75,7168.5
1776780480,7168.75,7171.25,7168.5,7170.75
1776780540,7170.75,7171.75,7169.75,7170.25
1776780600,7170.25,7170.5,7166.75,7169.25
1776780660,7169.25,7171.5,7169,7171.25
1776780720,7171.25,7171.5,7169.25,7170.75
1776780780,7170.75,7171.5,7169.5,7170.75
1776780840,7170.75,7171.5,7170,7170
1776780900,7170.25,7172.5,7170,7171.25
1776780960,7171.25,7171.75,7170,7171.25
1776781020,7171.25,7172.5,7170.75,7171.5
1776781080,7171.5,7171.75,7169.25,7170
1776781140,7170,7170.75,7167.75,7168
1776781200,7168,7168.5,7163.5,7164.75
1776781260,7164.75,7166.25,7164.25,7165
1776781320,7165,7166.25,7164.5,7165.75
1776781380,7165.75,7166.5,7161.75,7162.5
1776781440,7162.5,7163.75,7161.25,7163
1776781500,7163,7164.5,7162.5,7164.25
1776781560,7164.25,7165.75,7163,7165
1776781620,7165,7166.25,7163.25,7164.75
1776781680,7165,7165.75,7163,7163.75
1776781740,7164,7165.75,7162.75,7165.5
1776781800,7165.5,7167.5,7163.25,7165
1776781860,7165,7165.75,7163.25,7163.5
1776781920,7163.25,7164.5,7161.75,7163
1776781980,7163,7163.75,7160.5,7162.25
1776782040,7162,7162.5,7159.25,7161.5
1776782100,7161.5,7162.75,7160,7162.5
1776782160,7162.5,7162.5,7160,7161
1776782220,7161,7161.25,7158.25,7159.25
1776782280,7159.25,7161,7159,7160.75
1776782340,7160.75,7161,7158,7159.25
1776782400,7159,7160.25,7156.75,7159.5
1776782460,7159.5,7165,7157.75,7160
1776782520,7159.75,7161.75,7157.75,7160.25
1776782580,7160,7161.5,7158.75,7160
1776782640,7160,7160.75,7158,7158.5
1776782700,7158.25,7158.75,7155,7155.5
1776782760,7155.5,7156,7150.75,7153.75
1776782820,7153.75,7154,7149.75,7151.25
1776782880,7151.25,7152.25,7148.75,7151.75
1776782940,7151.75,7153.5,7150.5,7151
1776783000,7151.25,7152.5,7149,7149.25
1776783060,7149.5,7151,7145.75,7149
1776783120,7149,7150.25,7147.25,7149.25
1776783180,7149.25,7151.75,7149.25,7151.5
1776783240,7151.5,7152,7149.25,7150
1776783300,7149.75,7149.75,7146.75,7148
1776783360,7147.75,7149,7146.25,7147.5
1776783420,7147.25,7147.75,7142.25,7143.25
1776783480,7143.25,7143.5,7138.25,7139.5
1776783540,7139.5,7140.5,7134,7135.25
1776783600,7135.5,7138.25,7128.75,7131.75
1776783660,7131.75,7133.5,7125.75,7128.25
1776783720,7128.25,7131.25,7125.75,7126
1776783780,7125.75,7126.5,7121.5,7122.75
1776783840,7122.75,7129.75,7122,7126.75
1776783900,7126.5,7127.25,7120.75,7122.75
1776783960,7122.5,7126,7122.25,7125.25
1776784020,7125.25,7133.5,7124.5,7132.5
1776784080,7132.75,7136,7131,7133.75
1776784140,7133.75,7137.75,7133.5,7136.75
1776784200,7136.75,7140.25,7136.5,7139.5
1776784260,7139.75,7140,7137.25,7137.5
1776784320,7137.75,7139.5,7136.5,7137.75
1776784380,7137.75,7138.75,7136.75,7137.5
1776784440,7137.5,7140,7137.5,7138.5
1776784500,7138.25,7141.5,7138,7138.75
1776784560,7138.75,7139.25,7133.5,7134.75
1776784620,7135,7135.25,7132.75,7135.25
1776784680,7135.25,7136.25,7132.5,7135.25
1776784740,7135,7139.25,7134.5,7137.75
1776784800,7137.75,7139.25,7136.5,7137
1776784860,7136.75,7137.25,7134.25,7137
1776784920,7137.25,7137.75,7133.5,7135.5
1776784980,7135.5,7136.5,7131,7132.5
1776785040,7132.25,7133.25,7130.5,7132
1776785100,7132,7132,7128.25,7129.25
1776785160,7129.5,7129.5,7124.5,7126.25
1776785220,7126,7126.25,7121.75,7125.75
1776785280,7125.75,7128.25,7124.5,7125.25
1776785340,7125.25,7127,7123.5,7126.25
1776785400,7126.25,7128.5,7125.25,7127.75
1776785460,7128,7130.25,7127.25,7129
1776785520,7128.75,7132.5,7128,7132
1776785580,7131.75,7133.25,7129.25,7130
1776785640,7129.75,7130,7127.75,7128.25
1776785700,7128,7128.5,7124,7125
1776785760,7124.75,7125.25,7119.25,7121.5
1776785820,7121.25,7125.5,7120.75,7125.25
1776785880,7125,7125.75,7121.25,7124
1776785940,7124,7126.75,7123.75,7126.5
1776786000,7126.5,7127.5,7124.25,7124.75
1776786060,7124.75,7125.5,7123.25,7123.75
1776786120,7123.75,7128,7123.25,7127.25
1776786180,7127.25,7130.25,7127.25,7128
1776786240,7128,7130.5,7128,7128.5
1776786300,7128.5,7129.25,7126.75,7128.25
1776786360,7128.25,7128.5,7125.75,7127.25
1776786420,7127.25,7131.75,7127,7131
1776786480,7131,7133,7130.5,7132
1776786540,7132,7134.25,7129.75,7129.75
1776786600,7129.75,7129.75,7125.25,7127
1776786660,7126.75,7127.5,7125,7126.25
1776786720,7126.25,7126.5,7124.5,7125.5
1776786780,7125.5,7126.75,7124.75,7124.75
1776786840,7124.75,7125.5,7123.5,7124.25
1776786900,7124.25,7126.5,7123.75,7126
1776786960,7125.75,7128.25,7124.75,7128
1776787020,7127.75,7129,7127.5,7127.5
1776787080,7127.5,7127.75,7125.5,7126
1776787140,7126,7126.75,7124.5,7126.5
1776787200,7126.5,7133.25,7126.5,7132.5
1776787260,7132.25,7136.75,7131.5,7132.25
1776787320,7132.25,7135.75,7132.25,7134.25
1776787380,7134.25,7138.25,7130,7131.5
1776787440,7131.5,7132.25,7129.5,7131
1776787500,7131,7131.5,7129,7129.5
1776787560,7129.25,7132,7129,7131.5
1776787620,7131.75,7131.75,7129.25,7130.25
1776787680,7130,7133,7129.5,7131.25
1776787740,7131.25,7134.5,7130.75,7132.75
1776787800,7132.75,7133,7129.75,7131.75
1776787860,7131.5,7131.5,7127,7128
1776787920,7128,7129,7126.75,7128
1776787980,7127.75,7128.25,7126.25,7127.25
1776788040,7127,7128.25,7125.25,7128.25
1776788100,7128,7129.5,7127.75,7128
1776788160,7128.25,7128.25,7126.5,7127.5
1776788220,7127.75,7130,7127.5,7129.25
1776788280,7129.25,7131.25,7128.75,7130.25
1776788340,7130.5,7130.75,7128.25,7129
1776788400,7129.25,7129.25,7124,7125.5
1776788460,7125.5,7125.75,7124.5,7125
1776788520,7125.25,7128.25,7125.25,7126.5
1776788580,7126.5,7126.5,7123.5,7124
1776788640,7124,7125.75,7123.25,7124.5
1776788700,7124.5,7125,7122.75,7123.25
1776788760,7123.25,7125.25,7122.5,7124.75
1776788820,7124.75,7125.5,7124,7124.25
1776788880,7124.5,7124.5,7121.75,7122.25
1776788940,7122.25,7123.5,7121.75,7122.75
1776789000,7122.75,7127,7122.5,7125.5
1776789060,7125.75,7127.5,7125.75,7127
1776789120,7127.25,7128,7126.25,7127.25
1776789180,7127.25,7128.25,7126.75,7127.75
1776789240,7128,7128.75,7127,7128.25
1776789300,7128.5,7131,7128.5,7129.5
1776789360,7129.75,7129.75,7126.25,7126.75
1776789420,7126.75,7126.75,7123,7123.5
1776789480,7123.75,7124,7122,7122.25
1776789540,7122.25,7125,7122.25,7124.25
1776789600,7124.5,7125.5,7123.75,7123.75
1776789660,7123.75,7123.75,7122,7122
1776789720,7122.25,7123,7121,7122.25
1776789780,7122.25,7122.25,7118.25,7118.75
1776789840,7118.75,7119,7115.5,7117.75
1776789900,7117.75,7121.5,7117.5,7121
1776789960,7121,7123.75,7120,7122.75
1776790020,7122.75,7123.25,7121.75,7123
1776790080,7123,7125,7122.5,7124.75
1776790140,7125,7125.5,7123.75,7125
1776790200,7124.75,7125.25,7123.25,7123.5
1776790260,7123.5,7124.25,7120.5,7121.5
1776790320,7121.5,7122.5,7120.5,7121.25
1776790380,7121.25,7121.75,7120.75,7121.25
1776790440,7121.25,7121.25,7119,7120.25
1776790500,7120.25,7120.25,7118.25,7118.25
1776790560,7118.25,7118.5,7116.25,7117
1776790620,7117.25,7118.5,7116.5,7117.25
1776790680,7117.25,7118,7115.75,7116.25
1776790740,7116.25,7116.25,7113.5,7114.75
1776790800,7114.5,7117.75,7114.5,7117.5
1776790860,7117.5,7120.5,7117,7120
1776790920,7120.25,7121.75,7119.75,7121
1776790980,7121,7122,7119.5,7120
1776791040,7119.75,7120.25,7118.25,7118.5
1776791100,7118.5,7118.5,7109.25,7113.5
1776791160,7113.5,7114.75,7106.25,7109.25
1776791220,7109.25,7111.5,7108.75,7111
1776791280,7110.75,7113,7108.25,7111.5
1776791340,7111.75,7115.75,7108,7113.5
1776791400,7113.5,7114,7105,7110.25
1776791460,7110,7110.25,7106.5,7108.25
1776791520,7108.5,7109.75,7102,7106
1776791580,7106,7106.25,7104,7105.5
1776791640,7105.75,7107.25,7104.5,7105.75
1776791700,7105.75,7107.25,7103.75,7105.75
1776791760,7105.75,7108.5,7105.75,7106.75
1776791820,7107,7107,7104,7104.25
1776791880,7104.25,7104.25,7100,7101
1776791940,7101.25,7101.25,7098,7099
1776792000,7099.25,7100.75,7096.75,7099.75
1776792060,7100,7103.25,7099,7103
1776792120,7103,7103.75,7099.75,7101
1776792180,7101,7102.75,7100.25,7102.75
1776792240,7102.5,7105,7102.25,7103.25
1776792300,7103,7108.5,7103,7107
1776792360,7107,7108,7105.75,7106
1776792420,7106,7106.75,7104,7104.25
1776792480,7104,7104,7102.5,7104
1776792540,7103.75,7105.5,7103.25,7105.5
1776792600,7105.5,7108.75,7105,7108.25
1776792660,7108.25,7108.75,7106.25,7107.25
1776792720,7107.25,7110,7107.25,7110
1776792780,7110,7112.25,7109.75,7111.5
1776792840,7111.5,7113.25,7110,7111
1776792900,7111,7111,7108.75,7109.75
1776792960,7109.5,7111.25,7108.75,7110.75
1776793020,7110.75,7112.25,7110.75,7111.5
1776793080,7111.5,7123,7111.25,7120.5
1776793140,7120.25,7127.25,7117.75,7122
1776793200,7122,7127.25,7120.5,7122.25
1776793260,7122.25,7126.25,7122.25,7125.25
1776793320,7125.25,7127.75,7123.75,7126.25
1776793380,7126.25,7133.25,7123.75,7126
1776793440,7126,7126.5,7123.5,7124
1776793500,7124.25,7124.75,7120.5,7121.75
1776793560,7121.75,7121.75,7118.25,7120.25
1776793620,7120,7120.25,7117.25,7118.5
1776793680,7118.25,7122.25,7117.75,7120
1776793740,7120,7121.75,7119.5,7121
1776793800,7120.75,7122.25,7119.5,7119.75
1776793860,7119.5,7121.75,7119.5,7121.75
1776793920,7121.75,7123.5,7121.5,7122.25
1776793980,7122,7122.5,7117.75,7118.75
1776794040,7118.5,7118.75,7115,7117
1776794100,7116.75,7116.75,7111.75,7114.25
1776794160,7114.25,7114.75,7112,7114.25
1776794220,7114,7116,7113.5,7116
1776794280,7115.75,7116.25,7114.25,7116
1776794340,7116,7117.5,7114.5,7116.75
1776794400,7116.75,7119.25,7116.75,7119
1776794460,7118.75,7122,7118.75,7121.75
1776794520,7121.5,7123.5,7120,7123
1776794580,7123,7123.5,7120.5,7121
1776794640,7120.75,7122,7118.5,7119
1776794700,7119,7122.75,7116.75,7119.75
1776794760,7119.75,7120.25,7118.75,7119.5
1776794820,7119.25,7120.5,7117.5,7119.25
1776794880,7119.25,7119.5,7117.75,7118
1776794940,7117.75,7119.75,7117.25,7117.25
1776795000,7117.25,7117.75,7113.75,7115
1776795060,7114.75,7116.25,7113.5,7116.25
1776795120,7116.5,7118.25,7116.25,7116.25
1776795180,7116.5,7117,7115.75,7116.75
1776795240,7116.75,7118.25,7116.25,7118.25
1776795300,7118.25,7120,7117.75,7119.5
1776795360,7119.75,7120.75,7105.5,7115.5
1776795420,7115.75,7116.5,7110.75,7114.5
1776795480,7114.75,7115,7109.25,7111.5
1776795540,7111.5,7112,7108.5,7110
1776795600,7110,7110.75,7108.5,7110.5
1776795660,7110.75,7112,7109.5,7110.5
1776795720,7110.5,7110.5,7106.75,7109.75
1776795780,7109.75,7111.25,7109.25,7110.5
1776795840,7110.5,7110.75,7108.25,7109.25
1776795900,7109,7111.5,7108,7111.25
1776795960,7111.25,7111.25,7109.5,7110
1776796020,7110,7111.25,7109,7109
1776796080,7109,7109.25,7107.75,7108.5
1776796140,7108.5,7110.25,7107.5,7109.75
1776796200,7110,7112.75,7109.75,7110.25
1776796260,7110,7112,7110,7111.75
1776796320,7112,7114.75,7112,7114
1776796380,7114,7116,7113.75,7115.75
1776796440,7115.75,7116.5,7115,7115.75
1776796500,7116,7116.5,7115.25,7115.5
1776796560,7115.5,7116.25,7114.5,7114.5
1776796620,7114.75,7114.75,7111.5,7111.75
1776796680,7112,7113.5,7111.25,7113.25
1776796740,7113.5,7113.5,7112.5,7112.75
1776796800,7113,7113.5,7111.75,7112.25
1776796860,7112.5,7114.25,7112.25,7113
1776796920,7113,7113,7112,7112.5
1776796980,7112.5,7113.5,7112,7112.75
1776797040,7113,7115,7113,7113.25
1776797100,7113.5,7114,7111.5,7113
1776797160,7113,7114.5,7112.75,7113.5
1776797220,7113.25,7113.75,7111.75,7112.25
1776797280,7112.25,7113.25,7111,7111.5
1776797340,7111.5,7112.25,7110,7110.5
1776797400,7110.75,7110.75,7109,7109.75
1776797460,7109.5,7111.5,7109,7111
1776797520,7111,7111.5,7110.75,7110.75
1776797580,7111,7111.5,7110.5,7111
1776797640,7110.75,7126.5,7110.5,7123
1776797700,7122.75,7128,7117.5,7119
1776797760,7118.75,7119.25,7115.75,7117.25
1776797820,7117.25,7124.25,7116.5,7121.25
1776797880,7121,7121.25,7118.75,7119.25
1776797940,7119.5,7123.5,7119.25,7122
1776798000,7122.25,7126.5,7122.25,7123.75
1776798060,7123.75,7128,7122.75,7124.25
1776798120,7124.5,7126.75,7124.5,7125.25
1776798180,7125.25,7127.75,7123.5,7124.5
1776798240,7124.5,7126.25,7123.5,7125.5
1776798300,7125.5,7127.75,7125.5,7126.5
1776798360,7126.5,7127,7125,7125.25
1776798420,7125.25,7125.5,7123.25,7125.5
1776798480,7125.5,7127,7125.5,7126.25
1776798540,7126.5,7127.25,7125.75,7126.25
1776798600,7126,7127.75,7125.5,7127
1776798660,7127,7128.5,7126.5,7127.75
1776798720,7127.75,7131,7127.75,7130.25
1776798780,7130.25,7131.75,7130,7130.75
1776798840,7130.75,7132.5,7121,7125.5
1776798900,7125.5,7128.5,7121.75,7125.75
1776798960,7125.5,7128.75,7125.5,7127.5
1776799020,7127.25,7127.75,7123.25,7126
1776799080,7126,7126.5,7125,7126.25
1776799140,7126,7126.25,7124.75,7126
1776799200,7126,7128.75,7126,7128.25
1776799260,7128.25,7134.5,7127.75,7129.75
1776799320,7129.75,7131,7129.25,7130
1776799380,7130,7133.75,7129.5,7133.75
1776799440,7133.75,7135.5,7133.5,7134.5
1776799500,7134.25,7137.25,7134,7137
1776799560,7137.25,7137.5,7133.25,7135
1776799620,7134.75,7135.75,7133.75,7134.75
1776799680,7134.5,7137.25,7134.25,7135.75
1776799740,7135.75,7137,7134.5,7136.75
1776799800,7136.75,7138,7135.5,7137
1776799860,7136.75,7138.5,7136.5,7138
1776799920,7138,7138.25,7136,7136.5
1776799980,7136.5,7136.5,7132.5,7133.25
1776800040,7133,7133,7130.75,7132.5
1776800100,7132.75,7132.75,7125.75,7125.75
1776800160,7125.75,7128.75,7125.25,7126.75
1776800220,7126.75,7126.75,7123.5,7125.5
1776800280,7125.5,7125.75,7116.25,7119.75
1776800340,7119.75,7121.75,7118.25,7121.75
1776800400,7121.75,7122.5,7116.75,7120
1776800460,7120,7121.5,7109,7110.25
1776800520,7110,7111,7095.25,7098
1776800580,7097.75,7098.25,7089,7091.75
1776800640,7091.5,7091.5,7085,7090.75
1776800700,7090.5,7096.75,7089.75,7093.25
1776800760,7093.25,7096.25,7091.75,7096
1776800820,7096,7103.5,7096,7101.25
1776800880,7101.25,7102.75,7097,7098.25
1776800940,7098,7100.5,7095,7099.25
1776801000,7099,7107,7099,7099.75
1776801060,7099.75,7100,7095.75,7097.5
1776801120,7097.5,7097.5,7092.5,7094.75
1776801180,7094.75,7097.5,7093.5,7096.75
1776801240,7096.75,7099.5,7095.25,7096
1776801300,7096.25,7102,7093.5,7100.25
1776801360,7100.5,7101.25,7098.25,7099.5
1776801420,7099.75,7100,7095.75,7099.25
1776801480,7099,7101,7097.75,7100.25
1776801540,7100.25,7103.75,7097.5,7100.5
1776801600,7100.75,7101.75,7094.75,7095.25
1776801660,7095.25,7096,7093.5,7096
1776801720,7095.75,7096.5,7093.5,7094.75
1776801780,7095,7097.5,7094.25,7097.5
1776801840,7097.25,7097.75,7094,7094.75
1776801900,7094.5,7095.25,7092.75,7095
1776801960,7095,7095.25,7093,7093.25
1776802020,7093.5,7094,7091.75,7092.25
1776802080,7092,7094,7091.75,7093.75
1776802140,7094,7140,7093.5,7123.25
1776802200,7123.25,7130.25,7109.75,7129.5
1776802260,7129,7133,7123.5,7126.25
1776802320,7126.75,7137,7125,7130.5
1776802380,7130.5,7130.75,7125.75,7126.25
1776802440,7126,7128.75,7123.75,7124.75
1776802500,7125.25,7126,7121.5,7122.5
1776802560,7122.5,7128,7121.75,7127
1776802620,7127,7129.5,7125.5,7126
1776802680,7126,7126,7121.75,7122.75
1776802740,7122.5,7122.75,7120.75,7121.5
1776802800,7121.5,7126.25,7120.75,7124
1776802860,7124,7125,7122,7123
1776802920,7123.25,7127,7123.25,7126.75
1776802980,7126.75,7129.25,7126.75,7128.25
1776803040,7128.5,7130.25,7127.25,7128.75
1776803100,7128.5,7128.75,7126.5,7126.75
1776803160,7127,7127.25,7123.75,7124.5
1776803220,7124.5,7125,7124,7124.75
1776803280,7124.75,7125.25,7123.5,7123.75
1776803340,7123.75,7124,7121.5,7122.25
1776803400,7122,7122.5,7120,7121.5
1776803460,7121.25,7122.25,7120.25,7120.25
1776803520,7120.25,7121.75,7120,7121.5
1776803580,7121.5,7123.5,7121.5,7123
1776803640,7123.25,7124.75,7122.75,7124.5
1776803700,7124.5,7126.25,7123.75,7124.5
1776803760,7124.5,7125.5,7124.5,7124.5
1776803820,7124.75,7124.75,7123,7124.5
1776803880,7124.5,7124.5,7123.25,7123.5
1776803940,7123.5,7124.5,7123.5,7123.75
1776804000,7123.5,7123.5,7122.25,7122.5
1776804060,7122.5,7122.75,7120.75,7121.5
1776804120,7121.5,7122,7120.5,7121
1776804180,7121,7121,7120,7120.5
1776804240,7120.75,7121,7120,7120.75
1776804300,7121,7121.5,7120,7120.5
1776804360,7120.75,7120.75,7118.25,7118.5
1776804420,7118.75,7121,7118.25,7121
1776804480,7121,7122.75,7120.75,7122.75
1776804540,7122.75,7124,7122.5,7123.25
1776804600,7123.25,7124.25,7123,7123.5
1776804660,7123.75,7125.25,7123.75,7124.5
1776804720,7124.75,7126.5,7124.75,7126.25
1776804780,7126.5,7127.5,7126.25,7127
1776804840,7126.75,7128.5,7126.75,7128.25
1776804900,7128,7128.25,7125.75,7127.25
1776804960,7127.5,7127.75,7127,7127
1776805020,7127.25,7127.25,7125.75,7126.75
1776805080,7126.75,7127,7125.5,7125.75
1776805140,7125.75,7126,7121.75,7122.25
1776808800,7125,7128.25,7123.75,7127.75
1776808860,7127.75,7128,7124.5,7125.5
1776808920,7125,7126.75,7124.25,7126.5
1776808980,7126.75,7127.5,7126.25,7127
1776809040,7127.25,7127.75,7126.5,7127.25
1776809100,7127.5,7129.5,7127.25,7128
1776809160,7127.75,7127.75,7125.75,7126.75
1776809220,7127,7128.25,7125.75,7125.75
1776809280,7126,7127,7125.25,7126.75
1776809340,7127.25,7128.75,7127,7127.5
1776809400,7127.25,7128.25,7127,7128
1776809460,7128.25,7129,7128.25,7128.75
1776809520,7128.5,7129.25,7128.25,7129
1776809580,7129,7129.75,7128.75,7129.75
1776809640,7129.5,7130.5,7129,7129
1776809700,7128.75,7128.75,7127.5,7128
1776809760,7128,7129.75,7128,7129.75
1776809820,7129.5,7129.5,7128,7129.25
1776809880,7129.25,7129.25,7128.25,7128.5
1776809940,7128.5,7129,7128.5,7128.5
1776810000,7128.25,7128.25,7127.75,7127.75
1776810060,7128,7128.5,7128,7128.5
1776810120,7128.25,7128.5,7128,7128.25
1776810180,7128,7128,7126.5,7127.25
1776810240,7127.25,7127.75,7127,7127.5
1776810300,7127.5,7127.75,7126.75,7127.75
1776810360,7127.5,7127.5,7126.75,7127.25
1776810420,7127.25,7127.25,7126.5,7127
1776810480,7127,7127.5,7127,7127.25
1776810540,7127,7128,7127,7127.75
1776810600,7127.75,7128.75,7127.75,7128.75
1776810660,7128.5,7128.75,7125.75,7126
1776810720,7126.25,7126.75,7126,7126.25
1776810780,7126.25,7126.5,7126,7126.25
1776810840,7126.25,7127.25,7126.25,7127
1776810900,7127,7127.5,7127,7127.5
1776810960,7127.25,7128.25,7127.25,7128
1776811020,7128,7128,7127,7127
1776811080,7127.25,7127.75,7126.75,7127.75
1776811140,7127.75,7127.75,7127,7127
1776811200,7127,7127.5,7126.75,7127
1776811260,7127.25,7127.25,7127,7127
1776811320,7127,7127.25,7126.75,7127.25
1776811380,7127,7127.75,7127,7127.25
1776811440,7127.25,7127.25,7126.75,7126.75
1776811500,7126.5,7127.5,7126.5,7127.25
1776811560,7127.25,7127.5,7127,7127.25
1776811620,7127.25,7127.25,7127,7127.25
1776811680,7127.25,7127.5,7127,7127
1776811740,7127.25,7127.5,7126.5,7126.75
1776811800,7126.75,7127,7126.25,7126.75
1776811860,7127,7127,7125.25,7125.25
1776811920,7125,7125.75,7124.25,7124.5
1776811980,7124.75,7125.25,7121.25,7124.25
1776812040,7123.75,7125.25,7123.75,7125
1776812100,7125,7125.5,7124,7124
1776812160,7124.25,7125,7123.5,7124.75
1776812220,7125,7125,7123.25,7123.5
1776812280,7123.5,7123.5,7122.75,7123.5
1776812340,7123.5,7124.5,7123.5,7124.25
1776812400,7124.25,7124.25,7123,7123
1776812460,7123.25,7126.75,7123.25,7126.5
1776812520,7126.25,7127.75,7126,7127.5
1776812580,7127.25,7127.5,7126.25,7126.5
1776812640,7126.5,7127.25,7126.5,7126.5
1776812700,7126.75,7127.75,7126.75,7127.25
1776812760,7127.25,7127.5,7127.25,7127.5
1776812820,7127.5,7127.5,7126.75,7127
1776812880,7127.25,7127.25,7126.75,7127
1776812940,7127,7127.25,7126.75,7127
1776813000,7126.75,7126.75,7126.25,7126.75
1776813060,7126.75,7127.25,7126.75,7127.25
1776813120,7127.25,7127.75,7127.25,7127.25
1776813180,7127.5,7127.5,7126.5,7126.5
1776813240,7126.75,7126.75,7126.5,7126.75
1776813300,7126.5,7126.75,7126,7126.25
1776813360,7126.25,7126.5,7126,7126.25
1776813420,7126.25,7126.25,7126,7126
1776813480,7126.25,7127.75,7126.25,7127.75
1776813540,7127.75,7128,7127.75,7127.75
1776813600,7127.75,7127.75,7125.25,7125.25
1776813660,7125.25,7125.75,7125,7125.25
1776813720,7125.5,7126,7125.5,7126
1776813780,7126,7126.75,7125.75,7125.75
1776813840,7126,7126.25,7125.25,7125.5
1776813900,7125.75,7125.75,7125.5,7125.75
1776813960,7125.75,7125.75,7125.25,7125.25
1776814020,7125.5,7125.5,7125.5,7125.5
1776814080,7125.5,7126,7125.25,7125.75
1776814140,7126,7126.5,7125.75,7126
1776814200,7126.25,7127.25,7125,7125
1776814260,7125.25,7125.25,7124.25,7125
1776814320,7125,7125.25,7125,7125.25
1776814380,7125.5,7125.75,7125.25,7125.75
1776814440,7125.75,7126.25,7125.5,7126.25
1776814500,7126.25,7126.5,7124.5,7125.75
1776814560,7126,7126.5,7125.75,7126.5
1776814620,7126.5,7127,7126.5,7127
1776814680,7127,7128,7127,7127.75
1776814740,7127.5,7127.5,7127,7127.25
1776814800,7127,7128,7127,7127.75
1776814860,7127.75,7128.25,7127.75,7127.75
1776814920,7127.75,7128.25,7127.25,7127.75
1776814980,7127.75,7128.5,7127.75,7128.25
1776815040,7128.25,7129.5,7128.25,7129
1776815100,7129,7130.25,7128.75,7130
1776815160,7130.25,7130.5,7129.25,7129.75
1776815220,7130.25,7130.5,7130,7130
1776815280,7130.25,7130.5,7130,7130.25
1776815340,7130,7130.5,7129.75,7130.5
1776815400,7130.5,7131,7130.25,7130.75
1776815460,7130.75,7131.25,7130.75,7130.75
1776815520,7131,7131,7130,7130
1776815580,7130.25,7130.25,7130,7130
1776815640,7130,7130.75,7129.75,7130.75
1776815700,7130.5,7130.75,7130,7130
1776815760,7130,7130.25,7129.75,7130
1776815820,7130,7130.75,7130,7130.5
1776815880,7130.5,7131.25,7130.25,7131
1776815940,7130.75,7131.25,7130.5,7131
1776816000,7131.25,7133.75,7131.25,7133
1776816060,7133.5,7133.75,7131.5,7133.25
1776816120,7133,7134,7132.5,7132.75
1776816180,7132.75,7133.5,7132.75,7133.25
1776816240,7133.25,7133.5,7132,7132.75
1776816300,7132.75,7133,7132,7132
1776816360,7131.75,7133.25,7131.5,7132.5
1776816420,7132.75,7133.25,7132.5,7132.75
1776816480,7133,7134.25,7132.5,7134
1776816540,7134,7135.5,7133.5,7135
1776816600,7135,7137.25,7134.75,7136
1776816660,7136,7137.75,7135.25,7137.5
1776816720,7137.75,7138,7136.75,7137
1776816780,7137,7137,7136,7137
1776816840,7136.75,7137.5,7136.25,7136.25
1776816900,7136.5,7137,7134.25,7136.5
1776816960,7136.25,7136.25,7135.5,7136
1776817020,7136.25,7138,7136.25,7137.25
1776817080,7137.5,7138.75,7137,7138.5
1776817140,7138.5,7138.75,7137.5,7137.5
1776817200,7137.5,7138,7137.25,7137.5
1776817260,7137.25,7138,7137.25,7137.75
1776817320,7138,7140,7138,7139
1776817380,7138.75,7138.75,7138.25,7138.5
1776817440,7138.25,7138.25,7137.75,7138
1776817500,7138,7138,7137.5,7137.75
1776817560,7137.75,7138.5,7137.75,7138.25
1776817620,7138.25,7138.25,7137.25,7137.25
1776817680,7137.25,7137.25,7136,7136
1776817740,7136,7136.5,7136,7136.5
1776817800,7136.25,7137.5,7136,7137.5
1776817860,7137.75,7138.5,7137.25,7138.25
1776817920,7138.25,7138.75,7138,7138.5
1776817980,7138.5,7138.5,7137.25,7137.75
1776818040,7137.5,7138,7137,7137.5
1776818100,7137.25,7137.5,7137,7137.25
1776818160,7137.25,7137.75,7137,7137.5
1776818220,7137.25,7138.75,7137.25,7138.25
1776818280,7138.25,7138.25,7137.5,7137.5
1776818340,7137.5,7137.75,7137.25,7137.75
1776818400,7137.75,7137.75,7137.25,7137.25
1776818460,7137,7137.75,7136.75,7137.75
1776818520,7137.5,7137.75,7136.75,7137
1776818580,7137,7137.5,7136.75,7137.5
1776818640,7137.5,7137.75,7137.25,7137.25
1776818700,7137,7137.25,7136.25,7136.5
1776818760,7136.5,7136.5,7135.25,7136.5
1776818820,7136.5,7136.5,7135.75,7135.75
1776818880,7136,7136,7135.25,7135.5
1776818940,7135.5,7136,7134.75,7135
1776819000,7135,7135.25,7134,7134.25
1776819060,7134,7135.5,7133.5,7135.5
1776819120,7135.5,7135.5,7135,7135.25
1776819180,7135.25,7135.75,7135.25,7135.5
1776819240,7135.25,7135.5,7134.25,7135.5
1776819300,7135.25,7135.25,7134.75,7135
1776819360,7135,7135.75,7135,7135.5
1776819420,7135.5,7135.5,7135,7135.5
1776819480,7135.5,7135.5,7134.25,7134.5
1776819540,7134.5,7134.75,7134,7134.5
1776819600,7134.5,7135.25,7134.25,7134.75
1776819660,7134.75,7136.5,7134.25,7136
1776819720,7135.75,7137,7135.75,7137
1776819780,7136.75,7137.5,7136,7137.25
1776819840,7137.25,7138,7136.75,7137
1776819900,7137,7137.25,7136.25,7137
1776819960,7136.75,7137.5,7136.25,7136.75
1776820020,7136.75,7137,7136,7136
1776820080,7136,7136.25,7135.5,7136
1776820140,7136,7136.75,7135.5,7136.75
1776820200,7137,7138,7136.75,7136.75
1776820260,7136.5,7136.5,7135.75,7136.25
1776820320,7136.5,7137.25,7136.5,7136.75
1776820380,7136.5,7137,7136.25,7136.5
1776820440,7136.25,7136.5,7136,7136
1776820500,7136,7136.5,7135.5,7135.75
1776820560,7135.75,7136.25,7135.5,7136.25
1776820620,7136.25,7136.5,7136,7136
1776820680,7135.75,7136,7135.25,7135.25
1776820740,7135.25,7135.25,7134.25,7134.5
1776820800,7134.5,7135,7134.5,7134.75
1776820860,7134.75,7135,7134.25,7134.75
1776820920,7134.75,7136.25,7134.5,7135.5
1776820980,7136,7136.75,7136,7136.5
1776821040,7136.25,7136.5,7135.25,7135.25
1776821100,7136,7136.5,7135.75,7136.25
1776821160,7136.25,7136.5,7136,7136.5
1776821220,7136.25,7136.5,7136,7136.5
1776821280,7136.25,7136.25,7135,7135.5
1776821340,7135.25,7136.25,7135,7135.75
1776821400,7135.75,7136.25,7135.25,7136.25
1776821460,7136,7136.75,7135.75,7136.5
1776821520,7136.5,7136.5,7136,7136
1776821580,7136,7136.5,7136,7136
1776821640,7136,7136.5,7135.75,7136
1776821700,7136.25,7137.25,7136.25,7137
1776821760,7137,7139,7137,7139
1776821820,7139,7142,7138.75,7140.75
1776821880,7140.75,7140.75,7140.25,7140.5
1776821940,7140.5,7141.5,7140.25,7141
1776822000,7140.75,7141.5,7140.5,7141
1776822060,7141,7141.5,7139.75,7140
1776822120,7140,7140.5,7139.5,7140.25
1776822180,7140.25,7140.25,7138,7138.25
1776822240,7138,7140,7138,7138.75
1776822300,7138.75,7139,7138.5,7138.5
1776822360,7138.5,7138.5,7136.75,7137.75
1776822420,7137.75,7138.25,7137.25,7137.5
1776822480,7137.5,7138.5,7137.5,7138.5
1776822540,7138.25,7139.25,7138.25,7138.75
1776822600,7139,7139.75,7138.75,7139.5
1776822660,7139.75,7140,7139,7139.25
1776822720,7139.5,7140.25,7139.25,7139.75
1776822780,7139.5,7140,7139.25,7139.5
1776822840,7139.75,7140.25,7139.5,7139.5
1776822900,7139.25,7139.25,7138.25,7138.5
1776822960,7138.5,7139.5,7138.5,7139.25
1776823020,7139,7139.75,7139,7139.25
1776823080,7139,7140,7139,7139.5
1776823140,7139.5,7140,7139.5,7139.75
1776823200,7139.75,7140.5,7139.75,7140.25
1776823260,7140.25,7141.75,7140.25,7141.5
1776823320,7141.5,7141.75,7140.5,7140.5
1776823380,7140.5,7140.5,7139.5,7140
1776823440,7140,7140.25,7139.5,7139.75
1776823500,7139.75,7139.75,7139,7139.5
1776823560,7139.5,7140.5,7139.25,7140.5
1776823620,7140.75,7141.25,7140,7140.25
1776823680,7140.25,7140.75,7140,7140.5
1776823740,7140.25,7141,7140.25,7140.75
1776823800,7140.5,7141.5,7140.5,7141
1776823860,7141.25,7142.25,7141,7141.5
1776823920,7141.75,7141.75,7141.25,7141.5
1776823980,7141.5,7142,7141.5,7141.5
1776824040,7141.5,7142,7141.25,7141.5
1776824100,7142,7142,7141,7141
1776824160,7141,7142,7141,7141.75
1776824220,7141.75,7141.75,7141.25,7141.75
1776824280,7141.75,7142,7141.25,7142
1776824340,7141.75,7142.5,7141.75,7141.75
1776824400,7142,7142.5,7141.75,7142.25
1776824460,7142.25,7142.75,7142,7142.25
1776824520,7142.5,7142.5,7141.5,7142
1776824580,7142,7142,7141.5,7142
1776824640,7142,7142,7140.75,7140.75
1776824700,7140.75,7141,7140,7140.75
1776824760,7141,7141,7140.75,7140.75
1776824820,7140.75,7141.5,7140.75,7141.25
1776824880,7141.25,7141.75,7141.25,7141.5
1776824940,7141.25,7143,7141.25,7142.25
1776825000,7142.25,7143,7142.25,7142.75
1776825060,7142.5,7142.75,7142,7142
1776825120,7142,7142.25,7141.5,7141.5
1776825180,7141.5,7141.5,7140.5,7141
1776825240,7141.25,7141.25,7141,7141.25
1776825300,7141.25,7141.5,7141,7141.25
1776825360,7141.25,7142,7141.25,7141.75
1776825420,7142,7142.5,7141.5,7141.75
1776825480,7141.5,7141.5,7140.5,7141.25
1776825540,7141,7141,7140.5,7141
1776825600,7140.75,7141,7140.5,7140.5
1776825660,7140.5,7141,7140.5,7140.5
1776825720,7140.5,7140.75,7140.25,7140.75
1776825780,7140.75,7141,7140.25,7140.25
1776825840,7140,7140,7139.75,7140
1776825900,7140,7140.25,7139.75,7140
1776825960,7139.75,7140.75,7139.5,7140.5
1776826020,7140.5,7140.5,7140,7140.5
1776826080,7140.75,7140.75,7139.75,7140
1776826140,7139.75,7140,7139.5,7139.75
1776826200,7139.5,7139.75,7139.5,7139.75
1776826260,7139.75,7140,7139.5,7139.5
1776826320,7139.5,7139.5,7139.25,7139.5
1776826380,7139.5,7140,7139.5,7139.75
1776826440,7139.75,7140.25,7139.75,7140
1776826500,7140.25,7140.5,7140,7140.25
1776826560,7140,7140,7139.75,7139.75
1776826620,7139.75,7140.5,7139.75,7139.75
1776826680,7139.75,7139.75,7139.5,7139.5
1776826740,7139.75,7140,7139.75,7139.75
1776826800,7139.75,7139.75,7138.75,7139
1776826860,7139,7139,7138.5,7138.75
1776826920,7138.75,7139,7138.75,7139
1776826980,7139.25,7140.25,7139,7140
1776827040,7140,7140.75,7140,7140.25
1776827100,7140.75,7141.25,7140.5,7140.5
1776827160,7140.5,7141.5,7140.5,7141.25
1776827220,7141.25,7141.5,7141,7141.25
1776827280,7141,7141,7140.25,7140.5
1776827340,7140.5,7140.5,7140,7140.25
1776827400,7140,7140.25,7139.75,7140
1776827460,7139.75,7140,7139.5,7139.5
1776827520,7139.5,7139.75,7139.5,7139.5
1776827580,7139.5,7139.75,7139.25,7139.25
1776827640,7139.25,7139.25,7137.75,7137.75
1776827700,7137.75,7137.75,7137.25,7137.75
1776827760,7137.75,7138.5,7137.75,7138.5
1776827820,7138,7138,7137.75,7137.75
1776827880,7138,7138.25,7137.75,7138
1776827940,7137.75,7138,7137.5,7137.5
1776828000,7137.5,7137.5,7136.75,7137.5
1776828060,7137.5,7138,7137.25,7137.5
1776828120,7137.5,7137.75,7137.25,7137.25
1776828180,7137.5,7137.75,7137.5,7137.5
1776828240,7137.75,7138.25,7137.5,7137.75
1776828300,7137.75,7138,7137.5,7138
1776828360,7138,7138.25,7138,7138.25
1776828420,7138,7138.25,7137.75,7138
1776828480,7138,7138.25,7137.75,7138.25
1776828540,7138.5,7138.5,7137.75,7138
1776828600,7138,7139.75,7138,7139.5
1776828660,7139.5,7140,7139,7139.75
1776828720,7139.5,7140.25,7139.5,7140.25
1776828780,7140.25,7140.25,7139.75,7139.75
1776828840,7139.75,7139.75,7139.25,7139.25
1776828900,7139.25,7139.25,7138.25,7139
1776828960,7139.25,7139.5,7139.25,7139.5
1776829020,7139.25,7139.25,7137.75,7138
1776829080,7138,7138.25,7136.75,7137.25
1776829140,7137.25,7137.75,7137,7137
1776829200,7137,7137,7136.25,7136.25
1776829260,7136.25,7137,7135.5,7137
1776829320,7136.5,7136.75,7136.25,7136.75
1776829380,7136.5,7137.25,7136.5,7137.25
1776829440,7137.5,7137.75,7137.25,7137.5
1776829500,7137.5,7138,7137.25,7137.75
1776829560,7137.25,7137.5,7137.25,7137.5
1776829620,7137.5,7137.5,7137.25,7137.5
1776829680,7137.75,7138,7137.75,7137.75
1776829740,7137.75,7137.75,7137.25,7137.5
1776829800,7137.25,7137.5,7137.25,7137.5
1776829860,7137.5,7138,7137.5,7137.5
1776829920,7137.25,7137.5,7136.5,7137
1776829980,7137,7137.25,7136.5,7136.5
1776830040,7136.5,7136.5,7136.25,7136.5
1776830100,7136.75,7136.75,7135.5,7135.5
1776830160,7135.75,7136.25,7135.5,7136.25
1776830220,7136.25,7137,7136.25,7136.75
1776830280,7136.75,7136.75,7136.75,7136.75
1776830340,7136.5,7136.75,7135.75,7135.75
1776830400,7136,7136.25,7136,7136.25
1776830460,7136.25,7136.25,7136,7136.25
1776830520,7136.5,7136.75,7136.5,7136.75
1776830580,7136.75,7136.75,7136.5,7136.75
1776830640,7136.75,7137.25,7136.75,7137.25
1776830700,7137,7137,7136.75,7136.75
1776830760,7136.75,7137,7136.5,7136.75
1776830820,7136.75,7137,7136.5,7136.75
1776830880,7136.75,7137,7136.75,7136.75
1776830940,7137,7137,7137,7137
1776831000,7137,7137.5,7136.75,7137.5
1776831060,7137.75,7138,7137.5,7137.5
1776831120,7137.25,7137.5,7137.25,7137.25
1776831180,7137.25,7137.5,7134.25,7136
1776831240,7136.25,7137.75,7136.25,7137.25
1776831300,7137.25,7137.75,7137.25,7137.25
1776831360,7137.5,7137.5,7136.5,7136.75
1776831420,7137,7137,7136,7136
1776831480,7135.75,7136,7135,7135.75
1776831540,7136,7136.5,7135.5,7135.5
1776831600,7135.5,7135.5,7134.25,7135
1776831660,7135,7135,7134.25,7135
1776831720,7135,7135.25,7135,7135
1776831780,7135.25,7135.5,7135,7135
1776831840,7135.25,7135.5,7134.75,7134.75
1776831900,7134.5,7135,7134,7134.5
1776831960,7134.75,7135,7134.75,7135
1776832020,7134.75,7134.75,7134.5,7134.5
1776832080,7134.5,7134.75,7134.5,7134.5
1776832140,7134.25,7134.5,7134,7134
1776832200,7134,7134,7132,7133.25
1776832260,7133,7133.75,7133,7133.5
1776832320,7133.75,7134,7133.75,7133.75
1776832380,7133.75,7134.25,7133.75,7133.75
1776832440,7134,7134,7133.25,7133.25
1776832500,7133.25,7133.75,7133.25,7133.75
1776832560,7133.75,7134.5,7133.75,7134.25
1776832620,7134,7134.25,7133.75,7134
1776832680,7134,7134,7133.5,7133.5
1776832740,7133.75,7133.75,7133.5,7133.5
1776832800,7133.75,7134,7133.5,7134
1776832860,7133.75,7134.5,7133.75,7134
1776832920,7134,7134.5,7134,7134.25
1776832980,7134,7134,7133.5,7133.5
1776833040,7133.5,7134,7133,7134
1776833100,7133.75,7134.5,7133.75,7134.25
1776833160,7134,7134.5,7133.75,7134.25
1776833220,7134,7134.5,7134,7134.25
1776833280,7134.5,7134.75,7134.25,7134.75
1776833340,7135,7135,7134.5,7134.5
1776833400,7134.75,7134.75,7133.25,7133.5
1776833460,7133.5,7133.5,7133,7133.25
1776833520,7133.25,7133.25,7132.25,7132.75
1776833580,7132.75,7132.75,7131,7131.75
1776833640,7131.75,7131.75,7131,7131
1776833700,7131,7131.25,7129.75,7130
1776833760,7130.25,7130.75,7130,7130
1776833820,7129.75,7130.25,7129.5,7130.25
1776833880,7130.25,7130.25,7130,7130
1776833940,7130.25,7130.5,7130,7130.25
1776834000,7130.25,7130.5,7128.5,7130.5
1776834060,7130.25,7131.5,7130.25,7131.25
1776834120,7131,7131.25,7130.75,7131.25
1776834180,7131.25,7131.75,7131,7131
1776834240,7131.25,7131.25,7130.75,7130.75
1776834300,7131,7131.25,7130,7130.25
1776834360,7130.25,7131.25,7130.25,7131.25
1776834420,7131,7131.75,7130.5,7131.5
1776834480,7131.75,7132.75,7131.75,7132.75
1776834540,7132.75,7133.25,7132.75,7132.75
1776834600,7132.75,7133.5,7132.75,7133
1776834660,7132.75,7133.25,7132.75,7133
1776834720,7133,7134.25,7133,7134.25
1776834780,7134.25,7134.5,7133.75,7133.75
1776834840,7133.75,7133.75,7133.5,7133.5
1776834900,7133.5,7133.75,7133.5,7133.5
1776834960,7133.5,7147.25,7133.5,7139.75
1776835020,7140,7140.5,7137.25,7138.5
1776835080,7138.5,7142,7137.75,7141.25
1776835140,7141.25,7142.5,7140.5,7141.75
1776835200,7142,7145,7141.5,7143.75
1776835260,7143.75,7145.25,7141.75,7144.25
1776835320,7144.25,7145,7143.5,7144.25
1776835380,7144.25,7144.5,7143.5,7144.5
1776835440,7144.5,7145.5,7143.75,7144.75
1776835500,7144.75,7147.5,7144.5,7144.5
1776835560,7144.5,7144.5,7141,7142.5
1776835620,7142.5,7142.5,7141,7141.25
1776835680,7141.25,7141.25,7140.25,7141.25
1776835740,7141.25,7141.25,7140,7140.5
1776835800,7140.5,7141.5,7139.75,7140
1776835860,7140.5,7140.75,7139.75,7140.5
1776835920,7140.25,7141.5,7140.25,7140.75
1776835980,7141,7142,7140.75,7141.75
1776836040,7142,7142.75,7141.75,7142.25
1776836100,7142.25,7142.75,7141.75,7142.5
1776836160,7142.25,7142.75,7141.75,7142.75
1776836220,7142.5,7143,7142.5,7142.75
1776836280,7142.75,7143,7142.25,7142.25
1776836340,7142,7142.5,7140.75,7140.75
1776836400,7140.75,7140.75,7140,7140.75
1776836460,7140.75,7141,7140.5,7140.75
1776836520,7140.75,7141.75,7140.75,7141.5
1776836580,7141.75,7143,7141.75,7143
1776836640,7143,7143.75,7143,7143
1776836700,7142.75,7143,7142.25,7142.75
1776836760,7142.5,7143.75,7142.5,7143
1776836820,7143,7143.5,7142.75,7142.75
1776836880,7142.75,7142.75,7141.5,7141.5
1776836940,7142,7142,7141,7141
1776837000,7140.75,7141.5,7140.75,7141.25
1776837060,7141.5,7142.5,7141.25,7142.25
1776837120,7142.25,7143.25,7142.25,7142.25
1776837180,7142,7142,7141.5,7142
1776837240,7142,7142,7141.75,7141.75
1776837300,7141.75,7141.75,7141.5,7141.5
1776837360,7141.5,7142,7141.25,7141.5
1776837420,7141.5,7141.5,7141,7141.25
1776837480,7141.25,7141.5,7141,7141.25
1776837540,7141.25,7141.25,7141,7141
1776837600,7141,7141.25,7137.75,7138.75
1776837660,7139,7139.5,7138.25,7139.25
1776837720,7138.75,7140,7138.75,7139.75
1776837780,7139.75,7140.5,7139.5,7139.5
1776837840,7139.25,7139.25,7138.5,7139
1776837900,7138.75,7139.75,7138.75,7139.75
1776837960,7140,7140,7138.5,7138.5
1776838020,7138.5,7138.75,7137.25,7137.25
1776838080,7137.5,7137.75,7137,7137.25
1776838140,7137,7137.25,7135.5,7136.25
1776838200,7136.25,7136.75,7136,7136.25
1776838260,7136.25,7137,7136.25,7136.25
1776838320,7136.25,7136.75,7135.75,7135.75
1776838380,7135.75,7135.75,7135.25,7135.75
1776838440,7135.5,7136,7134.75,7135.75
1776838500,7135.5,7136.25,7135.5,7136.25
1776838560,7136.25,7136.75,7134.75,7135.75
1776838620,7135.75,7135.75,7134,7134
1776838680,7134,7135.25,7134,7135.25
1776838740,7135.25,7136,7135,7135.75
1776838800,7135.75,7135.75,7135.25,7135.75
1776838860,7135.5,7136,7134.75,7136
1776838920,7136,7136.25,7135.25,7135.5
1776838980,7135.5,7135.5,7135,7135.5
1776839040,7135.75,7136,7135.5,7136
1776839100,7136,7136.5,7136,7136
1776839160,7136,7137.75,7136,7137.75
1776839220,7137.75,7138,7137.25,7137.5
1776839280,7137.25,7138.25,7137,7137.25
1776839340,7137.25,7138.25,7137.25,7138
1776839400,7138,7142.75,7138,7141.5
1776839460,7141.5,7141.75,7140.5,7141
1776839520,7140.75,7141,7140.25,7140.75
1776839580,7140.75,7141.75,7140.75,7141.5
1776839640,7141.5,7142.75,7141.5,7142
1776839700,7141.75,7143.5,7141.5,7143
1776839760,7143,7143.75,7142.75,7143
1776839820,7143.25,7143.75,7142.25,7142.75
1776839880,7142.75,7143.5,7142.5,7143.25
1776839940,7143.25,7143.25,7142,7142.5
1776840000,7142.25,7142.5,7141.5,7142.5
1776840060,7142.25,7143.25,7142.25,7143.25
1776840120,7143,7143.25,7142.5,7142.5
1776840180,7142.5,7142.75,7142,7142.75
1776840240,7142.5,7142.5,7141.25,7141.5
1776840300,7141.25,7142.25,7140.75,7141.75
1776840360,7141.75,7143,7141.5,7142.75
1776840420,7142.75,7143,7142.5,7142.75
1776840480,7142.5,7143.5,7142.5,7143.25
1776840540,7143.25,7143.25,7142.75,7142.75
1776840600,7142.5,7143.25,7142.5,7143.25
1776840660,7143,7143.5,7143,7143.25
1776840720,7143,7143.25,7142.25,7142.5
1776840780,7142.5,7142.5,7141,7141
1776840840,7141,7141.25,7140.5,7140.5
1776840900,7140.5,7141,7140.5,7140.5
1776840960,7140.5,7141.25,7140.5,7140.5
1776841020,7140.5,7140.75,7140.25,7140.75
1776841080,7140.75,7141.5,7140.75,7141.5
1776841140,7141.75,7142,7141.25,7142
1776841200,7142,7144.25,7141.25,7143.5
1776841260,7143.75,7144.5,7142,7142.5
1776841320,7142.5,7143,7141.25,7142.75
1776841380,7142.75,7143.75,7142.5,7143.5
1776841440,7143.25,7143.25,7142.75,7143.25
1776841500,7143.25,7144.25,7143,7144
1776841560,7143.75,7144,7143.75,7144
1776841620,7144,7144,7142.5,7143
1776841680,7143.25,7145,7143.25,7144.75
1776841740,7144.5,7145.25,7144.5,7145
1776841800,7144.75,7145.25,7144,7144
1776841860,7144.25,7145.25,7144,7144.25
1776841920,7144.5,7145,7144,7144.5
1776841980,7144.25,7144.25,7143,7144
1776842040,7144,7144.75,7143.75,7144.25
1776842100,7144,7144,7142,7142.5
1776842160,7142.25,7142.25,7140.5,7141.5
1776842220,7141.5,7141.5,7139.5,7140.25
1776842280,7140,7140.5,7139.5,7140.25
1776842340,7140.25,7140.75,7139.75,7140.75
1776842400,7140.75,7140.75,7140.25,7140.25
1776842460,7140.5,7142.25,7140.5,7141.5
1776842520,7141.5,7144,7141.5,7142.5
1776842580,7142.75,7142.75,7141.5,7142.25
1776842640,7142.25,7143.25,7142,7143.25
1776842700,7143.25,7144.25,7143,7144
1776842760,7144,7144,7143.25,7143.25
1776842820,7143.5,7145,7143,7144.5
1776842880,7144.25,7144.5,7144.25,7144.25
1776842940,7144.5,7145.25,7144.5,7144.75
1776843000,7144.75,7145,7144.25,7145
1776843060,7145,7145,7144,7144.75
1776843120,7144.75,7145.5,7144.75,7145
1776843180,7145,7145,7144.25,7144.75
1776843240,7144.5,7144.75,7144,7144.5
1776843300,7144.75,7146,7144.75,7145
1776843360,7145.25,7145.25,7144.5,7144.5
1776843420,7144.5,7145,7143.75,7144
1776843480,7144,7144.75,7144,7144.5
1776843540,7144.75,7145,7143.75,7143.75
1776843600,7143.5,7143.75,7142.25,7142.75
1776843660,7142.5,7143.75,7142.25,7143
1776843720,7142.75,7143,7141.5,7141.5
1776843780,7141.75,7146.5,7141.75,7146.25
1776843840,7146,7146.75,7145.75,7146.5
1776843900,7146.25,7147,7144.75,7144.75
1776843960,7145,7145.5,7143.75,7145.25
1776844020,7145.25,7147,7145.25,7146.25
1776844080,7146,7147,7145.75,7146.25
1776844140,7146.25,7146.25,7143.5,7144
1776844200,7144,7145,7143.75,7143.75
1776844260,7144,7144.5,7144,7144.25
1776844320,7144.25,7144.25,7142.75,7143
1776844380,7143,7143.25,7142,7143
1776844440,7142.75,7143.25,7142.5,7142.75
1776844500,7143,7143.75,7143,7143.25
1776844560,7143.25,7144.5,7143.25,7143.75
1776844620,7143.75,7144.25,7143.5,7144
1776844680,7144,7144.25,7143,7143
1776844740,7143.25,7143.5,7142.25,7142.25
1776844800,7142.5,7144,7142.25,7143.75
1776844860,7143.75,7143.75,7141.5,7142.75
1776844920,7143,7143,7141,7141.5
1776844980,7141.75,7142,7141.5,7141.5
1776845040,7141.25,7141.25,7140.25,7140.5
1776845100,7140.5,7141.75,7140.5,7141.5
1776845160,7141.25,7141.25,7140,7141.25
1776845220,7141.5,7142.25,7141,7141.5
1776845280,7141.25,7141.25,7139.5,7140.25
1776845340,7139.75,7140.25,7139,7139.25
1776845400,7139.25,7142.25,7139.25,7141.25
1776845460,7141.25,7142,7141.25,7141.25
1776845520,7141.25,7141.25,7140.25,7140.5
1776845580,7140.5,7140.75,7140,7140
1776845640,7140,7140.75,7139.75,7140.25
1776845700,7140.25,7140.25,7139,7139
1776845760,7139.25,7139.5,7137.25,7138.75
1776845820,7138.75,7139,7138.25,7138.5
1776845880,7138.5,7139.75,7138.25,7139.25
1776845940,7139.25,7139.25,7138,7138
1776846000,7138,7138,7137.25,7137.5
1776846060,7137.25,7137.75,7136.75,7137
1776846120,7136.75,7136.75,7135.5,7136.5
1776846180,7136.5,7138,7134.5,7135.25
1776846240,7135,7136.5,7134.5,7135.75
1776846300,7135.5,7137.5,7135.5,7137.25
1776846360,7137.25,7138,7137.25,7137.25
1776846420,7137.5,7138.75,7137.5,7138.25
1776846480,7138.5,7138.5,7136.5,7136.75
1776846540,7136.75,7137,7134.75,7135.25
1776846600,7135.5,7137.25,7135,7137.25
1776846660,7137,7137,7136,7137
1776846720,7137.25,7137.25,7135.75,7135.75
1776846780,7135.75,7135.75,7131.5,7132
1776846840,7132,7132.25,7130.25,7131.25
1776846900,7131,7133.25,7131,7132.25
1776846960,7132.25,7132.25,7130.25,7130.75
1776847020,7130.75,7131.5,7130.25,7131.5
1776847080,7131.25,7131.75,7130,7130.5
1776847140,7130.5,7131.25,7130.25,7130.75
1776847200,7130.5,7132,7130,7131.75
1776847260,7131.75,7133,7131.75,7132.5
1776847320,7132.75,7134.25,7132.5,7134
1776847380,7134,7135,7134,7135
1776847440,7135,7136,7134.25,7135
1776847500,7135.25,7135.75,7134,7134.25
1776847560,7134.25,7135.5,7134,7135
1776847620,7134.75,7134.75,7133.5,7134
1776847680,7133.75,7134.75,7132.75,7134.5
1776847740,7134.75,7135.5,7134.5,7135
1776847800,7135,7135.25,7134.75,7134.75
1776847860,7134.75,7137.25,7134.25,7136.75
1776847920,7136.75,7137.25,7136.5,7136.75
1776847980,7137,7137.75,7137,7137.5
1776848040,7137.25,7137.75,7136.75,7137.5
1776848100,7137.75,7138.25,7137.5,7138
1776848160,7138,7138.25,7137,7137.25
1776848220,7137.5,7138,7137.25,7137.75
1776848280,7137.75,7138.25,7137,7137.5
1776848340,7137.75,7139.25,7137.75,7138.5
1776848400,7138.5,7145.5,7137.5,7140
1776848460,7139.75,7142.75,7139.5,7141.25
1776848520,7141.25,7141.5,7139.5,7140.5
1776848580,7140.25,7141.75,7140,7140.75
1776848640,7140.75,7141.5,7140.25,7141.25
1776848700,7141,7143,7141,7143
1776848760,7142.75,7144.75,7142,7143.5
1776848820,7143.5,7144.25,7143.25,7144
1776848880,7144,7145,7142.25,7143
1776848940,7143.25,7143.5,7142.5,7143
1776849000,7143,7143.5,7142,7142
1776849060,7142.25,7142.75,7142,7142.5
1776849120,7142.25,7144,7142.25,7143.5
1776849180,7143.5,7144.5,7143.25,7144
1776849240,7144,7144.25,7143,7144.25
1776849300,7144.25,7144.5,7143.75,7144.25
1776849360,7144.25,7144.25,7143.25,7144.25
1776849420,7144.25,7145,7143.75,7144.75
1776849480,7144.75,7145,7144,7144
1776849540,7143.75,7143.75,7143,7143.25
1776849600,7143,7143.5,7142.25,7143.25
1776849660,7143.25,7145,7143.25,7144.75
1776849720,7144.75,7146.5,7144.75,7145.75
1776849780,7145.75,7146.5,7145,7146
1776849840,7145.75,7146.25,7145.5,7145.75
1776849900,7145.75,7146.25,7145.25,7146
1776849960,7146,7146.5,7145.5,7145.75
1776850020,7145.5,7146,7145,7145.75
1776850080,7145.75,7146.5,7145.75,7146.25
1776850140,7146.25,7146.25,7145.5,7145.5
1776850200,7145.5,7146,7144.75,7144.75
1776850260,7144.75,7145,7143.5,7144.5
1776850320,7145,7145.5,7145,7145.25
1776850380,7145.5,7145.5,7144.75,7145
1776850440,7145,7145.25,7144.5,7144.75
1776850500,7144.75,7145.25,7144.75,7145.25
1776850560,7145,7145.25,7144.75,7144.75
1776850620,7144.75,7145,7144.25,7144.75
1776850680,7144.5,7144.75,7143.75,7144.75
1776850740,7144.75,7145.25,7144.5,7144.5
1776850800,7144.5,7145.25,7144.5,7144.75
1776850860,7145,7146,7145,7145.75
1776850920,7145.75,7146.5,7145.5,7145.5
1776850980,7145.5,7145.75,7144.75,7145.75
1776851040,7145.5,7146.25,7145.25,7146.25
1776851100,7146,7146.25,7145.5,7146
1776851160,7146,7146.5,7145.5,7145.5
1776851220,7145.75,7145.75,7145.5,7145.75
1776851280,7145.75,7146,7145.25,7145.5
1776851340,7145.25,7145.5,7144,7144.5
1776851400,7144.5,7145.25,7143.25,7143.25
1776851460,7143.25,7144.5,7143.25,7144.25
1776851520,7144.5,7144.5,7142.5,7142.5
1776851580,7142.25,7142.5,7139.75,7140
1776851640,7139.75,7139.75,7137.75,7138.75
1776851700,7138.75,7139.25,7134,7135.75
1776851760,7135.75,7136.25,7134.25,7136.25
1776851820,7136.5,7138,7136.25,7138
1776851880,7138,7139.25,7137.75,7138.5
1776851940,7138.75,7139.5,7138.25,7138.25
1776852000,7138.5,7140.75,7138,7140.75
1776852060,7140.75,7141.5,7139.5,7140.25
1776852120,7140,7140.25,7136.75,7137
1776852180,7137.25,7137.25,7134.75,7136.5
1776852240,7136.5,7136.75,7136,7136.5
1776852300,7136.5,7138,7136.25,7138
1776852360,7138,7138.75,7138,7138.75
1776852420,7139,7140,7139,7139.25
1776852480,7139,7139.5,7138,7138.75
1776852540,7138.75,7139,7135,7136.5
1776852600,7136.75,7138,7136.25,7137.75
1776852660,7138.25,7138.75,7137.75,7138.25
1776852720,7138.25,7138.25,7133.25,7134.25
1776852780,7134.25,7135.5,7132.75,7134.75
1776852840,7134.75,7135.75,7134.75,7135.25
1776852900,7135.25,7136.25,7135.25,7136.25
1776852960,7136.25,7138,7136,7137.25
1776853020,7137.5,7137.5,7135.75,7136
1776853080,7136,7138,7136,7137.5
1776853140,7137.75,7138,7137,7137.5
1776853200,7137.5,7138.5,7137.25,7138.25
1776853260,7138.5,7139.75,7138,7138.25
1776853320,7138.25,7139,7137.75,7138.75
1776853380,7139,7139,7137.25,7137.5
1776853440,7137.5,7137.75,7136.25,7137.5
1776853500,7137.5,7137.75,7137,7137.5
1776853560,7137.5,7139.75,7137.5,7139.5
1776853620,7139.5,7140,7139,7139.5
1776853680,7139.25,7139.5,7138.5,7139.25
1776853740,7139.25,7140,7139,7139.75
1776853800,7139.75,7140.25,7138.75,7140
1776853860,7140.25,7141,7140,7141
1776853920,7141,7141,7140.25,7140.75
1776853980,7140.75,7141.25,7140.25,7140.75
1776854040,7140.5,7142.5,7140.25,7142.25
1776854100,7142.25,7143.5,7142.25,7143
1776854160,7143,7143.5,7141.5,7142
1776854220,7141.75,7142,7141,7141.25
1776854280,7141.25,7141.25,7139.5,7139.5
1776854340,7139.5,7140.5,7139,7139.75
1776854400,7139.5,7140.5,7139.25,7140
1776854460,7140,7140.75,7139,7139.25
1776854520,7139.25,7139.5,7138.25,7138.75
1776854580,7139,7139.75,7138.5,7138.5
1776854640,7139,7139.25,7138.75,7139
1776854700,7139.25,7139.25,7138.5,7138.5
1776854760,7138.75,7139.5,7138.25,7139
1776854820,7138.75,7139,7138,7138.5
1776854880,7138.5,7139.5,7138.5,7138.75
1776854940,7138.75,7139.5,7138,7138.75
1776855000,7138.75,7139.5,7138.5,7138.75
1776855060,7138.75,7139.5,7138.75,7139.25
1776855120,7139.25,7139.25,7138.5,7139
1776855180,7139.25,7140,7139.25,7139.75
1776855240,7139.75,7140.25,7139.75,7140
1776855300,7139.75,7139.75,7138.5,7139.25
1776855360,7139.5,7139.5,7138.5,7139.25
1776855420,7139.25,7139.5,7138.75,7139.5
1776855480,7139.5,7140,7139.25,7139.25
1776855540,7139.25,7139.5,7138.5,7138.75
1776855600,7139,7140.25,7138.75,7139
1776855660,7139,7139.5,7138.75,7139
1776855720,7139,7139.75,7138.75,7139
1776855780,7139,7139.5,7138.25,7139
1776855840,7139,7140,7135.75,7138.25
1776855900,7138.5,7139.25,7137.75,7138.5
1776855960,7138.25,7138.75,7137.25,7138.25
1776856020,7138.25,7138.75,7137.5,7138.5
1776856080,7138.5,7139,7138,7138.25
1776856140,7138,7138.5,7137,7137
1776856200,7137.25,7138.5,7137,7138.5
1776856260,7138.5,7138.75,7137.75,7138.25
1776856320,7138,7138,7137.25,7138
1776856380,7137.75,7138.25,7137.5,7137.5
1776856440,7137.25,7137.25,7136.5,7136.5
1776856500,7136.25,7137.25,7136.25,7136.5
1776856560,7136.5,7138.25,7135.5,7137.5
1776856620,7137.5,7138.25,7137.25,7137.5
1776856680,7137.25,7139,7137,7139
1776856740,7138.75,7139.5,7138.75,7139
1776856800,7139,7139.75,7138.75,7139.5
1776856860,7139.5,7139.75,7139,7139.25
1776856920,7139.25,7139.5,7138.5,7138.75
1776856980,7138.75,7138.75,7137.5,7138
1776857040,7138,7138.25,7136.25,7136.5
1776857100,7136.5,7137.5,7136.25,7137.25
1776857160,7137.5,7138,7136.75,7137
1776857220,7137,7137.25,7136.25,7137
1776857280,7137.25,7137.25,7136.5,7136.5
1776857340,7136.75,7137,7136.25,7137
1776857400,7137.25,7139.25,7137.25,7138.75
1776857460,7138.5,7139.5,7138.25,7138.75
1776857520,7138.75,7139,7138.25,7138.75
1776857580,7139,7139.25,7138,7138
1776857640,7137.75,7138.25,7137,7138.25
1776857700,7138.5,7138.75,7138,7138.5
1776857760,7138.5,7138.5,7136.75,7137.25
1776857820,7137.25,7138.25,7137,7138.25
1776857880,7138.25,7138.75,7138,7138.75
1776857940,7139,7139.25,7138.5,7138.75
1776858000,7138.75,7139.5,7138.5,7138.75
1776858060,7138.75,7139.25,7138.5,7138.75
1776858120,7139,7139.25,7135.75,7138.5
1776858180,7138.25,7138.25,7136,7136.25
1776858240,7136.25,7138,7135.75,7136.75
1776858300,7136.75,7137.5,7136.25,7137.5
1776858360,7137.5,7140.5,7137.25,7139.75
1776858420,7139.5,7139.5,7137.5,7137.75
1776858480,7137.75,7140.5,7137.75,7140.5
1776858540,7140.75,7142.5,7140.5,7141.75
1776858600,7141.75,7142.75,7141.25,7142.25
1776858660,7142.25,7143,7142,7142.25
1776858720,7142.25,7142.25,7141.25,7141.75
1776858780,7141.75,7142.25,7141.75,7142.25
1776858840,7142.25,7143,7142.25,7142.75
1776858900,7142.75,7142.75,7141.5,7141.75
1776858960,7141.75,7142.25,7141.5,7142
1776859020,7142,7142.5,7141.75,7142
1776859080,7142,7142,7141.75,7142
1776859140,7142,7142.25,7141.75,7142
1776859200,7142,7144.5,7142,7143.75
1776859260,7143.75,7145,7143.25,7144.75
1776859320,7144.75,7146,7144.5,7145.25
1776859380,7145.25,7146.75,7145,7146.75
1776859440,7146.75,7149,7145.75,7148.25
1776859500,7148.25,7148.25,7147.5,7147.75
1776859560,7147.75,7150.25,7147.75,7149.75
1776859620,7149.5,7150.75,7149.25,7150.5
1776859680,7150.5,7151.25,7150,7151
1776859740,7150.75,7150.75,7150,7150.25
1776859800,7150.25,7150.5,7149,7149.75
1776859860,7150,7150,7149.5,7149.5
1776859920,7149.5,7154.25,7149.5,7153.75
1776859980,7153.75,7156.5,7153.75,7156
1776860040,7156,7156.5,7155,7155.25
1776860100,7155.5,7155.5,7153.5,7154.25
1776860160,7154,7154,7153.25,7153.25
1776860220,7153.5,7153.75,7152.5,7153
1776860280,7153.25,7154.75,7153.25,7154
1776860340,7154,7155.75,7153.25,7153.75
1776860400,7153.5,7154.25,7151.5,7152
1776860460,7152,7152.75,7152,7152
1776860520,7152,7152.5,7151.75,7152.25
1776860580,7152.25,7152.75,7151.75,7152
1776860640,7152.25,7153.5,7152,7153.25
1776860700,7153,7154.5,7153,7154.25
1776860760,7154.25,7154.25,7152.75,7153.25
1776860820,7153.25,7153.25,7151.25,7151.5
1776860880,7151.25,7154.25,7150.25,7153.75
1776860940,7153.5,7157.25,7148.25,7148.75
1776861000,7148.75,7149.25,7145.5,7147.25
1776861060,7147.25,7149.25,7146.5,7148
1776861120,7148.25,7148.25,7146.5,7148
1776861180,7148,7149.75,7147.5,7149.25
1776861240,7149.25,7150.5,7148.25,7149
1776861300,7149,7149,7143.5,7143.5
1776861360,7143.75,7144.75,7143,7144
1776861420,7144,7144.75,7143.5,7144.25
1776861480,7144.25,7145.25,7144,7144.5
1776861540,7144.5,7145.25,7144.25,7145
1776861600,7145,7145.75,7144.5,7145
1776861660,7145,7147.25,7143.5,7144.75
1776861720,7144.75,7145.5,7143,7143.25
1776861780,7143.25,7144.75,7143,7144.5
1776861840,7144.25,7144.75,7143,7143.5
1776861900,7143.5,7145,7143,7144.75
1776861960,7144.75,7145.25,7144.25,7145.25
1776862020,7145.25,7146,7144,7144.25
1776862080,7144,7144,7140.75,7141
1776862140,7140.75,7141.25,7139.5,7140.5
1776862200,7140.5,7141.75,7140.5,7141.25
1776862260,7141.25,7142.25,7141,7141.5
1776862320,7141.5,7142,7139.25,7140.25
1776862380,7140.25,7141,7140,7141
1776862440,7141,7142,7141,7141.75
1776862500,7141.75,7142.75,7141.75,7142
1776862560,7141.75,7142.5,7141.25,7142.5
1776862620,7142.5,7143,7142,7142.5
1776862680,7142.5,7142.5,7139.75,7140
1776862740,7140,7140.5,7138,7139
1776862800,7139,7141,7138.75,7139
1776862860,7139.25,7140.25,7138.75,7139.5
1776862920,7139.5,7139.5,7137.5,7138.25
1776862980,7138.25,7140.5,7138,7140
1776863040,7140,7140.5,7139.75,7140.5
1776863100,7140.5,7140.5,7139,7139.5
1776863160,7139.5,7140,7139.25,7139.5
1776863220,7139.25,7141,7139.25,7141
1776863280,7140.75,7141.25,7139.5,7139.5
1776863400,7143.25,7144,7139.75,7141.75
1776863460,7141.75,7142.75,7140.25,7141
1776863520,7140.75,7143,7140.25,7141.5
1776863580,7141.5,7143,7140.5,7142.5
1776863640,7142.5,7143,7141.5,7142.25
1776863700,7142.25,7143.5,7142.25,7142.25
1776863760,7142.5,7143,7140.75,7140.75
1776863820,7140.75,7141,7139.5,7140.5
1776863880,7140.5,7143.25,7139.75,7142.25
1776863940,7142.25,7151.5,7141.5,7149.5
1776864000,7149.25,7152.75,7145.75,7146.75
1776864060,7147,7147,7144.75,7145.25
1776864120,7145.25,7146.25,7143.5,7145.75
1776864180,7145.75,7148.75,7145.5,7148.25
1776864240,7148.25,7150.5,7147.5,7148.75
1776864300,7148.75,7150,7147.75,7148
1776864360,7148,7148.25,7147,7147
1776864420,7147,7149.5,7146.75,7149.5
1776864480,7149.25,7150.75,7148.5,7150.5
1776864540,7150.5,7150.5,7148,7150
1776864600,7150.25,7152.25,7144.5,7147
1776864660,7147,7150.25,7145.5,7148
1776864720,7147.75,7148.5,7145,7147.5
1776864780,7147.5,7148.25,7143.25,7146.75
1776864840,7146.5,7147.75,7143.25,7144
1776864900,7143.75,7143.75,7140.75,7141.75
1776864960,7142,7145.75,7141.25,7145
1776865020,7145.25,7148.5,7143.25,7147.75
1776865080,7147.75,7148.25,7144.5,7146.5
1776865140,7146.5,7148.5,7145.75,7147.5
1776865200,7147.75,7149.25,7145.5,7146.25
1776865260,7146.5,7151,7145.5,7147.25
1776865320,7147.25,7147.25,7144.25,7145.25
1776865380,7145,7148.75,7145,7146.25
1776865440,7146.25,7147.25,7144.75,7145.75
1776865500,7146,7149.5,7145.5,7149
1776865560,7149,7153,7148.75,7152.25
1776865620,7152,7153.5,7150,7151.5
1776865680,7151.25,7151.25,7146.25,7147.25
1776865740,7147.25,7147.75,7143,7145.25
1776865800,7145,7146.25,7142.75,7143.5
1776865860,7143.5,7144,7141,7143.75
1776865920,7143.75,7147,7143.5,7146.25
1776865980,7146.25,7147.75,7143.75,7147
1776866040,7147,7151,7147,7150.75
1776866100,7151,7151,7149,7149
1776866160,7149,7149,7146.75,7148.5
1776866220,7148.25,7149.25,7146.5,7149.25
1776866280,7149,7150.75,7148.75,7150.5
1776866340,7150.5,7153.5,7150,7152.75
1776866400,7152.75,7156.75,7151.25,7156.5
1776866460,7156.5,7158.25,7155.5,7157.5
1776866520,7157.5,7157.5,7155.25,7156
1776866580,7156,7157,7152.75,7153.25
1776866640,7153.5,7154.5,7152.25,7152.5
1776866700,7152.75,7152.75,7147.5,7147.75
1776866760,7148,7152.5,7146.25,7151.75
1776866820,7151.75,7156.5,7151.25,7156.25
1776866880,7156.25,7156.75,7154.5,7155
1776866940,7155.25,7156,7154,7154.25
1776867000,7154.25,7158.5,7154.25,7157.5
1776867060,7157.25,7157.5,7154.5,7156.25
1776867120,7156.25,7156.75,7154.75,7155.25
1776867180,7155.5,7157.75,7155,7157
1776867240,7157.25,7160.5,7156.75,7160
1776867300,7160,7163.25,7159.75,7162.5
1776867360,7162.75,7162.75,7159.75,7161.75
1776867420,7161.75,7162.75,7160.5,7161.5
1776867480,7161.5,7161.75,7159.75,7160.5
1776867540,7160.5,7162.5,7160.25,7162.5
1776867600,7162.25,7164.25,7160.75,7163.75
1776867660,7163.75,7165.5,7162.5,7165
1776867720,7165,7166.25,7162.25,7163
1776867780,7162.75,7164.25,7161.5,7162.5
1776867840,7162.25,7162.5,7160.5,7162.25
1776867900,7162.25,7164.5,7161.75,7163.75
1776867960,7163.75,7164.25,7162.5,7162.75
1776868020,7162.75,7164,7161.25,7163
1776868080,7163,7165.5,7162.5,7165.25
1776868140,7165.25,7165.25,7163.25,7164.5
1776868200,7164.25,7165.25,7160.75,7162
1776868260,7162,7163.5,7161.25,7163
1776868320,7163,7164.5,7156.25,7159.5
1776868380,7159.5,7159.5,7154.5,7159
1776868440,7159.25,7160.5,7157.25,7158.25
1776868500,7158.25,7158.25,7153.25,7155
1776868560,7154.75,7160.25,7154.75,7159.75
1776868620,7159.75,7164,7159.25,7162.25
1776868680,7162,7162.75,7160,7161.5
1776868740,7161.5,7165,7161,7163.75
1776868800,7163.75,7165.75,7162.75,7164
1776868860,7164.25,7164.25,7160.25,7160.5
1776868920,7160.25,7160.75,7158,7159
1776868980,7159,7159,7153.75,7155.5
1776869040,7155.5,7157,7155.25,7156.25
1776869100,7156.25,7158.75,7156,7157.75
1776869160,7157.75,7159.5,7157.5,7158.25
1776869220,7158.25,7160.75,7158.25,7160.25
1776869280,7160.25,7161.75,7159.5,7160.75
1776869340,7160.5,7160.5,7159.25,7160.5
1776869400,7160.5,7162.25,7159.75,7161.75
1776869460,7161.75,7161.75,7158,7158.25
1776869520,7158.25,7158.25,7154.5,7155.75
1776869580,7155.75,7155.75,7153.75,7155.75
1776869640,7155.75,7158,7155,7157.5
1776869700,7157.25,7158.75,7155.75,7156
1776869760,7156,7158,7154.25,7156.75
1776869820,7157,7157.5,7154.25,7157
1776869880,7157,7157,7154.75,7156.75
1776869940,7157,7159.5,7156.5,7159.25
1776870000,7159.25,7160.25,7155.25,7155.5
1776870060,7155.5,7156,7154,7154.75
1776870120,7155,7155.5,7153.25,7154
1776870180,7153.75,7155.5,7153.75,7155.25
1776870240,7155.25,7155.5,7151.75,7153
1776870300,7153.25,7154.75,7151.75,7152.75
1776870360,7153,7155.5,7152,7154.75
1776870420,7154.75,7159.75,7154.75,7158.75
1776870480,7158.75,7161.25,7158.75,7159.25
1776870540,7159.25,7160.25,7157.25,7157.5
1776870600,7157.5,7160.5,7157.25,7160.25
1776870660,7160.25,7160.75,7159,7159.5
1776870720,7159.5,7159.5,7156.5,7157.75
1776870780,7157.75,7159,7156.75,7158.25
1776870840,7158.25,7158.5,7156.5,7157.25
1776870900,7157.25,7157.75,7155.5,7155.75
1776870960,7155.75,7156.25,7154.5,7156
1776871020,7156,7157,7155.5,7156.25
1776871080,7156.25,7156.75,7154.5,7156.25
1776871140,7156,7159,7155.25,7158
1776871200,7157.75,7158.75,7157.5,7158.25
1776871260,7158.5,7160.25,7157.75,7159.75
1776871320,7159.5,7161.75,7159.5,7161.5
1776871380,7161.25,7162.75,7161,7162.75
1776871440,7162.5,7163.5,7160,7160.75
1776871500,7160.75,7161,7158.75,7159
1776871560,7158.75,7159.75,7157.75,7158.5
1776871620,7158.25,7158.25,7156.5,7157.5
1776871680,7157.5,7160.5,7157.5,7160.25
1776871740,7160.25,7164,7159.25,7160.75
1776871800,7160.75,7163,7160,7163
1776871860,7162.75,7163.25,7159.75,7160.25
1776871920,7160,7161,7159.5,7159.75
1776871980,7160,7160.5,7159.25,7160
1776872040,7160,7161,7158.75,7160
1776872100,7160,7161.5,7157.75,7158
1776872160,7158,7158.75,7156.25,7157.5
1776872220,7157.25,7159.5,7157.25,7159
1776872280,7159,7159.5,7155.25,7157
1776872340,7157,7157.25,7156,7156.5
1776872400,7156.5,7157.5,7155.25,7157.25
1776872460,7157,7158,7156.5,7157.5
1776872520,7157.75,7158.25,7154.75,7155.25
1776872580,7155,7155.5,7152.75,7153.5
1776872640,7153.5,7153.5,7151.25,7151.5
1776872700,7151.25,7152.75,7150,7152.5
1776872760,7152.5,7155,7152.25,7154.25
1776872820,7154.25,7155.75,7153.5,7155
1776872880,7155.25,7157.5,7155.25,7157
1776872940,7157,7158,7156,7156.25
1776873000,7156.25,7156.75,7154.25,7155
1776873060,7155,7155.5,7153.75,7155.25
1776873120,7155,7155.25,7153.25,7153.75
1776873180,7153.75,7156,7153.5,7155.5
1776873240,7155.75,7155.75,7153.75,7155.25
1776873300,7155.5,7158.25,7155.5,7157.5
1776873360,7157.5,7159.25,7157.5,7159
1776873420,7159,7159,7157,7157.25
1776873480,7157,7157,7155.25,7155.25
1776873540,7155.25,7155.5,7154.5,7154.75
1776873600,7155,7158,7154.5,7155.25
1776873660,7155,7155,7152.5,7153.25
1776873720,7153.25,7155,7152.5,7155
1776873780,7155,7156.5,7154.5,7155.75
1776873840,7155.75,7158,7155.5,7157.75
1776873900,7157.5,7159.25,7157.25,7159
1776873960,7159,7160.25,7158.25,7158.75
1776874020,7159,7159,7157,7157.75
1776874080,7157.5,7158,7156.75,7157.25
1776874140,7157.25,7158.75,7157.25,7158.25
1776874200,7158.25,7159,7156.75,7157
1776874260,7156.75,7157.25,7155,7155.75
1776874320,7156,7156.5,7154.5,7156.5
1776874380,7156.25,7157.5,7155,7157
1776874440,7157,7158.25,7156.5,7157.75
1776874500,7158,7159,7157.75,7158.25
1776874560,7158.25,7158.5,7156,7156.25
1776874620,7156.5,7157.75,7156.25,7157.25
1776874680,7157.5,7157.75,7155,7155.5
1776874740,7155.5,7155.5,7152.5,7152.75
1776874800,7152.75,7155,7152.25,7154.25
1776874860,7154.25,7156.75,7154.25,7155.75
1776874920,7155.75,7156,7155,7155.5
1776874980,7155.5,7156.5,7154.75,7155.75
1776875040,7155.75,7156.5,7153.75,7154
1776875100,7154,7154.25,7153,7153
1776875160,7153.25,7153.5,7152.25,7152.75
1776875220,7153,7154.25,7152.5,7153
1776875280,7153.25,7153.75,7152.5,7152.5
1776875340,7152.5,7152.75,7148.75,7150
1776875400,7150,7150.25,7146.5,7148.25
1776875460,7148.5,7150.5,7148.25,7149.75
1776875520,7150,7151.5,7149.75,7150
1776875580,7150,7151.25,7150,7150.5
1776875640,7150.75,7151.5,7149.5,7150.5
1776875700,7150.75,7152.75,7150,7150.75
1776875760,7151,7151.5,7150,7150
1776875820,7150.25,7151.5,7149.25,7151
1776875880,7151,7152.25,7151,7152
1776875940,7151.75,7154.75,7151.75,7153.75
1776876000,7153.75,7155,7152.25,7154.25
1776876060,7154.25,7155.5,7153.5,7154.5
1776876120,7154.5,7155,7148,7149.75
1776876180,7149.75,7151,7147.75,7149.25
1776876240,7149.5,7150.75,7149.25,7149.25
1776876300,7149.25,7150.5,7147.5,7148.5
1776876360,7148.75,7150.25,7148,7150
1776876420,7150.25,7151.25,7150,7151
1776876480,7151.25,7151.25,7149.75,7150.75
1776876540,7151,7152.75,7150.75,7152
1776876600,7152,7152.25,7150,7150.5
1776876660,7150.5,7152,7149.75,7150.25
1776876720,7150.25,7150.75,7148,7150
1776876780,7150.25,7151.75,7149.75,7151.5
1776876840,7151.5,7152.5,7151.25,7151.5
1776876900,7151.5,7151.5,7149.75,7150.25
1776876960,7150.25,7151,7147.5,7149.25
1776877020,7149.25,7150.75,7149,7150
1776877080,7150,7150,7146.75,7147.75
1776877140,7147.75,7148.25,7146.75,7147.75
1776877200,7147.75,7150,7147.75,7149
1776877260,7149,7156,7148.5,7153.75
1776877320,7153.75,7155.75,7151.25,7152
1776877380,7152,7155.25,7151.75,7154.25
1776877440,7154.25,7155,7153.5,7154.75
1776877500,7154.75,7156,7154,7154.25
1776877560,7154,7155,7153.5,7153.75
1776877620,7153.75,7154,7152.75,7152.75
1776877680,7152.5,7154.25,7152.25,7153.75
1776877740,7154,7156.5,7153.75,7156.5
1776877800,7156.5,7162.75,7156,7160.25
1776877860,7160,7161.25,7159,7159.75
1776877920,7159.75,7160.75,7159.5,7160
1776877980,7159.75,7160,7157.5,7158
1776878040,7157.75,7158.25,7157,7158
1776878100,7158.25,7160,7158,7159
1776878160,7159.25,7160,7157.5,7158
1776878220,7158.25,7159.5,7158,7158
1776878280,7158,7158,7155.25,7155.25
1776878340,7155.25,7156,7154.5,7155.5
1776878400,7155.75,7158,7155.5,7157.75
1776878460,7157.75,7160.25,7157.75,7160
1776878520,7160,7162.5,7160,7162.25
1776878580,7162.25,7163,7160.25,7160.25
1776878640,7160.25,7161.5,7160,7160
1776878700,7160,7161,7160,7160.75
1776878760,7160.75,7161.5,7159.75,7160.25
1776878820,7160.25,7161.25,7159.75,7160.5
1776878880,7160.5,7160.5,7159.5,7159.5
1776878940,7159.5,7159.5,7158.75,7159
1776879000,7159.25,7161.75,7158.75,7161.25
1776879060,7161.25,7161.5,7160.5,7160.75
1776879120,7160.75,7161.75,7160.25,7161.25
1776879180,7161.5,7161.5,7160.25,7160.5
1776879240,7160.75,7161.75,7159.25,7159.5
1776879300,7159.5,7160.75,7159.5,7160.5
1776879360,7160.25,7160.25,7158.75,7158.75
1776879420,7159,7159,7157.5,7158.75
1776879480,7159,7159.25,7158.25,7158.75
1776879540,7159,7159.75,7158.75,7159
1776879600,7159,7160.5,7159,7159.75
1776879660,7160,7160.25,7159.5,7159.5
1776879720,7159.75,7161.75,7159.5,7161.25
1776879780,7161.5,7162,7161.25,7161.25
1776879840,7161.5,7161.75,7160.5,7160.75
1776879900,7161,7162,7158.5,7158.75
1776879960,7158.5,7159.25,7157.5,7157.75
1776880020,7157.75,7162.75,7156.75,7159.25
1776880080,7159.25,7162,7158.25,7159
1776880140,7159.25,7160.75,7159.25,7160.5
1776880200,7160.75,7160.75,7159.25,7159.75
1776880260,7159.75,7161,7159.5,7160.75
1776880320,7160.75,7162,7160,7160.75
1776880380,7160.5,7161,7159.25,7160
1776880440,7160,7160.75,7159,7160
1776880500,7160,7160,7159.25,7159.75
1776880560,7159.75,7160,7158.75,7159
1776880620,7159.25,7159.75,7158.75,7159
1776880680,7159,7160.75,7159,7160
1776880740,7160.25,7160.25,7158,7158.25
1776880800,7158.25,7159.75,7157,7159.5
1776880860,7159.5,7159.75,7157.5,7158.5
1776880920,7158.75,7159.25,7158.5,7158.75
1776880980,7159,7160,7158.75,7159.5
1776881040,7159.75,7160,7158.75,7159.25
1776881100,7159,7160.5,7159,7160
1776881160,7160,7160.25,7159,7159.25
1776881220,7159.25,7159.25,7158.25,7159
1776881280,7158.75,7159,7158.25,7158.75
1776881340,7158.5,7158.5,7157.5,7157.75
1776881400,7157.5,7158.75,7157.25,7158.25
1776881460,7158.25,7158.25,7156.75,7157.75
1776881520,7158,7160,7158,7158.75
1776881580,7158.75,7159.25,7158.5,7158.5
1776881640,7158.5,7158.5,7157.5,7157.75
1776881700,7157.75,7157.75,7156.25,7156.75
1776881760,7156.75,7157.25,7155,7155.5
1776881820,7155.25,7155.75,7154.5,7155
1776881880,7155.25,7156.5,7155,7156.25
1776881940,7156,7156.5,7154.75,7154.75
1776882000,7154.5,7154.75,7152.75,7153.75
1776882060,7153.75,7154.25,7152.25,7152.5
1776882120,7152.5,7152.5,7150.5,7151.25
1776882180,7151.25,7153,7150.5,7150.75
1776882240,7150.75,7153.75,7150.5,7153.5
1776882300,7153.5,7154.5,7153.25,7154
1776882360,7154,7154.5,7152.5,7153
1776882420,7152.75,7153.25,7152.5,7152.5
1776882480,7152.75,7153.75,7152.5,7153.75
1776882540,7153.5,7154,7152.5,7152.75
1776882600,7152.75,7154,7151.75,7154
1776882660,7153.75,7155.75,7153.75,7155.25
1776882720,7155.25,7156,7154.75,7155
1776882780,7155,7156.5,7154.75,7156
1776882840,7156,7156.25,7154.25,7154.5
1776882900,7154.5,7156.75,7154.5,7156.5
1776882960,7156.25,7156.5,7155.75,7156
1776883020,7155.75,7156.75,7155.5,7156.5
1776883080,7156.5,7157,7156.25,7156.5
1776883140,7156.25,7157,7156,7157
1776883200,7157,7157.5,7156.25,7157
1776883260,7157.25,7158,7156.5,7156.5
1776883320,7156.75,7157.5,7156.25,7156.5
1776883380,7156.5,7157,7156.5,7156.75
1776883440,7156.75,7157.75,7156.75,7157
1776883500,7156.75,7157.25,7155.75,7157
1776883560,7157,7158,7157,7157.25
1776883620,7157.25,7159.5,7157.25,7158
1776883680,7158,7158.25,7156.75,7157.75
1776883740,7157.5,7158.25,7157.5,7157.75
1776883800,7157.5,7158.75,7156.75,7158.75
1776883860,7158.5,7158.75,7158,7158.5
1776883920,7158.25,7158.75,7158,7158.25
1776883980,7158,7158.5,7156.75,7157
1776884040,7156.75,7157.5,7156.25,7156.25
1776884100,7156.25,7156.75,7153.75,7155
1776884160,7154.75,7155.25,7153.75,7153.75
1776884220,7153.75,7154.5,7153.25,7154
1776884280,7154,7155.5,7153.75,7155.5
1776884340,7155.25,7155.5,7154.25,7154.5
1776884400,7154.5,7155,7150.75,7152.25
1776884460,7152,7153,7150,7153
1776884520,7152.75,7154.25,7151.25,7154
1776884580,7153.75,7154.25,7152.25,7153
1776884640,7152.75,7153.75,7152,7153.75
1776884700,7153.5,7155.25,7152.5,7154
1776884760,7153.75,7155,7153.5,7154.5
1776884820,7154.25,7156.5,7153.75,7156.5
1776884880,7156.25,7157,7155.25,7155.75
1776884940,7156,7157.25,7156,7157.25
1776885000,7157,7157.25,7156,7156.25
1776885060,7156,7157.25,7156,7156.5
1776885120,7156.25,7157.25,7156.25,7156.25
1776885180,7156.25,7158.5,7155.75,7158.5
1776885240,7158.5,7158.5,7157,7157.75
1776885300,7157.75,7158.5,7157.5,7158
1776885360,7158,7159,7157.25,7158.25
1776885420,7158.5,7160.25,7158.5,7158.75
1776885480,7158.75,7160.75,7158.25,7160
1776885540,7160.25,7162,7160,7161.5
1776885600,7161.75,7163,7160.5,7161.25
1776885660,7161.5,7162.5,7161,7162
1776885720,7162.25,7162.5,7160,7160.25
1776885780,7160.5,7161.75,7160.25,7161
1776885840,7161,7161.75,7160.75,7161.25
1776885900,7161.25,7163.75,7161,7163
1776885960,7163.25,7164,7162.5,7162.5
1776886020,7162.75,7163.5,7162,7163.25
1776886080,7163.25,7163.75,7162,7163.25
1776886140,7163.25,7163.25,7162.25,7162.75
1776886200,7162.75,7163,7161.25,7162.5
1776886260,7162.75,7164,7162.25,7163.5
1776886320,7163.5,7164,7161.5,7161.5
1776886380,7161.5,7162.25,7159.75,7160.75
1776886440,7160.75,7162,7160.5,7160.5
1776886500,7160.5,7161.25,7159.5,7160
1776886560,7160,7161,7159.5,7160
1776886620,7160.25,7162.75,7160,7162.25
1776886680,7162.25,7163.5,7161.75,7163
1776886740,7163.25,7163.25,7162.25,7162.5
1776886800,7162.5,7163.5,7162,7162.75
1776886860,7163,7163.5,7162.75,7163
1776886920,7163,7163.75,7161.75,7161.75
1776886980,7161.75,7163.25,7161.75,7162.5
1776887040,7162.5,7163,7162.25,7162.75
1776887100,7162.5,7163.25,7162,7162.5
1776887160,7162.25,7163.25,7162.25,7163
1776887220,7163,7165.25,7163,7164
1776887280,7164,7164.75,7163.5,7164.75
1776887340,7164.75,7165.75,7164,7165.75
1776887400,7165.5,7168,7162.75,7167.75
1776887460,7167.75,7169.75,7167,7167.5
1776887520,7167.5,7167.5,7165.5,7165.75
1776887580,7166,7168.5,7165.5,7168
1776887640,7168.25,7171.5,7168.25,7168.75
1776887700,7168.75,7170.25,7167.25,7168.75
1776887760,7168.5,7169.75,7168,7169.5
1776887820,7169.75,7171,7169,7170
1776887880,7170,7171.5,7169.5,7171
1776887940,7171,7173,7169.75,7170.25
1776888000,7170.25,7171.75,7167,7167.25
1776888060,7167.75,7169.75,7166.5,7168.75
1776888120,7169,7173,7168.25,7170.25
1776888180,7170.5,7171,7169.5,7170.25
1776888240,7170.5,7171.75,7169,7170.5
1776888300,7170.25,7172,7169.75,7170.25
1776888360,7170.25,7171,7169.25,7170.75
1776888420,7170.5,7171,7169.5,7170.5
1776888480,7170.25,7171,7169.75,7170.25
1776888540,7170,7170.75,7169,7169.5
1776888600,7169.25,7169.5,7167,7167.5
1776888660,7167.5,7167.5,7166,7166.75
1776888720,7166.75,7166.75,7164.25,7164.25
1776888780,7164.5,7165.75,7163.5,7165.5
1776888840,7165.5,7166,7163.25,7163.75
1776888900,7163.5,7165.25,7163.25,7163.5
1776888960,7163.75,7163.75,7162.5,7163
1776889020,7163,7163.25,7160.5,7161
1776889080,7161,7162.75,7160,7162.25
1776889140,7162.5,7165,7162,7164.75
1776889200,7164.5,7164.75,7163.25,7163.25
1776889260,7163.5,7164.5,7163,7163.25
1776889320,7163.5,7163.5,7162,7162
1776889380,7162,7163,7161.75,7162
1776889440,7162.25,7163,7162.25,7162.5
1776889500,7162.75,7163,7162,7163
1776889560,7163,7163.5,7162.25,7163
1776889620,7162.75,7163.75,7162.5,7163.75
1776889680,7163.75,7163.75,7163.5,7163.75
1776889740,7163.75,7163.75,7163.25,7163.25
1776889800,7163.5,7164.25,7163.5,7164
1776889860,7164,7164.25,7163.25,7163.75
1776889920,7163.75,7163.75,7163.5,7163.75
1776889980,7164,7165.25,7163.75,7164.5
1776890040,7164.5,7164.5,7163.75,7163.75
1776890100,7163.75,7164,7163.5,7163.5
1776890160,7163.5,7164.25,7156,7162.25
1776890220,7162.25,7163,7160.75,7161
1776890280,7160.75,7161.5,7160.5,7161
1776890340,7161.25,7161.5,7160,7160.5
1776890400,7160.5,7161.5,7160.25,7160.75
1776890460,7160.75,7161.75,7160.5,7161.25
1776890520,7161.5,7161.5,7161,7161.5
1776890580,7161.5,7162.25,7161.25,7162
1776890640,7162,7162.25,7161.5,7161.75
1776890700,7161.5,7162.75,7161.5,7162.75
1776890760,7162.75,7162.75,7161.5,7161.75
1776890820,7161.75,7162.25,7161.5,7161.75
1776890880,7162,7162.5,7161.5,7161.5
1776890940,7161.75,7161.75,7161.25,7161.25
1776891000,7161.5,7162,7161.5,7161.5
1776891060,7161.5,7162.75,7161.25,7162
1776891120,7162,7163.25,7162,7162.75
1776891180,7162.75,7163.25,7162,7162.5
1776891240,7162.75,7163.5,7162.5,7163.25
1776891300,7163,7163,7162.25,7162.75
1776891360,7162.75,7163.5,7162.75,7163
1776891420,7163.25,7164.25,7163.25,7164
1776891480,7164,7164.75,7163.75,7164.5
1776891540,7164.25,7164.75,7163.75,7164.5
1776895200,7163,7164,7160.75,7163.5
1776895260,7163.5,7164,7161.75,7162.25
1776895320,7162,7162,7158.25,7158.5
1776895380,7158.75,7160,7158.5,7159.75
1776895440,7160,7160.75,7159.75,7160.25
1776895500,7160.25,7161.5,7160.25,7161.25
1776895560,7161.25,7162.5,7161.25,7162.25
1776895620,7162.5,7163,7161.5,7162.5
1776895680,7162.5,7162.5,7161.5,7161.75
1776895740,7161.75,7162.25,7161.75,7162.25
1776895800,7162,7162.25,7161.5,7161.5
1776895860,7161.25,7161.75,7161,7161.75
1776895920,7161.75,7161.75,7161.25,7161.5
1776895980,7161.75,7163,7161.75,7162.5
1776896040,7162.5,7162.5,7161,7161
1776896100,7160.75,7162,7160.5,7161.5
1776896160,7161.5,7162.75,7161.25,7162.25
1776896220,7162.25,7163.25,7162,7162.75
1776896280,7162.25,7162.25,7161.75,7162.25
1776896340,7162.25,7162.5,7162.25,7162.5
1776896400,7162.5,7162.5,7162,7162.25
1776896460,7162.25,7163,7162.25,7163
1776896520,7163,7163,7162.5,7162.5
1776896580,7162.25,7162.75,7161.5,7162
1776896640,7161.75,7162.5,7161.5,7162.5
1776896700,7162.25,7163.5,7162.25,7162.75
1776896760,7162.5,7162.5,7162,7162
1776896820,7162,7162,7161,7161
1776896880,7161,7161.25,7160.75,7161
1776896940,7161.25,7161.25,7160.25,7160.5
1776897000,7160.5,7160.75,7159.5,7160
1776897060,7160.25,7161,7160.25,7160.5
1776897120,7160.5,7160.5,7160,7160.25
1776897180,7160.25,7160.5,7160,7160.5
1776897240,7160.5,7161,7160.25,7161
1776897300,7160.75,7160.75,7160.25,7160.5
1776897360,7160.5,7160.75,7160.25,7160.5
1776897420,7160.75,7160.75,7159.25,7159.25
1776897480,7159.25,7159.5,7158.5,7159.5
1776897540,7159.75,7160,7159,7160
1776897600,7159.75,7161.25,7159.75,7161
1776897660,7161,7161,7160.25,7160.5
1776897720,7160.75,7161,7160.5,7160.5
1776897780,7160.25,7160.25,7159.75,7160
1776897840,7159.75,7159.75,7159.25,7159.75
1776897900,7160,7160.25,7160,7160
1776897960,7160.25,7161,7159.75,7160.25
1776898020,7160,7160,7159.75,7159.75
1776898080,7159.75,7160.25,7159.75,7160.25
1776898140,7160.25,7160.75,7160.25,7160.75
1776898200,7161,7161.25,7160.5,7160.75
1776898260,7160.75,7161.25,7160.75,7161.25
1776898320,7161.25,7161.25,7161,7161.25
1776898380,7161,7161.25,7160.5,7160.75
1776898440,7160.75,7160.75,7160.25,7160.5
1776898500,7160.75,7161,7160.5,7160.5
1776898560,7160.5,7160.5,7160,7160.25
1776898620,7160.25,7160.75,7160.25,7160.75
1776898680,7160.75,7161.5,7160.75,7161.5
1776898740,7161.5,7161.75,7160.75,7161
1776898800,7161,7161.25,7160.5,7160.5
1776898860,7160.5,7160.5,7160,7160
1776898920,7160.25,7160.25,7159.5,7160
1776898980,7160.25,7160.5,7160,7160
1776899040,7160,7160.25,7160,7160.25
1776899100,7160.25,7160.25,7160,7160
1776899160,7160,7160.25,7160,7160.25
1776899220,7160.5,7161,7160.5,7161
1776899280,7160.75,7160.75,7160.5,7160.5
1776899340,7160.5,7160.75,7160.5,7160.75
1776899400,7160.75,7161.5,7160.75,7161.5
1776899460,7161.25,7161.25,7161,7161
1776899520,7161,7161.5,7161,7161.25
1776899580,7161.5,7162,7161.25,7162
1776899640,7161.75,7162,7161.25,7161.5
1776899700,7161.75,7162,7161.5,7161.5
1776899760,7161.75,7161.75,7161.5,7161.5
1776899820,7161.5,7161.5,7161,7161.5
1776899880,7161.75,7161.75,7161.75,7161.75
1776899940,7162,7162,7161.75,7162
1776900000,7162.25,7163,7162,7162.25
1776900060,7162.25,7162.25,7161.75,7162
1776900120,7161.75,7162.5,7161.5,7162.25
1776900180,7162.5,7162.75,7162.5,7162.75
1776900240,7162.75,7163.25,7162.25,7162.25
1776900300,7162.25,7162.5,7162.25,7162.5
1776900360,7162.5,7162.5,7162.25,7162.5
1776900420,7162.5,7162.5,7162.25,7162.25
1776900480,7162,7162.5,7162,7162.5
1776900540,7162.5,7162.75,7162.5,7162.75
1776900600,7162.5,7162.5,7161.25,7161.5
1776900660,7161.5,7161.5,7161,7161
1776900720,7161,7161.25,7160.75,7161.25
1776900780,7161,7162,7161,7162
1776900840,7162,7162,7161.75,7161.75
1776900900,7161.75,7161.75,7161.75,7161.75
1776900960,7161.75,7162,7161.75,7161.75
1776901020,7161.75,7161.75,7161.75,7161.75
1776901080,7161.75,7162,7161.75,7161.75
1776901140,7162,7162,7161.5,7161.75
1776901200,7161.5,7161.5,7161.5,7161.5
1776901260,7161.5,7161.5,7161.25,7161.25
1776901320,7161.25,7161.5,7161.25,7161.5
1776901380,7161.5,7161.75,7161.5,7161.75
1776901440,7161.75,7161.75,7161.75,7161.75
1776901500,7161.75,7162.5,7161.5,7162.5
1776901560,7162.5,7162.5,7162,7162
1776901620,7162,7162.5,7162,7162.5
1776901680,7162.5,7163,7162.25,7163
1776901740,7162.75,7163,7162.5,7162.75
1776901800,7162.75,7162.75,7162.75,7162.75
1776901860,7162.75,7163,7162.5,7162.5
1776901920,7162.25,7162.25,7161.5,7162.25
1776901980,7162,7162.5,7161.75,7162
1776902040,7162,7162.5,7162,7162.25
1776902100,7162.25,7162.5,7162,7162.5
1776902160,7162.5,7162.75,7162,7162.25
1776902220,7162.25,7162.75,7161.5,7162.75
1776902280,7163.25,7163.25,7162.75,7163
1776902340,7162.75,7163,7162.5,7162.75
1776902400,7162.5,7163,7160.75,7160.75
1776902460,7160.5,7160.75,7159.25,7159.5
1776902520,7159.5,7160.5,7158.75,7159.75
1776902580,7159.75,7161,7159.75,7160.5
1776902640,7160.5,7161,7157.75,7158.5
1776902700,7158.5,7158.75,7157.25,7158
1776902760,7157.75,7159.25,7157.75,7158.75
1776902820,7158.75,7159.5,7157,7158
1776902880,7158,7158.5,7157.5,7158.25
1776902940,7158.25,7158.25,7148,7148.25
1776903000,7148,7149.75,7143,7143.25
1776903060,7143.5,7145.25,7140.25,7142
1776903120,7142,7142.5,7133,7135.5
1776903180,7135.25,7135.5,7130.25,7130.75
1776903240,7130.5,7131,7122.75,7123.25
1776903300,7123.5,7123.5,7116.25,7117
1776903360,7117,7117.25,7105.5,7106.25
1776903420,7106.25,7124.75,7105.75,7120.25
1776903480,7120.25,7140,7115.5,7134.5
1776903540,7134.75,7153.25,7134.5,7151
1776903600,7151,7154.75,7143.25,7144.5
1776903660,7144.25,7145.75,7139.25,7142.5
1776903720,7142.5,7146.5,7140.5,7143.75
1776903780,7143.5,7144.25,7139.5,7143.25
1776903840,7143,7144.25,7141,7141.5
1776903900,7141.75,7149.25,7141.75,7148.25
1776903960,7148.25,7150.5,7148,7148.75
1776904020,7148.75,7149.75,7145.5,7146.75
1776904080,7146.75,7151.25,7146,7150.75
1776904140,7151,7154.25,7150,7153
1776904200,7153.25,7158.25,7152.75,7156
1776904260,7156,7157,7152.5,7153.25
1776904320,7153.25,7153.75,7151.75,7152.5
1776904380,7152.75,7154.75,7151.25,7152
1776904440,7152,7154,7150.5,7153.5
1776904500,7153.25,7154,7151,7151.25
1776904560,7151,7153.75,7151,7153
1776904620,7153.25,7154.5,7152,7152.25
1776904680,7152.5,7152.5,7149.25,7149.5
1776904740,7149.5,7152.75,7149.25,7150.75
1776904800,7151,7151.75,7150,7151.5
1776904860,7151.75,7153.25,7151.25,7152.25
1776904920,7151.75,7152.5,7150.5,7152
1776904980,7151.75,7153.75,7151.25,7152.5
1776905040,7152.25,7152.5,7151.25,7152
1776905100,7152,7153.25,7151.5,7152.75
1776905160,7153,7156.25,7152.5,7155.5
1776905220,7155.25,7155.75,7152.25,7152.5
1776905280,7152.5,7152.75,7150,7151.75
1776905340,7151.75,7151.75,7150.25,7151.25
1776905400,7151,7151.75,7150.5,7151.25
1776905460,7151,7154.75,7151,7154
1776905520,7153.75,7156.25,7152.5,7152.75
1776905580,7153,7155.25,7153,7154
1776905640,7154,7154.75,7153.5,7154
1776905700,7154.25,7155,7153.75,7154.25
1776905760,7154.25,7154.5,7153.5,7154.25
1776905820,7154.5,7155,7153,7153.75
1776905880,7153.75,7154.75,7153.75,7154.5
1776905940,7154.25,7154.75,7153.75,7154.75
1776906000,7154.75,7155,7153,7153.75
1776906060,7152.75,7154.75,7152.5,7154.25
1776906120,7154,7155.25,7153.75,7154.75
1776906180,7154.5,7154.75,7152.75,7153
1776906240,7153.25,7153.5,7152.5,7152.75
1776906300,7152.75,7152.75,7152,7152.5
1776906360,7152.5,7153,7152.25,7153
1776906420,7153,7154.5,7153,7153.25
1776906480,7153,7153.75,7152.25,7153.25
1776906540,7153.25,7153.5,7151.75,7152.75
1776906600,7152.75,7152.75,7151.25,7151.25
1776906660,7151.25,7151.25,7146.5,7148.5
1776906720,7149,7150,7147.5,7147.75
1776906780,7147.75,7148.75,7147.25,7148
1776906840,7148,7149.25,7147.25,7149
1776906900,7149,7150.25,7148.75,7149.5
1776906960,7149.75,7150,7147.5,7147.75
1776907020,7147.75,7148,7147.25,7147.75
1776907080,7147.75,7149,7147.75,7147.75
1776907140,7148,7149,7147.75,7148.5
1776907200,7148.25,7148.75,7148,7148.25
1776907260,7148.25,7149,7148,7148.25
1776907320,7148,7148,7146.5,7146.75
1776907380,7147,7147.5,7146.25,7147.25
1776907440,7147.25,7147.75,7147,7147.25
1776907500,7147.25,7148.5,7147.25,7148.25
1776907560,7148,7149.75,7148,7149
1776907620,7149.25,7149.75,7148.75,7149.25
1776907680,7148.75,7149,7146.75,7146.75
1776907740,7146.75,7147,7144.5,7145.25
1776907800,7145.5,7146.25,7143.75,7146
1776907860,7145.75,7148.5,7145.25,7146.75
1776907920,7146.5,7146.75,7145.25,7145.75
1776907980,7145.75,7146,7143.75,7143.75
1776908040,7144,7144,7142.5,7143.75
1776908100,7143.75,7145.25,7143.25,7143.5
1776908160,7143.5,7144.75,7141.75,7143.25
1776908220,7143.25,7143.75,7142,7142.5
1776908280,7142.5,7142.5,7141.5,7142.25
1776908340,7142.25,7144.5,7142.25,7143.75
1776908400,7143.75,7144.25,7142.75,7142.75
1776908460,7143,7145.5,7143,7145
1776908520,7144.75,7147,7144.75,7146.25
1776908580,7146,7146.5,7144.75,7145
1776908640,7144.75,7145.25,7143.75,7145
1776908700,7145,7145.5,7144.25,7144.5
1776908760,7144.75,7145,7143.25,7143.75
1776908820,7144,7144,7142,7142.5
1776908880,7142.25,7143.5,7142.25,7143.25
1776908940,7143.25,7144,7143,7143.25
1776909000,7143,7143,7142,7143
1776909060,7143,7143.5,7140.25,7141.25
1776909120,7141.25,7141.25,7140.25,7141
1776909180,7141,7141.5,7140,7140.5
1776909240,7140.25,7141,7139.5,7140
1776909300,7140.25,7141.75,7140.25,7141.25
1776909360,7141.25,7142.25,7141.25,7141.75
1776909420,7141.5,7142,7139.75,7140.5
1776909480,7141,7141.5,7140.75,7141.5
1776909540,7141.25,7141.75,7141,7141.5
1776909600,7141.5,7141.5,7140.25,7140.75
1776909660,7140.75,7141.25,7140.25,7140.5
1776909720,7140.5,7140.75,7139.25,7139.75
1776909780,7139.75,7140.5,7139.75,7140
1776909840,7140,7140.5,7139.75,7139.75
1776909900,7140,7140,7139.5,7140
1776909960,7140,7140.75,7140,7140.5
1776910020,7140.5,7141.25,7139.25,7139.5
1776910080,7139.25,7140,7138.5,7139.25
1776910140,7139.25,7139.25,7138.75,7139
1776910200,7139,7139.5,7138.25,7138.25
1776910260,7138,7138.5,7136.75,7137.25
1776910320,7137.5,7138,7137.25,7137.5
1776910380,7137.25,7137.25,7135.75,7136.5
1776910440,7136.5,7136.5,7133.75,7134
1776910500,7134,7136,7132,7136
1776910560,7136,7138.25,7136,7137
1776910620,7137,7138.25,7135,7135.25
1776910680,7135.5,7136.5,7134.5,7135
1776910740,7135,7136.25,7135,7136
1776910800,7136,7139.25,7135.5,7139
1776910860,7138.75,7140.25,7138.5,7140
1776910920,7139.75,7142.5,7139.5,7141.5
1776910980,7141.5,7141.75,7138.25,7139.5
1776911040,7139.5,7139.5,7138.25,7138.75
1776911100,7138.75,7139,7138.25,7139
1776911160,7139.25,7141.25,7139,7139.5
1776911220,7139.25,7139.75,7138.5,7139
1776911280,7139,7139.25,7136,7136.5
1776911340,7136.75,7137.25,7136,7136
1776911400,7136.25,7137.5,7134.5,7134.5
1776911460,7134.25,7134.75,7133,7134.5
1776911520,7134.5,7136.75,7134.5,7135.75
1776911580,7135.75,7137,7135.25,7135.75
1776911640,7136,7137.25,7135.75,7137
1776911700,7136.75,7138.25,7136.25,7138
1776911760,7138,7140.25,7137.75,7138
1776911820,7138,7138,7134.75,7135
1776911880,7135.25,7135.5,7133.5,7134.25
1776911940,7134,7136.25,7133.75,7136.25
1776912000,7136.5,7137.5,7135.5,7135.5
1776912060,7135.25,7136,7134.75,7134.75
1776912120,7135.25,7135.25,7134,7134.25
1776912180,7134.5,7136,7134.5,7136
1776912240,7135.75,7136.25,7135.5,7136
1776912300,7135.75,7136.5,7135.5,7136
1776912360,7136.25,7137.25,7136,7136.75
1776912420,7136.75,7136.75,7135.25,7135.5
1776912480,7135.75,7135.75,7134.75,7135.25
1776912540,7135.5,7136.75,7135.5,7136.5
1776912600,7136.5,7137,7136,7136.75
1776912660,7136.5,7137,7136,7136.75
1776912720,7136.75,7138,7135.75,7138
1776912780,7137.75,7138.25,7137.25,7138
1776912840,7137.75,7137.75,7135.75,7136.25
1776912900,7136,7136.25,7134,7134.5
1776912960,7134.5,7134.75,7132.25,7133
1776913020,7133,7133.75,7132.75,7133.5
1776913080,7133.5,7134.25,7133,7133.25
1776913140,7133,7133.5,7132.75,7133
1776913200,7133.5,7134,7131.75,7132.25
1776913260,7132.25,7134.5,7131.75,7133.75
1776913320,7133.75,7136.5,7133,7133.75
1776913380,7134,7134,7133.25,7133.75
1776913440,7133.5,7134.5,7132.5,7134
1776913500,7133.75,7134.25,7131.75,7132.5
1776913560,7132.25,7132.75,7131.75,7132
1776913620,7132.5,7132.75,7131.25,7132
1776913680,7131.75,7132.25,7131,7131.75
1776913740,7131.75,7132.5,7131.25,7131.5
1776913800,7131.5,7131.5,7130.25,7131.25
1776913860,7131.25,7131.25,7130,7130.25
1776913920,7130.25,7130.25,7128,7128
1776913980,7128.5,7129.25,7127.5,7128.5
1776914040,7128.5,7129.5,7128.5,7129
1776914100,7128.75,7129.25,7127.5,7128.25
1776914160,7128,7129,7127.25,7128.25
1776914220,7128.25,7128.25,7126.5,7126.5
1776914280,7126.75,7127.75,7126.25,7126.25
1776914340,7126.25,7126.5,7125.5,7126.25
1776914400,7126.25,7126.25,7125.25,7125.25
1776914460,7125.5,7127.5,7125.5,7126.75
1776914520,7127.25,7127.25,7126,7126.5
1776914580,7126.5,7126.75,7125.75,7125.75
1776914640,7125.75,7125.75,7125.25,7125.75
1776914700,7126,7126.25,7125,7125.25
1776914760,7125.25,7125.5,7124,7124.75
1776914820,7124.75,7126.25,7124.5,7125.5
1776914880,7125.5,7125.75,7125,7125
1776914940,7124.75,7126.5,7124.25,7124.75
1776915000,7124.5,7124.75,7123.25,7123.5
1776915060,7123.5,7124.75,7121.5,7124.25
1776915120,7124.25,7126,7124.25,7125
1776915180,7125,7125,7123.75,7124.25
1776915240,7124.25,7125.5,7123.75,7123.75
1776915300,7123.75,7124,7122.25,7122.25
1776915360,7122.25,7123,7120.75,7121.25
1776915420,7121.5,7122,7121,7121.5
1776915480,7121.5,7121.75,7120.75,7121.25
1776915540,7120.75,7121,7120.25,7120.25
1776915600,7120.5,7120.75,7118.75,7120.5
1776915660,7120.5,7122,7120.25,7121.25
1776915720,7121.25,7121.5,7120.5,7121
1776915780,7121,7121.25,7120,7120.5
1776915840,7121,7122.25,7120.75,7121.75
1776915900,7121.75,7123.5,7121.25,7122.5
1776915960,7122.75,7124,7121.5,7122.75
1776916020,7123,7123.5,7122.25,7123.25
1776916080,7123.25,7123.25,7122.25,7123
1776916140,7123,7124.5,7123,7124
1776916200,7124.25,7127,7124.25,7126.25
1776916260,7126.25,7126.25,7124.25,7126
1776916320,7126,7128,7126,7127.75
1776916380,7127.5,7127.75,7127,7127.25
1776916440,7127.25,7127.5,7126.75,7127.25
1776916500,7127.25,7127.25,7123.75,7124.25
1776916560,7124.25,7126,7124.25,7125.75
1776916620,7126,7127.5,7125.5,7127.5
1776916680,7127.5,7128.25,7126.5,7126.5
1776916740,7126.5,7127.25,7126.5,7127.25
1776916800,7127.25,7127.25,7125.5,7125.75
1776916860,7126,7126,7124.25,7124.5
1776916920,7124.25,7125.75,7124.25,7125.5
1776916980,7125.5,7126,7125.5,7125.75
1776917040,7125.75,7126,7124.75,7125
1776917100,7125,7125,7124.25,7124.25
1776917160,7124.5,7124.75,7123.75,7123.75
1776917220,7123.75,7124.25,7123.5,7124.25
1776917280,7124.5,7127.5,7124.5,7126.75
1776917340,7127,7128.5,7127,7127.5
1776917400,7127.75,7128.5,7127.75,7128
1776917460,7127.75,7128.75,7127.5,7128.5
1776917520,7128.75,7130.5,7128.5,7130.25
1776917580,7130,7131,7129.5,7130.25
1776917640,7130,7131.5,7129.75,7131
1776917700,7130.75,7131.25,7130.25,7130.75
1776917760,7130.5,7131.25,7130.25,7130.75
1776917820,7130.75,7131.25,7130.25,7131
1776917880,7131.25,7131.75,7131.25,7131.75
1776917940,7131.5,7131.75,7130.75,7130.75
1776918000,7130.75,7131.5,7130.75,7131.25
1776918060,7131,7131.5,7131,7131
1776918120,7131,7131,7130,7130.5
1776918180,7130.75,7132.5,7130.75,7131.75
1776918240,7131.25,7131.5,7129.5,7129.75
1776918300,7129.75,7130.5,7129.5,7130.5
1776918360,7130.5,7131,7130,7130.75
1776918420,7131,7131.25,7130.75,7131.25
1776918480,7131.25,7132,7131,7131.5
1776918540,7131.25,7131.5,7130.5,7131.25
1776918600,7131,7132,7131,7131.75
1776918660,7131.75,7132,7131,7131.75
1776918720,7131.75,7132,7131.25,7131.5
1776918780,7131.75,7133.25,7131.75,7133
1776918840,7133,7133.5,7133,7133.25
1776918900,7133.5,7135,7133.5,7134.5
1776918960,7134.25,7134.5,7133.75,7134
1776919020,7133.5,7134.75,7133.5,7134.25
1776919080,7134.25,7134.5,7133.75,7134
1776919140,7134,7134.5,7133.75,7133.75
1776919200,7134,7134.25,7133.5,7133.5
1776919260,7133.25,7133.5,7132.5,7133.5
1776919320,7133.5,7134.25,7133,7133.5
1776919380,7133.75,7134.25,7133.5,7133.5
1776919440,7133.5,7133.5,7133,7133.5
1776919500,7133.5,7134,7132.75,7132.75
1776919560,7132.75,7133.5,7132.5,7133.25
1776919620,7133.25,7133.5,7133,7133.5
1776919680,7133.25,7133.5,7133,7133.25
1776919740,7133.5,7134.5,7133.5,7134.25
1776919800,7134.25,7134.5,7133.75,7134
1776919860,7134,7135,7133.5,7134.75
1776919920,7134.5,7134.5,7133.5,7134.25
1776919980,7134.25,7134.5,7134,7134
1776920040,7134,7134.25,7134,7134.25
1776920100,7134,7134,7133,7133.25
1776920160,7133.5,7134,7133.25,7133.75
1776920220,7134,7134.75,7133.75,7134.25
1776920280,7134.25,7135,7134.25,7134.75
1776920340,7134.75,7135.5,7134.75,7135.25
1776920400,7135.25,7135.75,7134,7135.5
1776920460,7135.5,7135.75,7134.75,7134.75
1776920520,7135,7137.25,7135,7136.75
1776920580,7136.5,7137,7135.75,7135.75
1776920640,7135.75,7136.25,7135,7136
1776920700,7136,7136.25,7134.75,7135
1776920760,7135,7135.5,7135,7135.5
1776920820,7135.75,7136,7134.75,7135
1776920880,7134.75,7135.5,7134.75,7135
1776920940,7135.25,7136,7135.25,7135.75
1776921000,7136,7136,7135,7135.5
1776921060,7135.25,7135.75,7135.25,7135.5
1776921120,7135.25,7136,7135.25,7136
1776921180,7136,7136,7135.25,7135.5
1776921240,7135.5,7135.75,7135.25,7135.5
1776921300,7135.75,7136,7135.5,7135.5
1776921360,7135.5,7135.5,7132.25,7132.5
1776921420,7132.5,7133.75,7132.25,7133.5
1776921480,7133.5,7134,7133,7133.75
1776921540,7133.5,7134,7132.75,7132.75
1776921600,7133.25,7133.25,7133,7133.25
1776921660,7133.25,7133.25,7132.5,7133.25
1776921720,7133.25,7133.25,7132.5,7132.75
1776921780,7132.75,7133.75,7132.75,7133.25
1776921840,7133.5,7133.5,7133,7133
1776921900,7133,7133,7131.75,7132
1776921960,7132.25,7132.25,7131.5,7131.5
1776922020,7131.75,7132.25,7131.75,7132
1776922080,7132.25,7134.5,7132,7133.5
1776922140,7133.75,7134.25,7133.5,7133.75
1776922200,7134,7134.25,7132.5,7134
1776922260,7134.25,7136,7134.25,7134.75
1776922320,7134.25,7134.75,7134.25,7134.75
1776922380,7134.5,7136,7132.5,7132.5
1776922440,7132.75,7133.75,7132.75,7133
1776922500,7133,7133,7131.25,7132.75
1776922560,7132.75,7132.75,7131.25,7132
1776922620,7132.25,7133.5,7132.25,7132.75
1776922680,7132.75,7133.75,7132.5,7133.75
1776922740,7133.25,7133.5,7131.5,7131.75
1776922800,7131.75,7132.25,7131,7132
1776922860,7132.25,7132.25,7131.25,7131.5
1776922920,7131.75,7132,7131.25,7131.5
1776922980,7131.25,7131.75,7131.25,7131.75
1776923040,7131.75,7132.25,7131.5,7132
1776923100,7131.75,7133.25,7131.75,7133
1776923160,7133,7134.5,7133,7134
1776923220,7134,7134.75,7133.75,7134
1776923280,7134.25,7134.5,7133.5,7133.75
1776923340,7133.75,7134,7133.25,7133.5
1776923400,7133.25,7134.75,7133.25,7134.5
1776923460,7134.5,7135.5,7133.75,7135.5
1776923520,7135.25,7137.25,7135,7137
1776923580,7137.25,7137.25,7136,7136.75
1776923640,7136.75,7137,7136,7136.75
1776923700,7136.75,7137.75,7136.5,7137.25
1776923760,7137.25,7142,7137.25,7137.75
1776923820,7137.75,7138.25,7137.5,7137.75
1776923880,7137.5,7137.5,7136.5,7137
1776923940,7137,7138.25,7136.75,7138.25
1776924000,7138.25,7139.75,7138.25,7139.25
1776924060,7139.25,7140.75,7138.5,7140.25
1776924120,7140.25,7140.5,7139,7139.75
1776924180,7139.75,7140.5,7138.75,7139.25
1776924240,7139.25,7140.25,7139.25,7139.25
1776924300,7139.5,7140.5,7139.25,7140.5
1776924360,7140.25,7140.75,7139.75,7140.75
1776924420,7140.75,7140.75,7140,7140.25
1776924480,7140,7140.75,7139.5,7140.75
1776924540,7140.75,7141.25,7140.25,7140.5
1776924600,7140.25,7140.75,7140,7140.5
1776924660,7140.25,7141.25,7140.25,7141
1776924720,7141,7141.5,7140.5,7140.5
1776924780,7140.5,7141.25,7139.75,7140.25
1776924840,7140,7140.5,7139,7140.5
1776924900,7140.5,7141.5,7140,7141.5
1776924960,7141.5,7141.5,7141.25,7141.25
1776925020,7141.25,7144,7141.25,7143.75
1776925080,7143.5,7143.75,7142.5,7143
1776925140,7143.25,7143.75,7142.75,7143.25
1776925200,7143,7143.75,7141.75,7142.5
1776925260,7142,7143,7141.75,7143
1776925320,7143.25,7144,7142.75,7143.25
1776925380,7143.25,7143.75,7143,7143
1776925440,7142.75,7143.5,7142.25,7143
1776925500,7143,7143.25,7142.25,7142.25
1776925560,7142.5,7144.25,7142.5,7143.75
1776925620,7143.75,7144,7142.75,7143.5
1776925680,7143.25,7144.25,7143.25,7144
1776925740,7144,7144,7143.5,7143.5
1776925800,7143.25,7144.25,7142.75,7144
1776925860,7144,7144,7142.75,7143.25
1776925920,7143.25,7143.75,7143.25,7143.5
1776925980,7143.25,7143.5,7142.5,7142.75
1776926040,7143,7143.25,7142.75,7143.25
1776926100,7143.25,7143.5,7143,7143.5
1776926160,7143.5,7143.5,7143,7143.25
1776926220,7143,7143.25,7142.75,7143.25
1776926280,7143.25,7144.5,7143.25,7144
1776926340,7144,7144,7143.25,7143.5
1776926400,7143.25,7144,7143.25,7143.75
1776926460,7143.75,7143.75,7142.5,7143
1776926520,7143,7143.5,7142.5,7143.5
1776926580,7143.25,7143.75,7143,7143.25
1776926640,7143.25,7143.25,7142.25,7142.5
1776926700,7142.5,7143,7142.25,7142.75
1776926760,7142.75,7143.5,7142.75,7143.25
1776926820,7143,7143,7141.75,7142.25
1776926880,7142.25,7143.25,7141.75,7142
1776926940,7142,7142,7140.5,7141
1776927000,7141.25,7142.5,7140.5,7142.5
1776927060,7142.5,7142.75,7141.5,7142.25
1776927120,7142.25,7144.75,7142,7144
1776927180,7144.25,7144.5,7143.5,7144
1776927240,7144,7144.5,7144,7144.25
1776927300,7144,7144.25,7143.5,7143.75
1776927360,7143.5,7143.5,7141.25,7142
1776927420,7142,7142,7140.5,7141.75
1776927480,7141.75,7143,7141.5,7142.75
1776927540,7143.25,7144,7142.25,7143.25
1776927600,7143.25,7144,7141.75,7142.25
1776927660,7142,7142.75,7141.25,7142
1776927720,7142.25,7143,7141.75,7142.25
1776927780,7142.25,7143.75,7141.25,7143.25
1776927840,7143.25,7143.5,7142.25,7143
1776927900,7143,7144.25,7142.75,7143
1776927960,7143,7144.5,7142.75,7144
1776928020,7144,7144,7142.75,7142.75
1776928080,7142.75,7144.25,7142.75,7143.75
1776928140,7144,7144,7143,7143.5
1776928200,7143.75,7144.5,7143.25,7144
1776928260,7144.5,7144.5,7142.75,7143
1776928320,7143,7143.25,7142,7143.25
1776928380,7143.25,7144.25,7143,7143.5
1776928440,7143.5,7144.5,7143,7144.5
1776928500,7144.5,7145.25,7142.75,7143.5
1776928560,7143.5,7143.75,7142.25,7143.25
1776928620,7143.75,7144.25,7143.25,7143.5
1776928680,7143.5,7144.25,7143,7143.5
1776928740,7143.25,7143.75,7143,7143.75
1776928800,7143.75,7144,7142.5,7142.75
1776928860,7142.5,7142.5,7140.75,7141.5
1776928920,7141.5,7143.25,7141.5,7143
1776928980,7143,7143.5,7142.75,7143.25
1776929040,7143.5,7143.5,7142.75,7143
1776929100,7143,7143.5,7142.75,7143.25
1776929160,7142.75,7145.25,7142.75,7144.25
1776929220,7144.5,7145,7144.25,7144.5
1776929280,7144.25,7144.75,7144,7144
1776929340,7144,7144,7142.75,7143
1776929400,7143,7143.75,7141.75,7142.75
1776929460,7142.5,7142.75,7141,7142
1776929520,7142.25,7143,7141.75,7141.75
1776929580,7141.5,7142,7141,7142
1776929640,7142,7144.25,7142,7144
1776929700,7144,7146,7143.75,7143.75
1776929760,7144,7144.5,7142.5,7142.5
1776929820,7142.75,7142.75,7140.25,7140.75
1776929880,7140.75,7141.75,7140.25,7141.75
1776929940,7141.75,7143,7141.25,7142
1776930000,7142.25,7142.25,7141.25,7141.75
1776930060,7141.5,7141.75,7141,7141.5
1776930120,7141.25,7142,7141,7141.75
1776930180,7142.25,7144,7141.5,7144
1776930240,7143.75,7145.5,7143.25,7145.5
1776930300,7145.5,7147.25,7145.25,7145.5
1776930360,7145.25,7145.5,7142.75,7143.5
1776930420,7144,7145.5,7143.75,7144.75
1776930480,7144.75,7147.75,7144.25,7146.75
1776930540,7147,7148.75,7146,7148.75
1776930600,7148.75,7149,7147,7147.75
1776930660,7147.25,7147.5,7146,7146.25
1776930720,7146.25,7146.25,7144.25,7144.5
1776930780,7144.5,7145.5,7144.5,7145.5
1776930840,7145.5,7147,7145.5,7146.75
1776930900,7146.5,7147.25,7146.25,7146.25
1776930960,7146.25,7146.25,7144,7144.25
1776931020,7144.25,7145,7143.5,7144.5
1776931080,7144.75,7145,7143.75,7144.5
1776931140,7144.5,7145.5,7144.5,7145
1776931200,7145,7146,7145,7145
1776931260,7145,7145,7143.25,7143.75
1776931320,7143.75,7145,7142,7142.75
1776931380,7142.75,7143,7141.75,7142.5
1776931440,7142.25,7142.5,7141.25,7141.75
1776931500,7141.5,7142,7140,7140.25
1776931560,7140,7141.75,7139.75,7141
1776931620,7141.25,7141.25,7138.25,7139
1776931680,7139,7139.25,7138,7138.25
1776931740,7138.25,7139.5,7137.75,7139.5
1776931800,7139.5,7140.75,7139.25,7139.75
1776931860,7140,7140.25,7138.75,7139.25
1776931920,7139.25,7141.5,7139.25,7141
1776931980,7141,7142.5,7141,7141.75
1776932040,7141.75,7143,7141.25,7141.5
1776932100,7141.75,7142,7140.5,7141.25
1776932160,7141.5,7142.25,7141.25,7142
1776932220,7141.75,7142.75,7141.25,7142.5
1776932280,7142.75,7143.25,7142.25,7142.25
1776932340,7142,7143.75,7141.75,7143.75
1776932400,7144,7145.75,7142.75,7143
1776932460,7143.25,7144,7143,7143.5
1776932520,7143.25,7143.75,7143,7143.5
1776932580,7143.25,7143.25,7142,7142
1776932640,7142,7144,7141.75,7144
1776932700,7144,7144.25,7143,7144.25
1776932760,7144.25,7146.5,7144.25,7145.75
1776932820,7145.75,7146.5,7145.25,7145.5
1776932880,7145.5,7146,7144.25,7144.75
1776932940,7144.5,7144.5,7141.5,7142.25
1776933000,7142.25,7142.5,7140,7141.25
1776933060,7141.5,7141.5,7139.5,7139.5
1776933120,7139.5,7139.5,7138.25,7138.5
1776933180,7138.25,7139.5,7137,7139.5
1776933240,7139.5,7140.25,7139,7139
1776933300,7139,7140.5,7138.75,7140
1776933360,7140.25,7140.75,7139,7139
1776933420,7138.75,7138.75,7137.5,7138
1776933480,7138.5,7139.75,7138,7139
1776933540,7139,7139.25,7137,7137.75
1776933600,7138,7138,7135.5,7135.75
1776933660,7135.75,7136.25,7135,7135.5
1776933720,7135.5,7136.75,7135.25,7136.75
1776933780,7136.75,7136.75,7134.25,7134.25
1776933840,7134.25,7134.5,7133,7133.5
1776933900,7133.25,7133.5,7132.75,7133
1776933960,7133,7134.25,7132.5,7134
1776934020,7134.25,7135.25,7134,7134.75
1776934080,7134.5,7135,7132.75,7133
1776934140,7133,7134,7133,7133.25
1776934200,7133.25,7133.25,7132,7132.5
1776934260,7132.75,7133,7130.75,7131.25
1776934320,7131.5,7133.5,7131,7133.5
1776934380,7133.5,7134,7133,7133
1776934440,7132.75,7133.25,7132.75,7133.25
1776934500,7133.5,7134.5,7133.25,7133.75
1776934560,7133.75,7134,7133,7133.75
1776934620,7133.5,7134.25,7133.25,7133.5
1776934680,7133.75,7134.5,7132.5,7134.5
1776934740,7134.5,7135,7132.75,7133
1776934800,7132.75,7133,7131,7131.5
1776934860,7131.5,7132.5,7131.25,7131.25
1776934920,7131.25,7131.75,7130.25,7131.5
1776934980,7131.5,7131.5,7128.5,7129.5
1776935040,7129.75,7130,7127,7127.5
1776935100,7127.75,7128.75,7126.5,7127.25
1776935160,7127.25,7127.75,7126.5,7127
1776935220,7127,7128,7126.5,7127.25
1776935280,7127.25,7127.25,7125.75,7127
1776935340,7126.75,7128,7126.75,7127
1776935400,7127,7128,7126.5,7127.75
1776935460,7127.5,7128.25,7127.25,7127.25
1776935520,7127,7128.75,7126.5,7127.75
1776935580,7127.75,7129.25,7127,7127
1776935640,7127,7128.25,7126.75,7128
1776935700,7128,7129,7127.75,7129
1776935760,7129.25,7130.75,7129.25,7129.75
1776935820,7130,7132.75,7130,7132.5
1776935880,7132.5,7136.75,7132.5,7136
1776935940,7136,7136.75,7135,7135.5
1776936000,7135.25,7136,7134.5,7136
1776936060,7136,7136.25,7134.75,7135.75
1776936120,7135.75,7137.5,7135.25,7136.75
1776936180,7136.75,7137.25,7136.25,7136.5
1776936240,7136.5,7136.5,7135.5,7136
1776936300,7136,7136,7135,7135.5
1776936360,7135.5,7137.25,7135.25,7136.75
1776936420,7137,7138.5,7136.75,7137.25
1776936480,7137,7137,7135.75,7135.75
1776936540,7135.75,7135.75,7134.25,7135.5
1776936600,7135.75,7138.75,7135.75,7138.5
1776936660,7138.25,7140.5,7137.5,7138.75
1776936720,7139,7139.5,7137.75,7137.75
1776936780,7137.75,7138.75,7137.5,7137.5
1776936840,7137.5,7138.5,7137.25,7137.5
1776936900,7137.25,7137.5,7136.5,7137
1776936960,7136.75,7137,7136,7136.25
1776937020,7136.25,7136.5,7135.75,7136
1776937080,7136.25,7136.25,7135,7135.75
1776937140,7135.5,7136.5,7135.25,7136.5
1776937200,7136.75,7137.75,7136.75,7137.75
1776937260,7137.5,7139,7137.25,7138.25
1776937320,7138,7138.75,7137.5,7138.25
1776937380,7138,7139,7137,7137.25
1776937440,7137.25,7137.25,7136,7136.25
1776937500,7136.5,7136.75,7136.25,7136.25
1776937560,7136.25,7136.5,7135,7135
1776937620,7135.25,7135.75,7134.5,7134.75
1776937680,7134.75,7137,7134.25,7136.75
1776937740,7137,7137.25,7136.5,7137.25
1776937800,7137.25,7137.25,7135.5,7136.25
1776937860,7136.25,7136.25,7135.5,7135.75
1776937920,7136,7136.5,7136,7136.5
1776937980,7136.75,7137.5,7136.25,7136.5
1776938040,7136,7136,7134.5,7135.25
1776938100,7135.25,7137,7135.25,7136
1776938160,7136,7136.75,7135.75,7136.25
1776938220,7136,7136.5,7136,7136.5
1776938280,7136.25,7136.5,7134.5,7135
1776938340,7134.75,7135.5,7134.75,7135
1776938400,7135,7136,7132.5,7135.25
1776938460,7135,7135.75,7134,7134
1776938520,7134.25,7135.5,7134,7135
1776938580,7134.75,7135.25,7132,7132.25
1776938640,7132.5,7134.25,7131.75,7133
1776938700,7133,7133.75,7132,7133
1776938760,7133,7134,7132.5,7133.5
1776938820,7133.25,7133.5,7132.75,7132.75
1776938880,7133,7133.25,7131.25,7131.5
1776938940,7131.5,7132,7131,7131.5
1776939000,7131.25,7132.5,7131.25,7132.5
1776939060,7132.5,7133.5,7132,7132
1776939120,7132,7132,7131,7131.5
1776939180,7131.5,7131.5,7129,7129.75
1776939240,7130,7130.75,7129.75,7130.25
1776939300,7130.25,7131.5,7130.25,7131.5
1776939360,7131.25,7132.25,7130.25,7132.25
1776939420,7132,7132,7130.25,7131.25
1776939480,7131,7132.5,7130.25,7132.25
1776939540,7132.5,7133,7131.75,7132
1776939600,7131.75,7134.75,7131.75,7133.5
1776939660,7133.5,7134,7133,7133.25
1776939720,7133.25,7133.75,7132,7132.75
1776939780,7133,7134.5,7131.75,7134.5
1776939840,7134.75,7135.75,7134,7135.5
1776939900,7135.25,7136.25,7135.25,7136
1776939960,7135.75,7135.75,7135,7135.75
1776940020,7135.75,7137.5,7135.5,7136
1776940080,7136,7136.75,7135.5,7136
1776940140,7136,7136,7134.5,7134.5
1776940200,7134.5,7135.75,7133.5,7135.5
1776940260,7135.5,7136.75,7135.25,7136.5
1776940320,7136.5,7138.5,7136.5,7137.75
1776940380,7137.75,7139.5,7137.5,7138.5
1776940440,7138.5,7141.75,7138.5,7141.5
1776940500,7141.5,7142.25,7140.25,7140.25
1776940560,7140.25,7140.75,7138.25,7138.5
1776940620,7138.5,7140.25,7138.5,7138.75
1776940680,7138.75,7139,7137.25,7138
1776940740,7138,7138.25,7137.5,7137.75
1776940800,7137.75,7138,7136.75,7137
1776940860,7137.25,7137.25,7136.5,7136.75
1776940920,7137,7138.25,7137,7137.5
1776940980,7137.5,7137.5,7136,7136.5
1776941040,7136.5,7136.5,7135,7135.5
1776941100,7135.5,7137.5,7135.5,7137
1776941160,7137.25,7137.5,7136.75,7137.5
1776941220,7137.5,7138.5,7136,7136.25
1776941280,7136.25,7137,7136.25,7136.25
1776941340,7135.75,7136.25,7135.5,7135.5
1776941400,7135.5,7136.25,7134.75,7136.25
1776941460,7136.5,7137,7136.25,7137
1776941520,7137.25,7138.25,7137.25,7137.75
1776941580,7137.75,7138.5,7137.75,7138
1776941640,7138,7139.25,7137.5,7138.5
1776941700,7138.5,7141.25,7138.25,7139.25
1776941760,7139,7140.25,7139,7139.75
1776941820,7139.75,7141,7139.75,7141
1776941880,7141,7143,7141,7141.75
1776941940,7141.5,7142,7141,7141.75
1776942000,7141.75,7143.5,7141.75,7142.75
1776942060,7142.75,7143.75,7142.5,7143.5
1776942120,7143.5,7144.25,7143,7144
1776942180,7143.75,7144.5,7143,7143
1776942240,7143,7144.25,7142.75,7144
1776942300,7144,7145.25,7143.75,7144.25
1776942360,7144.25,7144.75,7143.75,7144
1776942420,7144,7144.5,7142.25,7143.75
1776942480,7144.25,7145,7144,7144.5
1776942540,7144.5,7144.5,7144,7144
1776942600,7144,7145,7143.5,7143.75
1776942660,7143.5,7144.25,7143.25,7143.5
1776942720,7143.5,7144.25,7142.75,7143.25
1776942780,7143.25,7143.75,7142.75,7143.5
1776942840,7143.25,7143.75,7139,7141.75
1776942900,7141.5,7142.25,7140.5,7142
1776942960,7142,7142.75,7140.25,7140.25
1776943020,7140.25,7140.75,7139.25,7140.25
1776943080,7140,7141.5,7140,7140.75
1776943140,7140.5,7140.75,7140,7140.25
1776943200,7140.25,7142,7140.25,7141.75
1776943260,7141.5,7141.5,7140.5,7141.25
1776943320,7141.25,7141.5,7141,7141.25
1776943380,7141,7141,7139.5,7140.25
1776943440,7140,7140.5,7139.75,7140.5
1776943500,7140.75,7142,7140.5,7141.5
1776943560,7141.5,7142.25,7140.75,7141
1776943620,7141.25,7141.5,7140.5,7141.25
1776943680,7141.25,7141.75,7139.5,7139.75
1776943740,7139.75,7139.75,7135.75,7138.5
1776943800,7138.5,7139.5,7136.5,7138
1776943860,7138,7140,7137.25,7138.75
1776943920,7138.5,7139.25,7137,7137.5
1776943980,7137.75,7137.75,7134.75,7135.25
1776944040,7135.5,7136,7134.25,7135.25
1776944100,7135.25,7136.25,7135,7136.25
1776944160,7136,7137.75,7136,7136
1776944220,7136.25,7143,7136,7138.75
1776944280,7138.75,7143.25,7137.75,7138
1776944340,7138,7139.75,7137.5,7139.5
1776944400,7139.75,7140.25,7139,7139
1776944460,7139.25,7140.75,7138,7139.25
1776944520,7139.25,7143.25,7139.25,7142.25
1776944580,7142.25,7143.25,7141.5,7143.25
1776944640,7142.75,7144.25,7142.5,7144.25
1776944700,7144.25,7147.75,7143.5,7147.25
1776944760,7147.25,7148.75,7146.5,7148
1776944820,7148,7158.25,7147,7155
1776944880,7155,7157.75,7153.75,7154
1776944940,7154,7154,7151.25,7151.5
1776945000,7151.5,7153.75,7151.25,7151.25
1776945060,7151.25,7153.75,7151,7153
1776945120,7153.25,7158.75,7153,7157
1776945180,7157,7157.75,7156,7156.75
1776945240,7156.75,7160,7156.5,7159.25
1776945300,7159.25,7159.75,7157.75,7159.5
1776945360,7159.5,7159.5,7157.75,7159
1776945420,7159.25,7160.75,7159,7159.25
1776945480,7159,7159.5,7156.75,7157.25
1776945540,7157.5,7158.5,7156.5,7158.25
1776945600,7158,7160.75,7157,7160.25
1776945660,7160,7163,7159.5,7161.75
1776945720,7162,7163.25,7160.5,7161
1776945780,7160.75,7161,7160,7160
1776945840,7160,7162.25,7158.5,7160.5
1776945900,7160.25,7162,7160.25,7162
1776945960,7162,7169.5,7161.75,7164
1776946020,7164,7168.25,7163,7165.25
1776946080,7165.5,7166.75,7165,7165.5
1776946140,7165.5,7166.5,7165,7165.5
1776946200,7165.25,7166.75,7164.75,7165.75
1776946260,7165.5,7169.5,7165,7168.25
1776946320,7168.5,7168.5,7166.75,7167.25
1776946380,7167.5,7167.5,7166,7167
1776946440,7167,7167.25,7164.25,7164.5
1776946500,7164.5,7164.5,7161.75,7162.25
1776946560,7162,7162,7160.25,7160.5
1776946620,7160.5,7162.5,7160.5,7162
1776946680,7162,7163.25,7161.75,7163
1776946740,7163,7163.5,7161.25,7161.25
1776946800,7161.5,7161.5,7159,7159.25
1776946860,7159.25,7159.25,7156.25,7157.25
1776946920,7157,7157.75,7156.25,7156.5
1776946980,7156.5,7157,7155.75,7156.5
1776947040,7156.25,7158.5,7156.25,7158.25
1776947100,7158.25,7159,7158,7158.25
1776947160,7158.5,7159.25,7157.75,7158
1776947220,7158,7158.5,7157.5,7158
1776947280,7158,7158.5,7157,7158
1776947340,7158,7160,7158,7158.75
1776947400,7158.5,7159.75,7158,7159.25
1776947460,7159,7161,7159,7160.25
1776947520,7160.25,7160.75,7159,7160
1776947580,7160,7161.5,7158.75,7160.25
1776947640,7160.25,7161.25,7156.5,7157.5
1776947700,7157.25,7158.25,7156,7156.75
1776947760,7156.75,7158.25,7156,7156.5
1776947820,7156.75,7158.5,7156.25,7157.75
1776947880,7157.75,7158.25,7154.5,7155.75
1776947940,7155.75,7157.75,7155.25,7157.5
1776948000,7157.25,7158.25,7156.5,7157.5
1776948060,7157.25,7157.75,7157,7157.25
1776948120,7157,7158.25,7156.75,7157.5
1776948180,7157.5,7158,7157,7157.75
1776948240,7157.75,7157.75,7156,7156.25
1776948300,7156.25,7158.25,7144.25,7145
1776948360,7145,7152.25,7136.25,7152.25
1776948420,7152,7152.25,7148.75,7150
1776948480,7149.75,7153.5,7145.5,7149.75
1776948540,7149.5,7150.25,7148.25,7149.5
1776948600,7149.5,7150.75,7148.5,7150.25
1776948660,7150,7151.75,7149,7151.25
1776948720,7151.5,7154.5,7150.5,7151.25
1776948780,7151.25,7152,7150.25,7151
1776948840,7151.25,7151.75,7150,7151.5
1776948900,7151.5,7152.75,7150.25,7151.75
1776948960,7151.75,7152,7150,7150.5
1776949020,7150.5,7150.75,7149.25,7150.5
1776949080,7150.5,7152.75,7150.25,7152
1776949140,7151.75,7152.75,7151.5,7152
1776949200,7152.25,7155.5,7152.25,7153.75
1776949260,7153.5,7154.25,7152.25,7152.5
1776949320,7152.75,7154,7152.25,7153.75
1776949380,7153.75,7155,7153,7153.25
1776949440,7153.25,7154.75,7153.25,7153.5
1776949500,7153.25,7154.25,7152.75,7153.75
1776949560,7153.75,7153.75,7152.75,7153.25
1776949620,7153.5,7154.75,7153.5,7153.5
1776949680,7153.5,7153.5,7151.75,7152.5
1776949740,7152.25,7154,7152,7153.25
1776949800,7153.5,7153.5,7152.25,7153.25
1776949860,7153,7153,7152,7152.5
1776949920,7152.5,7152.75,7151,7152
1776949980,7152,7153,7151.75,7152.5
1776950040,7152.75,7152.75,7142.5,7148.75
1776950100,7148.5,7152.75,7148.5,7151
1776950160,7151,7153,7150.25,7152.75
1776950220,7152.75,7152.75,7150,7150.5
1776950280,7150.25,7151.5,7150,7151
1776950340,7151,7151.5,7149.5,7150.75
1776950400,7150.75,7152.5,7150.5,7151.25
1776950460,7151.5,7153.75,7150.5,7152.25
1776950520,7152.25,7152.75,7151.75,7152.25
1776950580,7152.25,7152.75,7151.5,7152
1776950640,7152,7152.25,7150.75,7151.75
1776950700,7151.5,7151.5,7149.25,7149.75
1776950760,7149.75,7149.75,7148.25,7148.5
1776950820,7148.5,7148.5,7146.25,7148.25
1776950880,7148.5,7152.25,7148.5,7151.25
1776950940,7151,7152.5,7150.5,7152
1776951000,7152.25,7154.75,7149.75,7154
1776951060,7154,7157.25,7153.5,7155.25
1776951120,7155.25,7157.5,7154.5,7156.75
1776951180,7157,7157.25,7153.5,7155.25
1776951240,7155,7155.25,7151.75,7152.75
1776951300,7152.75,7156.25,7151.25,7155.5
1776951360,7155.75,7158.5,7154.75,7158
1776951420,7158,7158,7156.25,7157
1776951480,7157.25,7159.25,7155,7158.5
1776951540,7158.25,7161.25,7158.25,7160
1776951600,7160.25,7162.5,7157,7161.5
1776951660,7161.5,7163.25,7159.75,7162.25
1776951720,7162.25,7163,7160.25,7162.25
1776951780,7162.25,7163.5,7161.75,7162.75
1776951840,7163,7163.75,7162.25,7163.75
1776951900,7163.75,7163.75,7161.75,7163.25
1776951960,7163.25,7166.75,7163,7165.25
1776952020,7165.25,7167.5,7164.25,7167.25
1776952080,7167.25,7171,7166.5,7167.75
1776952140,7167.75,7169,7165.25,7167.5
1776952200,7167.5,7168,7158.75,7162
1776952260,7162.25,7166,7162,7165
1776952320,7165.25,7166.75,7165,7165.5
1776952380,7165.5,7165.75,7163,7165.5
1776952440,7165.5,7165.5,7162.5,7164
1776952500,7164,7164,7161,7161.5
1776952560,7161.75,7163.25,7161,7162
1776952620,7162.25,7163.75,7161.5,7162
1776952680,7162,7162.25,7159.25,7161.25
1776952740,7161.5,7162,7159.5,7159.75
1776952800,7159.75,7159.75,7153,7153.75
1776952860,7153.75,7155.25,7151.5,7154.25
1776952920,7154.25,7156.75,7149,7156.5
1776952980,7156.25,7159,7154.75,7158.25
1776953040,7158,7161,7156.75,7157
1776953100,7157,7161,7156.25,7159.75
1776953160,7160,7160.25,7155.5,7156.5
1776953220,7156.5,7158.25,7154.25,7157.75
1776953280,7157.5,7161.5,7157,7159.5
1776953340,7159.5,7161,7159.5,7160.5
1776953400,7160.5,7161,7157.5,7159.75
1776953460,7159.75,7160.5,7157.5,7160
1776953520,7159.75,7160,7158,7160
1776953580,7160,7161.25,7158,7159
1776953640,7158.75,7159.25,7157.5,7158.75
1776953700,7158.75,7164,7158.25,7162.5
1776953760,7162.5,7164.75,7161.25,7162.5
1776953820,7162.5,7164.25,7161.75,7163.25
1776953880,7163,7163.5,7160,7160.25
1776953940,7160.25,7160.75,7158,7159.5
1776954000,7159.75,7162.25,7159,7162
1776954060,7162,7162.75,7159.5,7161.75
1776954120,7161.75,7162.5,7159.75,7161
1776954180,7161,7164.25,7161,7164
1776954240,7164,7166.75,7163,7165.75
1776954300,7165.75,7167.25,7164.25,7165.5
1776954360,7165.25,7166,7164.5,7165.5
1776954420,7165.25,7166.75,7163.5,7164
1776954480,7163.75,7164,7160.25,7162.25
1776954540,7162.25,7163,7161,7163
1776954600,7163,7166,7163,7165
1776954660,7165,7168.25,7164.75,7166
1776954720,7166.25,7169.5,7165.75,7166.75
1776954780,7166.75,7167.75,7166,7166
1776954840,7166,7167,7165,7165
1776954900,7165,7166.75,7164.5,7165.25
1776954960,7165,7167,7164.5,7166.75
1776955020,7166.75,7168,7165.75,7167.5
1776955080,7167.5,7168.25,7162.5,7163.25
1776955140,7163,7165,7161.75,7164.5
1776955200,7164.5,7165.5,7163.75,7164.25
1776955260,7164.5,7165.75,7163.75,7163.75
1776955320,7163.75,7164.75,7162.25,7164
1776955380,7164,7167.5,7163,7167.25
1776955440,7167.25,7168,7166.75,7167.25
1776955500,7167.25,7170,7167.25,7169.75
1776955560,7169.75,7170,7167.25,7167.75
1776955620,7167.5,7168.5,7166.25,7168.5
1776955680,7168.25,7170.25,7168,7168.75
1776955740,7168.75,7170.5,7168.25,7168.75
1776955800,7169,7169.75,7167.5,7169.75
1776955860,7169.75,7170.25,7169.25,7169.5
1776955920,7169.5,7172.25,7168.75,7171.5
1776955980,7171.5,7172.75,7171.5,7172
1776956040,7172,7172.75,7170,7172.75
1776956100,7172.5,7175.25,7172.5,7174.5
1776956160,7174.5,7176,7173.5,7175.5
1776956220,7175.5,7178.5,7175.25,7178
1776956280,7178.25,7178.25,7175.25,7176.75
1776956340,7176.75,7176.75,7174.5,7175
1776956400,7175,7177.75,7174.75,7177
1776956460,7177,7178,7175.75,7176.25
1776956520,7176.25,7177.5,7175.75,7176
1776956580,7176.25,7176.75,7175.25,7176
1776956640,7176,7176,7174.25,7175
1776956700,7175,7175.75,7174,7175
1776956760,7175.25,7175.25,7173.5,7174.25
1776956820,7174.25,7175.25,7173,7173.25
1776956880,7173.5,7173.75,7171.75,7172.5
1776956940,7172.5,7175.25,7172,7175.25
1776957000,7175,7177.5,7175,7176
1776957060,7176.25,7177.5,7175.75,7176.25
1776957120,7176.25,7176.75,7174.75,7176
1776957180,7176.25,7176.75,7175.25,7175.25
1776957240,7175.5,7176.25,7173.75,7174
1776957300,7174,7174.5,7172.75,7174
1776957360,7173.75,7176.5,7173.5,7176.5
1776957420,7176.5,7179,7176.25,7178.25
1776957480,7178.25,7179.75,7177.75,7178.5
1776957540,7178.5,7179.25,7178,7178.25
1776957600,7178.25,7179.5,7177,7177.5
1776957660,7177.5,7178.5,7177.25,7178
1776957720,7178,7178.75,7176.5,7177.5
1776957780,7177.5,7179.75,7177.25,7179.25
1776957840,7179.25,7179.75,7179,7179.25
1776957900,7179,7180,7178,7180
1776957960,7180,7180.5,7179.25,7179.75
1776958020,7179.75,7180.5,7179,7180.5
1776958080,7180.25,7180.25,7178.75,7179
1776958140,7179,7179.5,7177.25,7177.75
1776958200,7177.75,7178.5,7175.75,7177.75
1776958260,7177.75,7180.25,7177,7180
1776958320,7180.25,7181.5,7179.5,7180.75
1776958380,7180.75,7181.5,7180.25,7181
1776958440,7181,7181,7178.75,7179.5
1776958500,7179.25,7179.5,7177.75,7178
1776958560,7178,7178.75,7177.5,7178
1776958620,7177.75,7178.5,7177,7177.25
1776958680,7177,7178,7176.25,7176.75
1776958740,7176.75,7176.75,7175.25,7175.75
1776958800,7175.5,7176.25,7174.25,7176.25
1776958860,7176,7177.5,7176,7176.75
1776958920,7176.5,7177,7175.5,7176.25
1776958980,7176.5,7176.75,7174.25,7174.5
1776959040,7174.5,7175.5,7172.25,7173.5
1776959100,7173.25,7173.75,7168.25,7168.25
1776959160,7168.25,7170.25,7166,7168
1776959220,7168,7170.75,7167.5,7170.25
1776959280,7170.25,7171.75,7167.75,7170
1776959340,7170,7170.5,7168.5,7170
1776959400,7170,7170,7167,7167.5
1776959460,7167.5,7169.25,7166,7166.5
1776959520,7166.5,7167.5,7165.5,7167
1776959580,7167,7167.75,7166,7166
1776959640,7166,7167.25,7164.5,7165.25
1776959700,7165,7169.75,7164.25,7168.5
1776959760,7168.5,7172.25,7168,7171
1776959820,7171,7171.75,7166.5,7167
1776959880,7167,7169,7167,7168.25
1776959940,7168.25,7169,7167.25,7168.75
1776960000,7168.5,7169.75,7166.75,7168
1776960060,7167.75,7169.25,7167.5,7167.75
1776960120,7167.5,7167.5,7165.75,7166
1776960180,7166,7166,7163.75,7165
1776960240,7164.75,7165,7161.25,7161.5
1776960300,7161.5,7163,7160.25,7162
1776960360,7162,7164,7161.75,7163.5
1776960420,7163.75,7164.25,7161.5,7162.75
1776960480,7162.75,7164,7161.25,7161.75
1776960540,7161.5,7162.5,7160.75,7162.5
1776960600,7162.5,7164.75,7162.25,7164
1776960660,7164,7165,7162.25,7162.75
1776960720,7162.75,7166.5,7162.5,7165.75
1776960780,7165.75,7167.25,7165.25,7166.75
1776960840,7166.75,7167.25,7165.5,7166.5
1776960900,7166.25,7168.25,7166.25,7166.5
1776960960,7166.5,7167.75,7166,7166.75
1776961020,7166.5,7167,7165.25,7166
1776961080,7166,7168,7166,7167
1776961140,7166.75,7167.25,7165.75,7167
1776961200,7166.75,7167.5,7164.25,7164.75
1776961260,7164.75,7164.75,7162.5,7163
1776961320,7163,7163.5,7161.25,7162.5
1776961380,7162.25,7164.25,7162.25,7163.5
1776961440,7163.5,7166,7163.25,7165.75
1776961500,7165.5,7167.25,7165.5,7167.25
1776961560,7167,7167.75,7166.25,7166.75
1776961620,7166.75,7168,7165.25,7166.25
1776961680,7166.25,7166.25,7164.25,7165.75
1776961740,7165.5,7165.5,7163.5,7164.75
1776961800,7164.5,7165.25,7163.5,7165.25
1776961860,7165,7166.25,7164.75,7165.25
1776961920,7165,7165.75,7164.5,7165.5
1776961980,7165.75,7167.25,7164.75,7167
1776962040,7167,7168.25,7166.5,7167.75
1776962100,7167.75,7169.5,7167.5,7169.25
1776962160,7169.25,7170.25,7168,7168.75
1776962220,7168.5,7169.25,7165.5,7166.25
1776962280,7166.25,7167.5,7165.75,7166.5
1776962340,7166.25,7166.75,7165,7165.75
1776962400,7165.5,7166.5,7165.25,7166.25
1776962460,7166,7166,7165,7165.5
1776962520,7165.5,7167,7164.75,7165.25
1776962580,7165.25,7166.5,7165.25,7166.25
1776962640,7166.5,7167.5,7166.25,7166.75
1776962700,7167,7169.25,7166.75,7168.25
1776962760,7168.25,7168.25,7166.5,7167.5
1776962820,7167.5,7167.75,7165.25,7165.5
1776962880,7165.75,7166.25,7165,7166
1776962940,7166,7166.75,7165.75,7166
1776963000,7166,7166.25,7164.5,7165.75
1776963060,7165.75,7167.5,7165.75,7167
1776963120,7167,7167.5,7165.75,7167
1776963180,7167,7168.25,7167,7167.25
1776963240,7167,7167.25,7166.5,7166.75
1776963300,7166.5,7167.75,7166.25,7167.75
1776963360,7167.75,7169,7167.25,7168.5
1776963420,7168.5,7169.5,7168.5,7169
1776963480,7168.75,7169.25,7163,7165.5
1776963540,7165.5,7167,7165,7166.25
1776963600,7166.25,7168,7165.75,7167.25
1776963660,7167.25,7168.25,7151.75,7152.5
1776963720,7152.5,7157.25,7150.25,7156
1776963780,7156.25,7158,7151,7154.5
1776963840,7154.25,7156.25,7147,7150
1776963900,7149.75,7150.25,7141.25,7147.25
1776963960,7147,7148.25,7143.75,7147
1776964020,7147,7148.5,7143,7145
1776964080,7145.25,7145.75,7141,7141.75
1776964140,7141.75,7143.75,7135.25,7136
1776964200,7135.75,7137.75,7131,7137.75
1776964260,7137.5,7139,7132.5,7135
1776964320,7135,7139,7130.5,7132.75
1776964380,7132.75,7134.25,7130,7131.75
1776964440,7131.75,7136.25,7131.75,7134.25
1776964500,7134.25,7134.25,7128,7128.5
1776964560,7128.5,7133.25,7121.5,7125.75
1776964620,7126,7126.25,7120.75,7125.75
1776964680,7125.5,7126.25,7122,7124.25
1776964740,7124.25,7126,7118.25,7122.25
1776964800,7122.25,7123.25,7119,7122.5
1776964860,7122.25,7126.5,7121.25,7122.25
1776964920,7122.25,7122.25,7116.25,7119.75
1776964980,7119.75,7123,7119,7122
1776965040,7122.25,7124.5,7117.75,7119.5
1776965100,7119.5,7120.5,7116.75,7119.5
1776965160,7119.5,7131,7119.25,7128.25
1776965220,7128.25,7128.75,7122.5,7124.5
1776965280,7124.5,7125,7116,7117.75
1776965340,7117.75,7119.5,7115.5,7117
1776965400,7117.25,7122.75,7115.5,7119.25
1776965460,7119.5,7120.25,7114.75,7119
1776965520,7119.25,7124.5,7118.25,7122.25
1776965580,7122.25,7124.5,7119.75,7124
1776965640,7124,7131,7124,7130.5
1776965700,7130.25,7133.75,7127,7128
1776965760,7128.25,7129,7114.5,7116.75
1776965820,7116.75,7117.75,7113.25,7116.25
1776965880,7116.5,7118.75,7113.25,7116
1776965940,7116.25,7117.75,7112.75,7115
1776966000,7115,7115.5,7107,7108
1776966060,7107.75,7108,7100,7100.5
1776966120,7100.5,7104.25,7094.25,7098.75
1776966180,7098.75,7098.75,7093.5,7095.25
1776966240,7095.25,7095.75,7090,7094.25
1776966300,7094.25,7094.75,7085,7090.25
1776966360,7090.25,7091,7079.25,7082
1776966420,7082,7097.25,7079.75,7094.25
1776966480,7094.25,7098.75,7092,7093.5
1776966540,7093.25,7096,7088.5,7092
1776966600,7092,7095,7084.75,7092
1776966660,7092,7093.75,7089,7091.5
1776966720,7091.75,7093,7086.75,7091.5
1776966780,7091.75,7124.5,7090.75,7110
1776966840,7110.25,7116.5,7105,7113.25
1776966900,7112.75,7123.75,7111.75,7123.5
1776966960,7123.25,7127.5,7118.5,7119
1776967020,7119,7126.5,7117.25,7117.75
1776967080,7117.5,7123,7115.5,7122.5
1776967140,7122.5,7126,7120,7123.5
1776967200,7123.25,7126.5,7120.75,7122
1776967260,7121.75,7136.75,7119,7129
1776967320,7129,7136.25,7126.75,7131.25
1776967380,7131,7134.5,7129,7129.75
1776967440,7129.5,7131.75,7127.5,7130
1776967500,7130,7133.75,7125.25,7131.75
1776967560,7131.75,7136.25,7131.25,7133.25
1776967620,7133.25,7136.75,7132.5,7135
1776967680,7135,7136.25,7132,7133
1776967740,7132.75,7134,7130.25,7130.75
1776967800,7130.75,7139.75,7130.25,7136.25
1776967860,7136.25,7138.5,7131.75,7133
1776967920,7133,7134.5,7129,7131
1776967980,7131,7134.75,7130.25,7134.25
1776968040,7134.25,7136.75,7134,7135.25
1776968100,7135.25,7137,7134.25,7134.75
1776968160,7134.75,7138.5,7134.25,7137
1776968220,7137,7140,7135.25,7136
1776968280,7135.75,7140.75,7134,7137.75
1776968340,7137.75,7140,7137.75,7138.75
1776968400,7139,7141,7138.75,7139.75
1776968460,7139.75,7142.5,7133.5,7136
1776968520,7136.25,7139.5,7136,7137.25
1776968580,7137.25,7141.25,7136.5,7140
1776968640,7140.25,7142,7138.75,7140
1776968700,7140.25,7141,7139,7140.5
1776968760,7140.5,7140.75,7137.5,7138.75
1776968820,7139,7140.5,7138.25,7138.5
1776968880,7138.5,7142,7137,7141.5
1776968940,7141.5,7143.25,7140.75,7142.5
1776969000,7142.25,7146.5,7142.25,7145
1776969060,7145.25,7149,7145,7146.25
1776969120,7146.25,7146.75,7145,7145.75
1776969180,7146,7149.25,7145.75,7147.75
1776969240,7147.75,7148.5,7147,7148
1776969300,7148.25,7151,7147.75,7150.25
1776969360,7150.25,7151.75,7150,7150
1776969420,7150,7152.25,7150,7151.5
1776969480,7151.75,7151.75,7147.5,7147.5
1776969540,7147.75,7148.25,7145.25,7146.5
1776969600,7146.75,7147.75,7145.75,7145.75
1776969660,7145.75,7146.5,7144.25,7144.5
1776969720,7144.5,7145.5,7139.75,7141
1776969780,7141,7143.25,7138,7141.5
1776969840,7141.5,7145,7141.5,7143.75
1776969900,7144,7144.5,7141.25,7142.75
1776969960,7142.75,7142.75,7140.25,7141
1776970020,7141,7143.75,7140.5,7141.5
1776970080,7141.5,7142.5,7140.25,7141.25
1776970140,7141.25,7141.75,7137,7137.5
1776970200,7137.5,7137.75,7134.25,7137.5
1776970260,7137.25,7138.25,7135,7138.25
1776970320,7138.25,7140.75,7137.25,7140.75
1776970380,7140.75,7141.5,7138.5,7139.5
1776970440,7139.5,7140,7136.5,7138.5
1776970500,7138.5,7139.5,7137,7138.5
1776970560,7138.5,7138.75,7135.75,7136
1776970620,7135.75,7136,7134,7135.25
1776970680,7135.25,7135.5,7132.25,7133.25
1776970740,7133.5,7133.75,7124.5,7128.25
1776970800,7128.25,7131,7126,7129.75
1776970860,7130,7131,7126.5,7130
1776970920,7130,7130,7124.5,7128.25
1776970980,7128.5,7130.25,7127.75,7128.5
1776971040,7128.75,7129.25,7127,7128.75
1776971100,7129,7134,7128.75,7134
1776971160,7134,7137,7133.25,7135
1776971220,7135.25,7138,7134,7136.75
1776971280,7136.75,7138.25,7136,7136.75
1776971340,7136.75,7138.25,7135.75,7135.75
1776971400,7135.75,7137,7133.75,7134.75
1776971460,7135,7137.75,7134.25,7137.25
1776971520,7137.25,7137.25,7134.5,7136
1776971580,7136,7137.75,7135.5,7137
1776971640,7137.25,7139.25,7136.5,7139.25
1776971700,7139.25,7140.75,7139.25,7140.25
1776971760,7140.25,7143.5,7140,7143
1776971820,7143.25,7144,7140.5,7140.75
1776971880,7141,7142,7140.25,7141.5
1776971940,7141.5,7142.75,7140.75,7142
1776972000,7142,7142.5,7140.5,7142.5
1776972060,7142.5,7143.25,7139.5,7139.75
1776972120,7140,7141.75,7139,7140.25
1776972180,7140.25,7141.5,7139.75,7140.25
1776972240,7140,7141.5,7139.5,7141
1776972300,7141,7142,7140.5,7141.75
1776972360,7141.5,7142.5,7140.75,7142.5
1776972420,7142.25,7142.25,7139.75,7139.75
1776972480,7139.75,7144,7139.75,7141.75
1776972540,7141.75,7142.5,7140.5,7141.25
1776972600,7141.25,7143.75,7140,7142.25
1776972660,7142.25,7145.25,7142.25,7144.75
1776972720,7144.75,7146.25,7143.25,7145
1776972780,7144.75,7145,7140.75,7141.25
1776972840,7141.25,7141.25,7136.25,7136.75
1776972900,7136.75,7136.75,7130.25,7133.5
1776972960,7133.5,7134.25,7130.5,7132.5
1776973020,7132.5,7133,7130.75,7131.5
1776973080,7131.5,7135.5,7128,7135.25
1776973140,7135.25,7135.75,7132,7133
1776973200,7133,7137.25,7133,7136.75
1776973260,7136.5,7138,7135.75,7136.5
1776973320,7136.75,7136.75,7134.25,7135.25
1776973380,7135.25,7135.5,7130.75,7131.75
1776973440,7131.75,7132,7130,7130.5
1776973500,7130.5,7134.75,7129.75,7133
1776973560,7133,7134.5,7131.25,7133.25
1776973620,7133.5,7134.25,7132.25,7133.5
1776973680,7133.5,7135.75,7132.75,7134.75
1776973740,7134.5,7137,7134.25,7137
1776973800,7136.75,7136.75,7121.5,7133.75
1776973860,7134,7135.5,7130.75,7134.75
1776973920,7135,7137.5,7133.75,7137.25
1776973980,7137.25,7139.75,7137.25,7138
1776974040,7138,7138.5,7135.25,7137.75
1776974100,7137.75,7138.75,7136.25,7138.5
1776974160,7138.75,7141,7138,7140
1776974220,7140,7143.25,7139,7142.75
1776974280,7142.75,7145.5,7142.25,7144.75
1776974340,7144.75,7146.75,7141.25,7141.75
1776974400,7142,7142.75,7136.75,7138
1776974460,7137.75,7144.25,7137.75,7143.25
1776974520,7143.5,7144.5,7141.5,7143.5
1776974580,7143.5,7144.25,7141.5,7143.5
1776974640,7143.5,7144.5,7142.75,7143.75
1776974700,7143.75,7144.5,7142.75,7143.25
1776974760,7143.25,7143.25,7141.25,7141.75
1776974820,7141.5,7142,7140.25,7140.75
1776974880,7140.75,7141.5,7137.5,7137.75
1776974940,7137.75,7139.75,7136.25,7139.25
1776975000,7139,7140.5,7138.75,7139.75
1776975060,7139.5,7140,7138.25,7138.5
1776975120,7138.25,7139,7135.5,7135.5
1776975180,7135.75,7135.75,7133.5,7134.25
1776975240,7134.25,7135.25,7133,7134
1776975300,7133.75,7134.25,7132,7132.25
1776975360,7132.5,7132.5,7129.25,7129.5
1776975420,7129.5,7130.75,7128.75,7130.75
1776975480,7130.5,7133,7130.25,7133
1776975540,7133,7134.25,7132.25,7133.5
1776975600,7133.75,7135.5,7132.75,7134.75
1776975660,7135,7136,7134.5,7134.75
1776975720,7135,7135,7134.25,7135
1776975780,7134.75,7136,7134.5,7136
1776975840,7136.25,7139.5,7136.25,7138.75
1776975900,7138.75,7139,7136.25,7136.75
1776975960,7136.75,7136.75,7135.5,7136
1776976020,7136,7136,7134,7135.25
1776976080,7135.25,7135.75,7134.75,7135.25
1776976140,7135.25,7137.25,7135,7136.5
1776976200,7136.25,7136.75,7135.5,7135.75
1776976260,7135.5,7136,7134.75,7135.5
1776976320,7135.75,7136.25,7135.5,7135.75
1776976380,7135.75,7137,7135.75,7136.75
1776976440,7137,7137.5,7136.5,7137.25
1776976500,7137.5,7138.25,7137,7137.25
1776976560,7137.25,7137.75,7136.75,7137.5
1776976620,7137.25,7138,7137.25,7138
1776976680,7138.25,7138.75,7138,7138.25
1776976740,7138.25,7138.5,7137.5,7138.5
1776976800,7138.25,7138.75,7137.25,7137.25
1776976860,7137.25,7137.5,7136.25,7136.5
1776976920,7136.5,7137,7136,7136.25
1776976980,7136.25,7137.5,7136.25,7137.25
1776977040,7137.5,7138.25,7137.5,7137.75
1776977100,7137.75,7138.25,7137.5,7137.75
1776977160,7137.5,7138.25,7137.5,7137.5
1776977220,7137.5,7137.75,7136.5,7136.5
1776977280,7136.25,7136.5,7135.5,7136
1776977340,7135.75,7136.5,7135,7135
1776977400,7135.5,7135.75,7134.5,7134.5
1776977460,7134.5,7135,7133.25,7133.5
1776977520,7133.5,7133.75,7131.5,7131.75
1776977580,7131.5,7132,7131,7131.75
1776977640,7131.75,7132.5,7130.75,7132
1776977700,7131.75,7133,7131.5,7131.75
1776977760,7131.75,7132,7130.25,7130.5
1776977820,7130.75,7131,7129.5,7131
1776977880,7131,7133,7130.5,7132.5
1776977940,7132.25,7133,7131.5,7132.5
1776981600,7143,7144.25,7139.75,7143.5
1776981660,7143,7145,7142,7142
1776981720,7142,7143,7140.75,7141.25
1776981780,7140.75,7142.5,7140.25,7142.5
1776981840,7142.25,7143.75,7141.75,7143
1776981900,7143.25,7144.75,7143.25,7144.5
1776981960,7144.75,7145.75,7144.5,7144.75
1776982020,7145,7145.75,7144.75,7145
1776982080,7144.75,7146,7144,7145
1776982140,7145.25,7145.75,7144.75,7145
1776982200,7145,7145.25,7144,7144.75
1776982260,7144.75,7145,7144,7144
1776982320,7144,7146,7144,7145.25
1776982380,7145.5,7147.5,7145,7146.5
1776982440,7146.75,7146.75,7145.75,7146
1776982500,7146.25,7147,7146.25,7146.25
1776982560,7146.25,7146.5,7145.75,7145.75
1776982620,7146,7147.25,7145.75,7146.5
1776982680,7146.75,7146.75,7146,7146.5
1776982740,7146,7146.75,7146,7146.75
1776982800,7147,7147.25,7146.5,7146.75
1776982860,7146.75,7146.75,7145,7145.25
1776982920,7145.25,7146,7145,7145.5
1776982980,7145.5,7146.25,7145,7146
1776983040,7146,7146.25,7145.5,7145.5
1776983100,7145.5,7145.75,7144,7144.25
1776983160,7144.25,7144.5,7143,7143.75
1776983220,7143.75,7144,7143.5,7143.75
1776983280,7143.75,7145.25,7143.5,7144.75
1776983340,7144.5,7144.5,7144.25,7144.25
1776983400,7144.25,7145,7144.25,7144.75
1776983460,7144.75,7146,7144.75,7144.75
1776983520,7144.75,7145.25,7144.5,7144.75
1776983580,7144.75,7144.75,7143.75,7143.75
1776983640,7144.25,7145.25,7144,7145
1776983700,7144.5,7144.75,7144.5,7144.75
1776983760,7144.5,7147,7143.75,7145.5
1776983820,7145.25,7145.25,7144.25,7144.5
1776983880,7144.5,7144.75,7144.25,7144.25
1776983940,7144.25,7144.25,7142.75,7143
1776984000,7143.25,7144,7142.5,7142.75
1776984060,7142.5,7143,7142,7142.5
1776984120,7142.25,7143.75,7142,7143
1776984180,7143.25,7143.75,7143,7143.25
1776984240,7143.25,7144.5,7143.25,7144.25
1776984300,7144.25,7145.25,7144.25,7145
1776984360,7145,7146.25,7144.75,7145.25
1776984420,7145.25,7145.75,7145,7145.75
1776984480,7145.75,7148,7145.5,7147.5
1776984540,7147.5,7147.5,7146.5,7147.25
1776984600,7147.25,7148,7146.75,7147.5
1776984660,7147.5,7147.75,7147,7147.25
1776984720,7147.25,7147.5,7147,7147.5
1776984780,7146.75,7147,7146.5,7146.5
1776984840,7147,7147.25,7146.75,7147.25
1776984900,7147.25,7147.5,7147,7147
1776984960,7147,7147,7145.5,7145.75
1776985020,7145.5,7146,7145.25,7145.75
1776985080,7145.75,7146,7145.5,7146
1776985140,7146,7146.5,7145.75,7146.5
1776985200,7146.5,7147,7146,7147
1776985260,7146.75,7147.5,7146.75,7147
1776985320,7147,7147,7145,7145.5
1776985380,7145.5,7146.25,7145.25,7145.25
1776985440,7145.25,7146.5,7145.25,7146.5
1776985500,7146.25,7146.5,7146.25,7146.25
1776985560,7146,7146,7145.75,7146
1776985620,7145.75,7145.75,7145,7145.25
1776985680,7145.25,7145.25,7144.5,7145.25
1776985740,7145.25,7145.75,7145,7145
1776985800,7145,7145.25,7144.5,7145.25
1776985860,7145.25,7145.5,7145,7145.25
1776985920,7145.25,7145.75,7145.25,7145.75
1776985980,7145.25,7145.5,7145.25,7145.5
1776986040,7145.25,7145.25,7144.75,7145
1776986100,7145,7145.25,7145,7145
1776986160,7145.25,7145.75,7144.25,7144.75
1776986220,7144.5,7144.5,7144.25,7144.5
1776986280,7144.75,7144.75,7144.5,7144.75
1776986340,7145,7145,7144.5,7145
1776986400,7145,7145,7144.75,7145
1776986460,7145.25,7145.25,7145,7145
1776986520,7145.25,7145.25,7145,7145
1776986580,7145,7145.75,7145,7145.75
1776986640,7146,7146.25,7145.25,7145.25
1776986700,7145.5,7145.75,7145.25,7145.75
1776986760,7145.75,7145.75,7145.5,7145.75
1776986820,7146,7146.75,7145.75,7146.75
1776986880,7146.75,7147,7146.5,7146.75
1776986940,7147,7147.75,7147,7147.5
1776987000,7147.5,7149.25,7147.5,7148
1776987060,7148.25,7149.5,7148.25,7149
1776987120,7149,7149.75,7148.75,7149.5
1776987180,7149.5,7149.75,7149.25,7149.25
1776987240,7149.5,7151.5,7149.5,7151.25
1776987300,7151.25,7151.25,7150.5,7150.5
1776987360,7150.5,7151.5,7150.5,7151
1776987420,7151,7151.75,7150.75,7151.25
1776987480,7151.25,7151.75,7151,7151.5
1776987540,7151.25,7151.25,7150,7150.5
1776987600,7150.5,7151,7150.5,7150.5
1776987660,7150.5,7150.75,7150.5,7150.5
1776987720,7150.5,7150.5,7150,7150
1776987780,7150.25,7150.5,7149.75,7149.75
1776987840,7150,7150,7149.75,7150
1776987900,7150.25,7150.75,7150,7150.25
1776987960,7150.25,7152.5,7150.25,7151.5
1776988020,7151.75,7152.75,7151.75,7152.5
1776988080,7152.5,7153,7152.25,7152.5
1776988140,7152.5,7152.5,7151.25,7151.5
1776988200,7151.5,7152.5,7151,7152.5
1776988260,7152.75,7152.75,7151.75,7151.75
1776988320,7152,7152.75,7151.75,7152.75
1776988380,7152.5,7153,7152.5,7152.75
1776988440,7152.75,7153.75,7152.75,7153
1776988500,7153,7153.5,7152.75,7153
1776988560,7153.25,7153.25,7152.25,7152.25
1776988620,7152.75,7153.5,7152.5,7153
1776988680,7152.75,7153,7152.75,7153
1776988740,7153,7153.25,7152.75,7153.25
1776988800,7153.5,7154.75,7153.25,7154
1776988860,7154.25,7156,7153.75,7155.5
1776988920,7155.25,7155.25,7154,7154.75
1776988980,7154.75,7154.75,7152.5,7152.5
1776989040,7152.5,7152.5,7150.5,7151.5
1776989100,7151.5,7155.75,7151.5,7154.75
1776989160,7154.75,7156.25,7154.75,7155.75
1776989220,7156,7157,7155.75,7156.75
1776989280,7156.75,7157.25,7156.5,7156.75
1776989340,7157,7157.25,7156,7156.75
1776989400,7156.75,7157,7156,7156.75
1776989460,7156.75,7157.75,7156.5,7156.5
1776989520,7156.5,7157.25,7155.75,7157.25
1776989580,7157.25,7158.25,7157,7157.75
1776989640,7157.75,7158.5,7157.75,7158.5
1776989700,7158.25,7159.5,7156.5,7157
1776989760,7157,7157.75,7156.75,7157
1776989820,7157,7157,7156.5,7156.75
1776989880,7157,7157.25,7156.75,7157
1776989940,7157,7158.25,7156.75,7157
1776990000,7156.75,7157.75,7156.5,7157
1776990060,7157,7157.5,7156.75,7157
1776990120,7157,7157.75,7157,7157.75
1776990180,7157.5,7157.5,7157,7157.25
1776990240,7157.5,7157.5,7156.5,7157.25
1776990300,7157.25,7157.75,7157,7157.5
1776990360,7157.75,7158.75,7157.25,7158.5
1776990420,7158.75,7159.75,7158.75,7159.5
1776990480,7159.5,7159.75,7159.25,7159.25
1776990540,7159.25,7160.25,7158.75,7159.75
1776990600,7159.5,7161.25,7159.5,7160.75
1776990660,7161,7161,7158.75,7158.75
1776990720,7158.75,7159,7157.5,7158.75
1776990780,7158.75,7159.5,7157.5,7158
1776990840,7158.25,7159.25,7157.75,7159.25
1776990900,7159.25,7160,7159,7159.5
1776990960,7159.5,7160,7159.25,7159.5
1776991020,7159.75,7160.5,7159.5,7160.5
1776991080,7160.5,7160.75,7159.5,7159.75
1776991140,7159.75,7159.75,7158.5,7158.75
1776991200,7158.5,7159,7157.25,7157.75
1776991260,7157.25,7157.75,7156.75,7156.75
1776991320,7156.5,7157.25,7155.75,7156.75
1776991380,7156.75,7157.75,7156.5,7157.5
1776991440,7157.25,7157.75,7156.75,7156.75
1776991500,7157.25,7158.25,7157,7157.75
1776991560,7157.75,7159,7156.75,7156.75
1776991620,7156.5,7156.75,7155,7155.75
1776991680,7155.75,7155.75,7154.5,7155.5
1776991740,7155.5,7156,7154.75,7155
1776991800,7155.25,7155.5,7154.25,7154.5
1776991860,7154.5,7156.75,7154.5,7155.25
1776991920,7155,7155.5,7154.5,7155.25
1776991980,7155.25,7155.25,7154,7154.75
1776992040,7154.75,7156,7154.75,7155.75
1776992100,7156.25,7156.25,7155,7155.5
1776992160,7155.5,7155.5,7155.25,7155.5
1776992220,7155.5,7156.75,7155.25,7156.5
1776992280,7156.5,7156.5,7156,7156
1776992340,7156,7156.75,7155.75,7156.25
1776992400,7156.5,7157.75,7156.25,7156.75
1776992460,7156.75,7157,7156,7156.75
1776992520,7156.5,7157.5,7155.25,7157
1776992580,7157,7157.75,7156.75,7157
1776992640,7157,7157.25,7156.25,7156.25
1776992700,7156,7157.25,7155.25,7156.75
1776992760,7157,7157.5,7156,7156.5
1776992820,7156.25,7157,7156,7156.25
1776992880,7156,7156,7154.75,7155.5
1776992940,7155.5,7155.5,7154.75,7155.25
1776993000,7155,7155.75,7154.75,7155.75
1776993060,7155.75,7156.75,7155.75,7156.75
1776993120,7156.5,7157,7155.75,7156.5
1776993180,7156.5,7157,7155.5,7155.75
1776993240,7155.75,7156,7155.25,7155.75
1776993300,7155.75,7156.5,7155.75,7155.75
1776993360,7155.75,7155.75,7155.25,7155.5
1776993420,7155.5,7156,7155.25,7155.75
1776993480,7155.75,7156.25,7155.5,7155.75
1776993540,7155.75,7155.75,7154.5,7154.5
1776993600,7154.75,7154.75,7153.75,7154.25
1776993660,7154.25,7154.75,7153.75,7154.75
1776993720,7154.75,7155.75,7154.75,7154.75
1776993780,7154.75,7155,7154.5,7154.5
1776993840,7154.5,7155.75,7154.5,7155.75
1776993900,7155.75,7156.25,7155,7156.25
1776993960,7156.25,7157,7155.75,7156.75
1776994020,7156.75,7157.25,7156.5,7157
1776994080,7157,7157.75,7156.75,7157
1776994140,7157,7157.5,7156.5,7156.5
1776994200,7156.5,7157,7155.75,7156.75
1776994260,7156.75,7156.75,7154.25,7154.5
1776994320,7154.25,7154.5,7151.75,7153.5
1776994380,7153.25,7153.75,7152.75,7153.25
1776994440,7153.5,7154,7152.5,7152.75
1776994500,7153,7153,7151.75,7152.5
1776994560,7152.25,7152.5,7150.75,7151.5
1776994620,7151.25,7154.5,7151,7154.5
1776994680,7154.75,7156,7154.75,7155
1776994740,7154.75,7155,7153.75,7154.5
1776994800,7154.5,7157,7154.25,7156.75
1776994860,7156.5,7156.75,7155,7155.5
1776994920,7155.5,7156,7155,7155.5
1776994980,7155.5,7155.5,7154,7154.25
1776995040,7154.5,7154.5,7153.75,7154.25
1776995100,7154,7155.25,7154,7154.75
1776995160,7154.5,7156,7154.25,7156
1776995220,7156,7157,7155.75,7156.5
1776995280,7156.5,7157.75,7156.5,7156.5
1776995340,7156.5,7157.25,7156.25,7157
1776995400,7156.75,7157.5,7156.75,7157
1776995460,7157,7157.75,7156.75,7157
1776995520,7157,7157.5,7157,7157.25
1776995580,7157,7157.25,7155.5,7157
1776995640,7157.25,7157.25,7156.25,7156.5
1776995700,7156.5,7156.75,7155.5,7155.5
1776995760,7155.75,7156.25,7155.75,7156.25
1776995820,7156.5,7157.5,7155.75,7157.25
1776995880,7157,7157.5,7157,7157.25
1776995940,7157.25,7157.25,7156.75,7156.75
1776996000,7156.5,7157,7155,7155.75
1776996060,7156,7156.25,7155.5,7156
1776996120,7156,7156.75,7153.75,7154.5
1776996180,7154.75,7155,7154,7154.75
1776996240,7154.75,7155,7154.5,7154.75
1776996300,7154.5,7155,7154,7154
1776996360,7154,7154,7153.5,7153.75
1776996420,7153.75,7154,7153.5,7153.75
1776996480,7153.75,7153.75,7153,7153
1776996540,7153,7153.25,7152,7152
1776996600,7151.75,7152.75,7150.5,7152.25
1776996660,7152.25,7152.25,7150.75,7151.25
1776996720,7151.25,7151.25,7149.25,7149.75
1776996780,7149.75,7150.75,7149.25,7149.75
1776996840,7149.5,7150.5,7149.5,7150
1776996900,7150.25,7150.25,7149.5,7149.75
1776996960,7149.75,7150.25,7149.25,7150.25
1776997020,7150,7151.25,7149.75,7150
1776997080,7150,7150.25,7149.25,7149.25
1776997140,7149.75,7149.75,7149,7149.25
1776997200,7149.5,7150,7148.75,7149.25
1776997260,7149,7150,7148.25,7148.5
1776997320,7148.75,7148.75,7146.75,7147.25
1776997380,7147.25,7147.75,7146,7147.75
1776997440,7147.5,7147.5,7146.5,7146.5
1776997500,7146.5,7146.5,7145,7145.5
1776997560,7145.75,7146,7144.25,7145.25
1776997620,7145,7146,7145,7146
1776997680,7146,7147,7145.25,7145.5
1776997740,7145.5,7145.5,7145,7145.25
1776997800,7145.25,7147.25,7145.25,7147
1776997860,7147,7148.5,7147,7147.75
1776997920,7148,7148,7147.25,7147.5
1776997980,7147.5,7147.75,7146.75,7147.75
1776998040,7148,7148,7147.25,7147.25
1776998100,7147,7147.25,7146.5,7147
1776998160,7147.25,7148,7146.25,7146.75
1776998220,7146.5,7146.75,7145.25,7145.5
1776998280,7145.75,7146.25,7145.5,7146
1776998340,7146,7146,7144.5,7145.25
1776998400,7145.25,7145.75,7144.75,7144.75
1776998460,7145.25,7145.75,7145,7145.25
1776998520,7145.25,7146.75,7145.25,7146.5
1776998580,7146.5,7146.5,7146,7146
1776998640,7146.25,7146.5,7146,7146.25
1776998700,7146.25,7146.25,7145.75,7146
1776998760,7145.75,7145.75,7144.75,7145
1776998820,7145,7145,7144.25,7144.5
1776998880,7144.75,7144.75,7141.5,7141.5
1776998940,7141.75,7142.75,7141.25,7142
1776999000,7142,7142.5,7141.25,7142.5
1776999060,7142.25,7142.75,7141.25,7141.75
1776999120,7141.75,7142.25,7140.5,7141
1776999180,7140.75,7141.75,7140.5,7141.5
1776999240,7141.75,7143.5,7141.25,7143
1776999300,7142.75,7143.25,7141.5,7142
1776999360,7142,7142.25,7141.75,7142.25
1776999420,7142.25,7142.5,7141.25,7141.75
1776999480,7141.75,7142.25,7141.5,7142
1776999540,7142,7142.75,7142,7142.5
1776999600,7142.75,7144.5,7142.75,7143.75
1776999660,7143.75,7144.25,7143,7143
1776999720,7143.5,7143.75,7143,7143.5
1776999780,7143.5,7143.5,7141,7141
1776999840,7141,7141.75,7139.25,7141.5
1776999900,7141.5,7141.75,7141,7141
1776999960,7140.75,7142.5,7140.5,7141.75
1777000020,7141.75,7142.25,7140.5,7141.25
1777000080,7141.5,7141.5,7140.5,7140.75
1777000140,7140.75,7141,7140.5,7140.75
1777000200,7140.75,7141.5,7140.75,7141.25
1777000260,7141,7141,7139.75,7140
1777000320,7140,7141,7139.5,7140.75
1777000380,7140.75,7141.25,7140.75,7141
1777000440,7140.75,7140.75,7140,7140.5
1777000500,7140.25,7140.5,7139.75,7140.25
1777000560,7140.25,7140.75,7139.75,7140.25
1777000620,7140.25,7141.5,7140,7141.5
1777000680,7141.5,7141.75,7140.75,7141
1777000740,7141,7141.75,7141,7141.75
1777000800,7141.5,7142.25,7141.25,7141.5
1777000860,7141.5,7141.75,7141,7141
1777000920,7141,7141.5,7140.75,7141.25
1777000980,7141.25,7141.5,7140.25,7140.5
1777001040,7140.25,7140.5,7139.5,7139.5
1777001100,7139.75,7141.5,7139.5,7141.5
1777001160,7141.5,7142,7140.75,7140.75
1777001220,7140.75,7141,7140,7140.25
1777001280,7140.25,7140.5,7139.5,7140
1777001340,7140,7140,7138,7138.75
1777001400,7138.5,7139.25,7137,7137.75
1777001460,7138,7138.5,7137,7137.5
1777001520,7137.5,7137.5,7136.25,7137
1777001580,7137,7138.75,7136.75,7138
1777001640,7138,7138.5,7137.5,7137.5
1777001700,7137.75,7138,7136.5,7137.75
1777001760,7137.75,7138.75,7137.75,7138
1777001820,7138.25,7140.25,7138.25,7139.5
1777001880,7139.25,7140,7138.75,7140
1777001940,7140.25,7140.5,7139.25,7139.25
1777002000,7139.5,7139.5,7138.25,7138.25
1777002060,7138.25,7138.5,7137.25,7138.5
1777002120,7138.5,7139.25,7138.25,7138.5
1777002180,7138.75,7138.75,7138,7138.25
1777002240,7138.25,7138.5,7137.75,7138.25
1777002300,7138.25,7140,7138.25,7139.25
1777002360,7139.25,7139.5,7138.75,7138.75
1777002420,7138.75,7138.75,7138.25,7138.75
1777002480,7139,7140.5,7139,7140.5
1777002540,7140.5,7141.25,7140.5,7140.5
1777002600,7140.75,7141.5,7140,7141
1777002660,7141,7141.5,7140.75,7141.5
1777002720,7141.5,7142.75,7141.5,7142.25
1777002780,7142.25,7142.25,7141,7142
1777002840,7141.75,7141.75,7141.25,7141.5
1777002900,7141.25,7141.25,7139.75,7140.25
1777002960,7140.25,7140.25,7139.5,7140
1777003020,7140,7140.25,7139.25,7139.5
1777003080,7139.5,7140,7139.25,7139.25
1777003140,7139.25,7139.75,7139.25,7139.5
1777003200,7139.25,7139.25,7137.25,7138
1777003260,7138,7138.5,7137.25,7138.25
1777003320,7138,7138.75,7137.75,7138
1777003380,7137.75,7138.75,7137.5,7138.75
1777003440,7138.75,7140,7138.75,7138.75
1777003500,7139,7140.5,7139,7139.75
1777003560,7139.75,7139.75,7139,7139.75
1777003620,7140,7140,7139.5,7140
1777003680,7140,7140.75,7139.75,7140.75
1777003740,7141,7142.25,7141,7142
1777003800,7142,7142.5,7141.5,7141.75
1777003860,7141.75,7141.75,7140.75,7141.25
1777003920,7141.25,7142.75,7141.25,7142
1777003980,7142,7142.75,7141.75,7142.25
1777004040,7142.5,7142.75,7142,7142
1777004100,7142.25,7142.25,7141.25,7141.5
1777004160,7141.5,7141.5,7139.5,7139.5
1777004220,7139.75,7140.25,7139.75,7139.75
1777004280,7139.75,7140.25,7139.75,7140
1777004340,7140.25,7141,7140.25,7140.75
1777004400,7140.5,7140.5,7139.5,7140
1777004460,7140,7140.75,7140,7140.5
1777004520,7140.25,7140.25,7139.25,7139.5
1777004580,7139.25,7139.5,7137.75,7138.25
1777004640,7138.25,7138.5,7138,7138.25
1777004700,7138,7138.25,7137,7138
1777004760,7137.75,7138.5,7137.5,7138.5
1777004820,7138.25,7138.5,7138,7138
1777004880,7138,7138.25,7137.5,7138.25
1777004940,7138.25,7138.75,7138.25,7138.5
1777005000,7138.5,7141.25,7138.25,7140
1777005060,7139.75,7141,7139.75,7140.25
1777005120,7140,7140.5,7139.5,7139.5
1777005180,7139.5,7139.5,7139,7139
1777005240,7139,7139.25,7138.75,7139
1777005300,7139,7139.75,7138.75,7139.5
1777005360,7139.75,7141.5,7139.75,7140.75
1777005420,7140.75,7141.25,7140.25,7140.25
1777005480,7140.5,7141,7140.25,7140.75
1777005540,7140.5,7140.5,7139.75,7140
1777005600,7139.75,7140,7139.5,7140
1777005660,7140.25,7140.25,7139.75,7140.25
1777005720,7140,7140.5,7139.75,7140.5
1777005780,7140.5,7141.5,7140.5,7141
1777005840,7140.75,7141.25,7140.5,7141.25
1777005900,7141.25,7142,7141.25,7142
1777005960,7141.75,7143.25,7141.5,7143.25
1777006020,7143,7144.5,7143,7144.25
1777006080,7144.25,7145.25,7144,7144.25
1777006140,7144.25,7144.5,7144,7144.25
1777006200,7144,7144.75,7143.75,7144
1777006260,7144,7144.25,7143.25,7144
1777006320,7143.75,7144.25,7143.25,7143.25
1777006380,7143.5,7144,7143.5,7144
1777006440,7144,7144,7143,7143.25
1777006500,7143,7143.75,7143,7143.75
1777006560,7143.75,7144.5,7143.75,7144.25
1777006620,7144.25,7144.25,7143.5,7143.75
1777006680,7143.75,7144.25,7143.75,7144
1777006740,7143.75,7144.75,7143.75,7144.5
1777006800,7144.5,7144.75,7143.5,7143.5
1777006860,7143.5,7143.75,7141.75,7142.5
1777006920,7142.5,7143.5,7142.25,7143.5
1777006980,7143.5,7144.25,7143,7143.75
1777007040,7143.5,7144,7143,7143.5
1777007100,7143.25,7144,7143.25,7143.5
1777007160,7143.25,7143.25,7142,7143.25
1777007220,7143.5,7144,7143,7143.5
1777007280,7143.5,7143.75,7142.25,7142.25
1777007340,7142,7142.75,7141.25,7141.25
1777007400,7141.25,7141.5,7140.25,7141
1777007460,7141,7141.5,7140.75,7141
1777007520,7140.75,7140.75,7140,7140.25
1777007580,7140.5,7142.5,7140.25,7142.25
1777007640,7142.25,7143,7142,7143
1777007700,7143.25,7145.25,7142.75,7144.75
1777007760,7144.75,7145.25,7144,7144.5
1777007820,7144.25,7144.25,7143.25,7143.5
1777007880,7143.5,7143.75,7142.5,7143
1777007940,7143,7143.5,7143,7143.5
1777008000,7143.5,7144,7143,7143.25
1777008060,7143.5,7144.75,7143.5,7144.5
1777008120,7144.5,7144.5,7143.25,7144
1777008180,7143.75,7144.5,7143.75,7144
1777008240,7144.5,7145.5,7144.5,7145
1777008300,7144.75,7145.25,7144.5,7145.25
1777008360,7145.25,7146,7145,7145.5
1777008420,7145.75,7146.5,7145.25,7145.75
1777008480,7145.75,7145.75,7144.75,7145
1777008540,7145,7145.5,7144.75,7145
1777008600,7145.25,7147,7145.25,7146.75
1777008660,7146.75,7147.25,7146.75,7147
1777008720,7146.5,7147.75,7146.5,7147.25
1777008780,7147,7147.75,7147,7147.25
1777008840,7147.5,7148.75,7147.5,7148.5
1777008900,7148.25,7148.75,7148,7148
1777008960,7148,7148.5,7147.5,7148.5
1777009020,7148.75,7149,7148.5,7149
1777009080,7149,7149.5,7148.75,7149
1777009140,7149,7149.25,7148.5,7148.75
1777009200,7148.75,7148.75,7148,7148.5
1777009260,7148.5,7148.75,7148.25,7148.25
1777009320,7148.25,7148.75,7148.25,7148.75
1777009380,7148.5,7148.75,7148,7148.75
1777009440,7148.5,7149.5,7148.5,7148.75
1777009500,7148.75,7149.25,7148.5,7148.75
1777009560,7149,7149.25,7148.5,7149.25
1777009620,7149.25,7149.5,7148.5,7148.5
1777009680,7148.5,7149.25,7148.5,7149
1777009740,7149.25,7150,7149.25,7149.75
1777009800,7149.75,7150.5,7149.75,7150
1777009860,7150,7150.25,7150,7150
1777009920,7150.25,7151.25,7150.25,7151
1777009980,7150.75,7151,7150.25,7150.75
1777010040,7150.75,7150.75,7150,7150
1777010100,7150,7150.5,7149.5,7150.5
1777010160,7150.5,7151,7150.5,7151
1777010220,7150.75,7151,7150.75,7150.75
1777010280,7150.5,7150.75,7150.5,7150.75
1777010340,7150.75,7151,7150.75,7150.75
1777010400,7151,7152.25,7151,7151.75
1777010460,7151.75,7152.25,7150.5,7151.75
1777010520,7152.25,7152.25,7151.75,7152.25
1777010580,7152.25,7152.5,7151.75,7152
1777010640,7152.25,7152.25,7150.75,7150.75
1777010700,7150.75,7151,7149.75,7149.75
1777010760,7149.75,7150.5,7149.5,7149.5
1777010820,7149.25,7149.5,7148.25,7149
1777010880,7149,7150,7148.75,7149.25
1777010940,7149,7150,7149,7149.75
1777011000,7149.5,7149.75,7149,7149.5
1777011060,7149.75,7150.75,7149.5,7150.75
1777011120,7150.5,7151.25,7150,7151
1777011180,7151,7151.5,7150.75,7151.5
1777011240,7151.5,7151.75,7150.75,7150.75
1777011300,7150.75,7151.5,7150.25,7150.25
1777011360,7150.25,7150.75,7150.25,7150.25
1777011420,7150.25,7150.25,7149.5,7149.75
1777011480,7149.5,7150.25,7149.25,7150
1777011540,7150,7150,7149.25,7150
1777011600,7150,7150.75,7149.5,7149.5
1777011660,7149.25,7150,7149,7149.5
1777011720,7149.5,7149.75,7149.25,7149.25
1777011780,7149.25,7150.25,7149.25,7150
1777011840,7150,7151,7149.75,7149.75
1777011900,7149.25,7149.25,7147.5,7147.75
1777011960,7147.75,7148.5,7147.5,7148.25
1777012020,7148,7148,7147,7147
1777012080,7147.25,7147.25,7147,7147
1777012140,7147,7147.25,7146.25,7146.5
1777012200,7146.75,7147.75,7146.75,7147.75
1777012260,7147.5,7148,7147.25,7147.5
1777012320,7147.25,7147.5,7147,7147.25
1777012380,7147.25,7147.75,7146.75,7147.25
1777012440,7146.75,7148,7146.75,7147.5
1777012500,7147.75,7148.75,7147.5,7148
1777012560,7148.25,7148.5,7147.5,7147.5
1777012620,7147.5,7147.5,7147,7147.5
1777012680,7147.5,7148.25,7147.5,7148
1777012740,7147.75,7148.75,7147.75,7148.25
1777012800,7148.25,7149,7147.75,7149
1777012860,7149,7150,7148.25,7148.5
1777012920,7148.5,7149,7148.25,7148.75
1777012980,7148.75,7148.75,7147.75,7148
1777013040,7148,7148,7147,7147.75
1777013100,7147.75,7148,7146.5,7146.5
1777013160,7146.5,7147,7145,7146
1777013220,7146,7147.25,7146,7147
1777013280,7147,7147.5,7146.75,7147
1777013340,7146.75,7146.75,7146,7146.25
1777013400,7146,7146,7145,7145.5
1777013460,7145.5,7146,7145.5,7146
1777013520,7145.75,7146.5,7145.5,7146.5
1777013580,7146.5,7146.75,7145.75,7146
1777013640,7146,7146.5,7145.5,7146.5
1777013700,7146.5,7146.75,7146,7146.25
1777013760,7146.25,7146.25,7145.5,7145.5
1777013820,7145.75,7146,7145.5,7145.5
1777013880,7145.75,7147.25,7145.5,7147
1777013940,7147.25,7147.5,7146.75,7147.25
1777014000,7147,7148.75,7146.5,7148.5
1777014060,7148.5,7149.75,7148.25,7149
1777014120,7149,7150,7148.75,7150
1777014180,7150,7151.75,7149.75,7151.5
1777014240,7151.5,7151.75,7150.5,7151.5
1777014300,7151.25,7152.75,7151,7152.5
1777014360,7152.25,7153.5,7151.75,7153
1777014420,7153.25,7153.5,7152.25,7152.75
1777014480,7152.75,7153.75,7152.5,7153.25
1777014540,7153,7153.5,7152.75,7153.25
1777014600,7153.25,7153.75,7152,7153
1777014660,7152.75,7153.5,7152.75,7153.25
1777014720,7153.5,7153.5,7152.75,7153
1777014780,7153,7153.25,7152.25,7153.25
1777014840,7153.25,7153.5,7152.75,7153
1777014900,7152.75,7153,7150.75,7151
1777014960,7151.25,7152,7149.75,7151.5
1777015020,7151.75,7153.25,7151.25,7153
1777015080,7153,7154,7152.75,7153.75
1777015140,7153.5,7154.25,7152.75,7153.25
1777015200,7153.25,7154,7153,7153.25
1777015260,7153.25,7153.75,7152.75,7153.75
1777015320,7153.75,7153.75,7152.75,7153.25
1777015380,7153.25,7153.5,7152.25,7152.25
1777015440,7152.25,7152.25,7150.75,7151.75
1777015500,7151.75,7153,7151.75,7153
1777015560,7152.75,7155.5,7152.75,7155
1777015620,7155,7155.25,7154,7154
1777015680,7153.75,7154.25,7153.25,7154.25
1777015740,7154.25,7155,7154.25,7154.5
1777015800,7154.25,7154.25,7152.5,7153.5
1777015860,7153.25,7153.5,7152.75,7153.25
1777015920,7153.5,7153.5,7151.5,7151.5
1777015980,7151.5,7151.75,7151,7151
1777016040,7151,7151.5,7150.5,7151.25
1777016100,7151.25,7151.25,7150,7151
1777016160,7151,7151,7150,7150.5
1777016220,7150.25,7150.25,7149,7149.5
1777016280,7149.5,7150,7149,7150
1777016340,7150.25,7150.5,7149.25,7149.25
1777016400,7149,7149.25,7147.5,7148.5
1777016460,7148.5,7149.25,7147.75,7148.75
1777016520,7148.5,7149,7148,7148.75
1777016580,7148.75,7149,7148,7148.25
1777016640,7148,7149,7148,7148.75
1777016700,7148.75,7148.75,7148,7148.75
1777016760,7148.75,7150,7148.75,7149.25
1777016820,7149.25,7150,7149,7149
1777016880,7149,7149.5,7149,7149.25
1777016940,7149.25,7151,7149.25,7150.25
1777017000,7150.25,7151,7150,7150.75
1777017060,7150.75,7150.75,7149.75,7150.25
1777017120,7150.25,7151.5,7150,7151
1777017180,7151,7151,7150.25,7150.75
1777017240,7150.75,7150.75,7149.25,7149.25
1777017300,7149.25,7150.5,7148.75,7150.5
1777017360,7150.5,7151.5,7150.5,7151.5
1777017420,7151.5,7151.75,7151,7151
1777017480,7151,7152.75,7151,7152.5
1777017540,7152.5,7154.25,7152.5,7153.75
1777017600,7153.5,7154.75,7152.25,7152.5
1777017660,7152.5,7153.5,7151,7151.25
1777017720,7151.5,7152,7150.5,7151.25
1777017780,7151.25,7151.5,7149.5,7149.5
1777017840,7149.5,7149.75,7146.75,7149.75
1777017900,7149.75,7150.5,7149.25,7149.75
1777017960,7150.25,7150.75,7148,7149
1777018020,7149,7150,7149,7149.75
1777018080,7149.75,7150,7148,7148
1777018140,7147.75,7148,7147,7147.75
1777018200,7147.75,7149.25,7147,7149
1777018260,7149.5,7149.75,7147.25,7147.5
1777018320,7147.5,7148.5,7147.5,7148
1777018380,7148,7148.5,7147.25,7147.75
1777018440,7147.5,7148,7146.75,7147
1777018500,7147.25,7152.5,7147.25,7152
1777018560,7151.75,7154.75,7151.75,7152
1777018620,7152,7153.75,7151.5,7153.25
1777018680,7153.25,7154.25,7152,7154.25
1777018740,7154.5,7156,7154,7154.25
1777018800,7154.5,7157.25,7154,7157.25
1777018860,7157,7159.25,7154.75,7155
1777018920,7155,7155.5,7152.75,7153
1777018980,7153,7154.5,7152.75,7154
1777019040,7154.25,7155.75,7153.75,7153.75
1777019100,7153.75,7153.75,7151,7151.25
1777019160,7151.25,7152.5,7151,7152.25
1777019220,7152,7152.5,7151.25,7152.25
1777019280,7152,7152,7147.75,7149
1777019340,7149,7150,7148.75,7149.25
1777019400,7149.5,7149.5,7148.5,7149.5
1777019460,7149.25,7149.25,7146.75,7147.5
1777019520,7148,7148,7146,7147
1777019580,7147,7147.25,7145.5,7146.25
1777019640,7146.25,7146.5,7141.25,7145
1777019700,7145.25,7146.25,7144.5,7145.25
1777019760,7145.75,7145.75,7144.25,7144.25
1777019820,7144.5,7145.75,7144.25,7145.25
1777019880,7145.25,7146,7145,7145.5
1777019940,7145.75,7147.25,7145.75,7146.5
1777020000,7146.5,7147.5,7146.5,7146.75
1777020060,7146.75,7147,7145.25,7145.25
1777020120,7145.25,7145.5,7145,7145.5
1777020180,7145.25,7145.25,7142.75,7143
1777020240,7143.25,7143.5,7142.5,7142.75
1777020300,7142.75,7144.75,7142.25,7144.5
1777020360,7144.75,7145.5,7144.5,7144.75
1777020420,7144.75,7145,7144.5,7145
1777020480,7144.75,7148.25,7144.75,7146
1777020540,7146.25,7146.25,7145.25,7145.75
1777020600,7146,7146,7143.25,7143.75
1777020660,7144,7144.75,7143.5,7144
1777020720,7143.5,7143.75,7141.75,7142.25
1777020780,7142.25,7143,7141.5,7142.75
1777020840,7143,7143.25,7142.25,7142.75
1777020900,7142.75,7143,7141.75,7142
1777020960,7141.75,7142.75,7141.75,7142.25
1777021020,7142.25,7142.25,7141.5,7142.25
1777021080,7142.25,7143.5,7142.25,7142.75
1777021140,7142.75,7144,7142.75,7143.5
1777021200,7143.75,7145.75,7143.5,7144.75
1777021260,7144.5,7144.75,7142.75,7143
1777021320,7142.75,7143,7140.5,7141.25
1777021380,7141.25,7142.75,7141,7142.5
1777021440,7142.5,7143,7141.5,7142.25
1777021500,7142,7143.5,7141.5,7143.25
1777021560,7143,7143.75,7142.5,7143.25
1777021620,7143.25,7143.25,7141.75,7142.25
1777021680,7142.5,7143.25,7142,7143.25
1777021740,7143.25,7144,7143.25,7144
1777021800,7144,7144.5,7143,7144
1777021860,7144,7144.75,7144,7144.75
1777021920,7145,7146.25,7145,7145.5
1777021980,7145.75,7146,7145,7145
1777022040,7145,7145.25,7144.5,7145.25
1777022100,7145.25,7146.75,7145,7146.25
1777022160,7146.25,7146.5,7144.75,7144.75
1777022220,7144.5,7144.75,7142.75,7143.25
1777022280,7143,7143.5,7142.5,7143.25
1777022340,7143.25,7144.5,7143.25,7144
1777022400,7144.25,7145,7143.75,7144
1777022460,7144,7144.25,7143.5,7143.75
1777022520,7143.5,7143.75,7135.5,7141.75
1777022580,7142,7145.5,7139.75,7142.5
1777022640,7142.5,7144.25,7142.25,7143.5
1777022700,7143.25,7143.5,7141.25,7142
1777022760,7142.25,7143,7142,7142.25
1777022820,7142.5,7143,7141,7142.25
1777022880,7142.5,7144.5,7141.75,7144
1777022940,7143.75,7144.25,7142,7142.75
1777023000,7142.5,7143.25,7141.75,7142
1777023060,7142.25,7143,7141.5,7142.5
1777023120,7142.25,7142.25,7141,7141.75
1777023180,7141.75,7142.5,7141.5,7142.25
1777023240,7142,7143.25,7141.25,7142.5
1777023300,7142.75,7144,7142.5,7143
1777023360,7143,7143.25,7142.5,7142.5
1777023420,7142.5,7144,7142.25,7143.5
1777023480,7143.75,7144.75,7143.75,7144
1777023540,7144,7144.5,7143.75,7144
1777023600,7144,7145.25,7143.75,7145
1777023660,7145.25,7145.75,7145,7145
1777023720,7145.25,7145.5,7144.5,7145.25
1777023780,7145.25,7145.75,7144.5,7145
1777023840,7145,7146,7144.25,7146
1777023900,7146,7146.25,7145.5,7145.75
1777023960,7146,7146.75,7145.75,7146.25
1777024020,7146.25,7146.75,7145.75,7146
1777024080,7146,7146,7144.75,7145.25
1777024140,7145.25,7145.5,7144.5,7145.25
1777024200,7145.25,7145.25,7143.25,7144
1777024260,7144,7144,7142.25,7142.25
1777024320,7142.5,7144,7142.5,7143.25
1777024380,7143.25,7143.75,7142.25,7142.25
1777024440,7142.5,7142.75,7142.25,7142.75
1777024500,7142.75,7143.25,7142.5,7142.5
1777024560,7142.25,7144,7142.25,7143.5
1777024620,7143.5,7144,7142.75,7143
1777024680,7142.75,7143.75,7142.5,7143.5
1777024740,7143.5,7143.75,7143,7143.75
1777024800,7143.75,7145.5,7143.5,7145
1777024860,7144.75,7145.25,7142.75,7143
1777024920,7142.75,7143.5,7142.75,7143
1777024980,7143.25,7145.5,7142.75,7144.5
1777025040,7144.5,7145,7143.75,7144.5
1777025100,7144.25,7145,7141.5,7142.5
1777025160,7142.5,7143,7141.75,7142
1777025220,7142,7143.5,7142,7142.25
1777025280,7142.5,7142.5,7141.75,7142.25
1777025340,7142,7143,7141.75,7142.75
1777025400,7142.75,7142.75,7142,7142.5
1777025460,7142.5,7143.75,7142,7143.75
1777025520,7143.75,7144,7143.25,7143.5
1777025580,7143.75,7145,7143.75,7144
1777025640,7143.75,7144.25,7143.25,7144.25
1777025700,7144.5,7144.75,7144,7144.25
1777025760,7144,7146,7144,7145.75
1777025820,7145.5,7145.5,7145,7145.5
1777025880,7145.5,7146.5,7145,7145.5
1777025940,7145.25,7145.75,7144.75,7145.5
1777026000,7145.75,7147.75,7145.75,7147.5
1777026060,7147.75,7149,7147,7147.25
1777026120,7147.25,7147.75,7146,7147.5
1777026180,7147.5,7148.25,7147,7148
1777026240,7148.25,7149,7147.75,7148.75
1777026300,7148.5,7150,7148.5,7149.75
1777026360,7149.75,7150.5,7149.25,7150.25
1777026420,7150.25,7150.75,7149.5,7150.5
1777026480,7150.5,7151.75,7150.25,7151
1777026540,7151,7151.5,7150.5,7151
1777026600,7151,7151,7149.5,7149.5
1777026660,7149.5,7150.75,7149,7150.5
1777026720,7150.5,7151,7149.5,7149.75
1777026780,7149.75,7149.75,7149.25,7149.25
1777026840,7149.25,7149.75,7148.25,7149
1777026900,7148.75,7151.25,7148.75,7150.5
1777026960,7150.5,7152,7150.25,7151
1777027020,7151,7152,7150.5,7150.75
1777027080,7150.75,7150.75,7150,7150
1777027140,7149.75,7150,7149,7149.5
1777027200,7149.5,7150.5,7149.25,7150.25
1777027260,7150.25,7151,7150.25,7150.75
1777027320,7150.75,7151.25,7150.25,7151.25
1777027380,7151,7151.5,7150.75,7151
1777027440,7151,7151.25,7150.5,7150.5
1777027500,7150.75,7150.75,7148.75,7149.25
1777027560,7149.25,7151.25,7149.25,7150.75
1777027620,7150.5,7150.75,7150.25,7150.5
1777027680,7150.25,7151.25,7150,7151.25
1777027740,7151.25,7151.5,7150.25,7150.25
1777027800,7150.5,7150.75,7150,7150.75
1777027860,7150.75,7152,7150.25,7151.75
1777027920,7151.5,7152,7151.25,7151.5
1777027980,7151.75,7151.75,7150.75,7151
1777028040,7150.75,7151.25,7150.75,7151
1777028100,7150.75,7151.5,7150.5,7151
1777028160,7151.25,7151.25,7151,7151
1777028220,7151.25,7152,7151.25,7151.75
1777028280,7151.75,7152.5,7151.5,7152.5
1777028340,7152.25,7152.5,7150.75,7151.25
1777028400,7150.75,7152.75,7150.5,7152.25
1777028460,7152.25,7153.5,7151.25,7153.25
1777028520,7153.25,7153.75,7152.5,7153
1777028580,7153,7153.75,7152.75,7153
1777028640,7153,7164,7152.5,7160.5
1777028700,7160.75,7164.25,7158,7159
1777028760,7158.75,7161.5,7157,7160.5
1777028820,7160.75,7175.25,7160.25,7174.25
1777028880,7174,7175.25,7166,7166.75
1777028940,7166.75,7173.75,7165.5,7168.25
1777029000,7168.5,7171.25,7167.5,7171
1777029060,7171,7175.75,7169.5,7172
1777029120,7172,7174.5,7170.25,7171
1777029180,7171.25,7172,7167.5,7170.25
1777029240,7170.25,7171.75,7169.75,7170.5
1777029300,7170.5,7173.5,7169,7171.75
1777029360,7171.75,7172.5,7166.25,7169
1777029420,7169,7175,7169,7170
1777029480,7170,7170.25,7168.5,7170.25
1777029540,7170,7170,7168.25,7168.75
1777029600,7169,7169.75,7167,7167.5
1777029660,7167.75,7179,7166.75,7173.75
1777029720,7174,7182.75,7172.75,7178
1777029780,7177.75,7182.75,7177.25,7181
1777029840,7180.75,7183,7177.75,7182.25
1777029900,7182.25,7184,7181.75,7182.75
1777029960,7182.75,7186,7182,7182.5
1777030020,7182.75,7184.75,7182,7184.5
1777030080,7184.5,7185,7181.75,7182.5
1777030140,7182.5,7187.5,7181.5,7187.25
1777030200,7187,7189.5,7185.5,7185.75
1777030260,7185.75,7188,7185.5,7187.5
1777030320,7187.75,7188,7184.25,7184.5
1777030380,7184.5,7184.75,7182.5,7183
1777030440,7182.75,7186,7181.75,7184.25
1777030500,7184,7184.75,7181.25,7182
1777030560,7182,7183.5,7179.75,7180.5
1777030620,7180.5,7181.75,7177.75,7179.25
1777030680,7179.25,7179.75,7178.25,7179.5
1777030740,7179.5,7180.25,7177.25,7177.5
1777030800,7177.5,7178.25,7176.5,7178.25
1777030860,7178,7179.25,7177.25,7177.25
1777030920,7177.25,7177.75,7175.5,7176
1777030980,7176,7176.5,7174,7174.25
1777031040,7174,7175.25,7173,7174.75
1777031100,7174.5,7174.75,7171.5,7172.75
1777031160,7172.75,7173.5,7172,7172.5
1777031220,7172.5,7172.75,7171.5,7171.75
1777031280,7171.75,7172.5,7171,7172
1777031340,7171.75,7172,7170.75,7171.5
1777031400,7171.25,7171.75,7171,7171.5
1777031460,7171.5,7173.5,7171.5,7173
1777031520,7173,7173.25,7170.5,7170.75
1777031580,7170.75,7170.75,7169,7170
1777031640,7170,7171,7170,7170.75
1777031700,7170.75,7170.75,7169.5,7170.25
1777031760,7170.25,7170.5,7169,7169.25
1777031820,7169.5,7170.5,7169.5,7170
1777031880,7170,7171.75,7170,7171.5
1777031940,7171.75,7171.75,7171,7171
1777032000,7171.25,7174.25,7171.25,7172.25
1777032060,7172,7172.25,7170,7170.75
1777032120,7170.75,7172.25,7169.75,7172.25
1777032180,7172,7173,7171,7172.25
1777032240,7172.25,7172.5,7168.5,7170
1777032300,7169.75,7171.25,7169.75,7169.75
1777032360,7169.75,7171,7168.75,7169.75
1777032420,7169.75,7170.75,7169.25,7170.25
1777032480,7170.25,7172.75,7170.25,7172
1777032540,7171.75,7172.75,7171.75,7171.75
1777032600,7172,7173.75,7172,7173.5
1777032660,7173.25,7174,7172.75,7173.25
1777032720,7173.5,7174.5,7173.25,7174.25
1777032780,7174.25,7177,7173.75,7175
1777032840,7174.75,7176.25,7174.25,7175.25
1777032900,7175.25,7176,7174,7175.75
1777032960,7175.75,7177,7175.75,7176.25
1777033020,7176.25,7177.75,7176.25,7177
1777033080,7177,7177.5,7175.75,7176
1777033140,7175.75,7175.75,7167,7174.25
1777033200,7174.5,7174.5,7171.75,7172.25
1777033260,7172.5,7174,7170.25,7171.25
1777033320,7171.5,7175.25,7167.5,7172.25
1777033380,7172.25,7175,7171.75,7174.25
1777033440,7174.25,7175.5,7173,7174.75
1777033500,7174.5,7174.75,7172,7173.5
1777033560,7173.5,7175.5,7172,7174.75
1777033620,7174.75,7175,7172.75,7173.5
1777033680,7173.5,7174,7172.25,7173
1777033740,7173,7174,7173,7173.5
1777033800,7173.5,7173.75,7171.25,7172.25
1777033860,7172.25,7172.5,7170.25,7170.5
1777033920,7170.5,7171.5,7170,7171
1777033980,7171.25,7172,7170.75,7171
1777034040,7171,7171,7168.5,7169
1777034100,7168.75,7168.75,7167,7168.5
1777034160,7168.75,7169.5,7166,7166.75
1777034220,7167,7167.25,7160.75,7166
1777034280,7166.25,7167.25,7164.25,7165.25
1777034340,7165,7166.25,7163.75,7165.5
1777034400,7165.5,7166.75,7165.25,7165.75
1777034460,7166,7166.5,7165,7166.25
1777034520,7166,7168.5,7165,7166
1777034580,7166,7166.5,7164,7164.25
1777034640,7164,7165,7162.5,7163.75
1777034700,7164,7165.25,7163,7165
1777034760,7165,7166.25,7164.5,7166
1777034820,7166,7167.25,7166,7166.5
1777034880,7166.5,7166.5,7163.75,7165.75
1777034940,7165.5,7165.5,7155.5,7158
1777035000,7158,7158.75,7154.5,7158.75
1777035060,7158.75,7159.5,7158,7158.75
1777035120,7159,7159.25,7155.5,7157.75
1777035180,7157.75,7158.5,7156,7156
1777035240,7155.75,7156.75,7154.25,7156.25
1777035300,7156.5,7159.5,7156.5,7158.75
1777035360,7158.75,7159.75,7158.75,7159
1777035420,7159.25,7161,7159,7160.5
1777035480,7160.5,7162.5,7160.5,7161.25
1777035540,7161.25,7163,7161.25,7162.25
1777035600,7162.5,7164,7162,7162.75
1777035660,7162.75,7164.5,7162.5,7163.75
1777035720,7163.5,7165,7162.75,7163
1777035780,7163.25,7164.5,7163,7164
1777035840,7164.25,7165.25,7163.25,7165.25
1777035900,7165,7165.5,7164.25,7165
1777035960,7165,7167,7165,7167
1777036020,7167,7167,7165,7166.25
1777036080,7166,7166,7165.5,7165.75
1777036140,7165.75,7165.75,7163.5,7164.5
1777036200,7164.75,7165,7163.5,7164.75
1777036260,7164.5,7170.25,7164,7166.5
1777036320,7166.5,7167.5,7165.5,7166
1777036380,7166,7167.25,7165.75,7166.25
1777036440,7166,7166.5,7165,7165.75
1777036500,7165.75,7166.75,7165.5,7166.5
1777036560,7166.75,7168.5,7166.75,7167.5
1777036620,7167.5,7168,7166,7167
1777036680,7167,7167,7165.5,7166.25
1777036740,7166.5,7169.5,7166.5,7169.25
1777036800,7169.25,7170.5,7169.25,7169.5
1777036860,7169.5,7170,7166.75,7167.25
1777036920,7167.25,7169,7166.5,7167.5
1777036980,7167.5,7168,7165.5,7165.75
1777037040,7165.75,7166.75,7164.25,7166.25
1777037100,7166,7166,7163.75,7165
1777037160,7165,7165,7163,7163.25
1777037220,7163,7163.5,7162.25,7163
1777037280,7163,7165,7163,7164.5
1777037340,7164.25,7164.75,7161.75,7162.5
1777037400,7162.5,7166.75,7157.75,7158.75
1777037460,7158.75,7160,7154.25,7157.25
1777037520,7157,7157.75,7153,7154.75
1777037580,7155,7158,7153.75,7156.75
1777037640,7156.75,7158.75,7153.5,7154
1777037700,7153.75,7154.75,7150.75,7151.25
1777037760,7151.25,7155.25,7151.25,7154
1777037820,7154,7157.75,7153.25,7156.25
1777037880,7156.25,7158.5,7154.5,7158.5
1777037940,7158.25,7159.5,7156.25,7158.25
1777038000,7158.5,7160,7157.25,7159
1777038060,7159,7159.5,7155.75,7158
1777038120,7158.25,7160.5,7157.75,7158.25
1777038180,7158.25,7158.75,7155,7155.5
1777038240,7155.5,7156.5,7153.5,7154.75
1777038300,7155,7157.5,7153.5,7155.75
1777038360,7155.75,7156.25,7152.5,7154.75
1777038420,7154.75,7155.5,7152,7154.75
1777038480,7154.75,7159,7154.25,7156.5
1777038540,7156.75,7158.5,7155,7158.25
1777038600,7158.25,7160.5,7156.5,7156.75
1777038660,7156.5,7156.75,7153.75,7155.5
1777038720,7155.25,7157.5,7154.5,7155.25
1777038840,7154.25,7154.25,7149.25,7150.25
1777038900,7150.25,7150.25,7146,7148.25
1777038960,7148.5,7150,7145,7149
1777039020,7148.75,7153.75,7148.5,7152.75
1777039080,7152.5,7155,7151.5,7153
1777039140,7152.75,7155.75,7152.5,7154.75
1777039200,7154.75,7154.75,7148.75,7149.5
1777039260,7149.5,7157.5,7147.25,7152.25
1777039320,7152.25,7152.25,7148.25,7148.75
1777039380,7149,7151.25,7146.5,7149.25
1777039440,7149.25,7154.75,7146.5,7151.75
1777039500,7151.75,7155.5,7151,7152
1777039560,7152,7153.75,7150.5,7152.75
1777039620,7153,7153.5,7147.75,7151.75
1777039680,7152,7154.5,7151,7153
1777039740,7153.25,7158.25,7153,7154.75
1777039800,7155,7155.5,7152.25,7152.5
1777039860,7152.25,7157.75,7152.25,7156.5
1777039920,7156.5,7161.25,7156.25,7160.75
1777039980,7160.75,7162.5,7157.25,7158.75
1777040040,7158.75,7160.75,7154.5,7155.75
1777040100,7155.5,7158.25,7153.75,7158.25
1777040160,7158.25,7160.75,7158,7159.75
1777040220,7159.75,7160.75,7157.5,7157.5
1777040280,7157.75,7157.75,7155,7156.25
1777040340,7156.25,7160.25,7155.75,7159.25
1777040400,7159,7162,7158.75,7160
1777040460,7160,7160,7155.5,7157.25
1777040520,7157,7159,7156.25,7159
1777040580,7159,7160,7157.5,7157.75
1777040640,7157.5,7160.25,7156.75,7159
1777040700,7159.25,7159.25,7156.5,7158
1777040760,7157.75,7158,7150.25,7153.25
1777040820,7153.25,7154.25,7150.5,7152
1777040880,7152.25,7156.25,7150.5,7155.25
1777040940,7155,7155.5,7152,7154
1777041000,7154,7156.5,7152.25,7152.5
1777041060,7152.25,7153,7150.5,7150.75
1777041120,7150.75,7154,7149.5,7153.25
1777041180,7153.25,7154,7152,7153.5
1777041240,7153.5,7158,7153.5,7156.75
1777041300,7156.75,7157.75,7154.75,7157.5
1777041360,7157.5,7159.5,7156.75,7158.5
1777041420,7158.5,7159.5,7155.25,7155.75
1777041480,7155.75,7164.75,7154.5,7161.75
1777041540,7161.5,7164,7160.75,7161
1777041600,7161,7163.5,7160.75,7162.5
1777041660,7162.5,7164.75,7161.75,7162.25
1777041720,7162.5,7164,7160.75,7161
1777041780,7161,7164.25,7160.75,7163.75
1777041840,7163.75,7166.5,7163,7165.25
1777041900,7165.5,7166.75,7164.75,7165
1777041960,7165,7170.75,7164,7169
1777042020,7169,7169.25,7165,7165.75
1777042080,7166,7168,7163.25,7163.75
1777042140,7163.5,7168,7162.25,7167.25
1777042200,7167,7168.75,7166.5,7167.5
1777042260,7167.25,7168.75,7164.75,7167.75
1777042320,7167.75,7169,7167.5,7167.75
1777042380,7167.5,7169,7167.25,7168
1777042440,7168,7168.75,7166.5,7166.5
1777042500,7166.75,7170,7166.5,7168.25
1777042560,7168,7170.5,7167.75,7170
1777042620,7170,7171.75,7169.75,7171.5
1777042680,7171.25,7171.5,7168.5,7169.75
1777042740,7169.5,7170.75,7169.25,7170
1777042800,7170,7171.25,7168.75,7170
1777042860,7170.25,7171.75,7170,7171
1777042920,7171.25,7171.25,7169.25,7171
1777042980,7171.25,7172,7170.5,7170.75
1777043040,7170.75,7171,7169.25,7170
1777043100,7170,7171.25,7169,7169.75
1777043160,7170,7170.75,7167.5,7168
1777043220,7168,7170.75,7167.5,7169.75
1777043280,7169.5,7171.5,7169.5,7170.25
1777043340,7170.25,7172.25,7170.25,7171.25
1777043400,7171.25,7173,7171.25,7172
1777043460,7172,7173.5,7171,7172.25
1777043520,7172.5,7174.5,7172.25,7173.25
1777043580,7173.25,7174.25,7172.5,7173
1777043640,7173,7173.5,7171.5,7173.25
1777043700,7173.25,7174.25,7171.75,7171.75
1777043760,7172,7172.75,7171.25,7172.25
1777043820,7172.25,7173.25,7171.25,7173
1777043880,7173.25,7173.25,7171.5,7172.25
1777043940,7172.25,7173,7171.25,7172.25
1777044000,7172.25,7173.75,7170.75,7173.75
1777044060,7173.75,7175,7173.5,7174.25
1777044120,7174.25,7175.5,7174.25,7175.25
1777044180,7175.5,7177,7175.25,7176.75
1777044240,7176.5,7177,7174.75,7175.75
1777044300,7176,7176.25,7173.25,7173.25
1777044360,7173.25,7173.5,7171.5,7172.5
1777044420,7172.25,7173.75,7172,7173
1777044480,7173,7174.75,7172.75,7174.25
1777044540,7174.25,7174.5,7173,7174
1777044600,7174.25,7175.75,7173.25,7174.75
1777044660,7175,7176.75,7175,7176.25
1777044720,7176.25,7176.75,7174.25,7174.75
1777044780,7174.75,7176,7174.25,7176
1777044840,7176,7176.5,7174.5,7174.5
1777044900,7174.5,7175.75,7173.25,7174
1777044960,7174,7174.5,7172.75,7173.5
1777045020,7173.75,7174.25,7172.25,7172.5
1777045080,7172.5,7174.5,7171.5,7173.25
1777045140,7173.5,7173.75,7170.5,7172.75
1777045200,7172.75,7175.25,7171.75,7174.5
1777045260,7174.75,7176.75,7174,7176
1777045320,7176,7176.25,7174.25,7175
1777045380,7175,7175,7173.25,7174.25
1777045440,7174.25,7191.5,7172.5,7190
1777045500,7190,7197.25,7185.75,7186.25
1777045560,7186.25,7187.75,7182,7186.75
1777045620,7186.75,7191.75,7186.5,7188.5
1777045680,7188.75,7190.25,7185.75,7186
1777045740,7186,7189.25,7185,7188.5
1777045800,7188.5,7196,7188.5,7195
1777045860,7195,7195.25,7192.25,7193.25
1777045920,7193.25,7196.5,7192,7194.75
1777045980,7194.75,7196.75,7193.25,7194.25
1777046040,7194.5,7196,7194,7195.25
1777046100,7195.25,7196.25,7193.5,7195.25
1777046160,7195,7195.75,7193,7193.75
1777046220,7194,7195,7192,7193
1777046280,7193,7193.75,7192,7193.25
1777046340,7193.25,7194.25,7191.75,7193.5
1777046400,7193.5,7195,7193,7194.25
1777046460,7194.25,7195,7192,7193.75
1777046520,7194,7194.5,7193.25,7194.25
1777046580,7194,7194,7190.25,7193.25
1777046640,7193.5,7194.5,7193.25,7194.25
1777046700,7194.25,7195.75,7193,7193.5
1777046760,7193.5,7195.25,7193.5,7193.75
1777046820,7193.75,7193.75,7188.5,7189.25
1777046880,7189.25,7190,7186.75,7188
1777046940,7188,7189,7187,7188.5
1777047000,7188.25,7190.75,7187.5,7190.75
1777047060,7190.5,7193.25,7190,7192.5
1777047120,7192.5,7194.25,7191,7191.5
1777047180,7191.5,7192.75,7190.5,7192.75
1777047240,7192.75,7192.75,7188.75,7189
1777047300,7189.25,7189.25,7185.25,7186.5
1777047360,7186.5,7189.5,7186.25,7188.75
1777047420,7188.75,7189.5,7188.25,7189.25
1777047480,7189.25,7189.5,7188.5,7189.25
1777047540,7189.25,7189.25,7188.25,7188.5
1777047600,7188.5,7190.5,7188.25,7190.25
1777047660,7190.25,7190.25,7189.5,7189.75
1777047720,7189.5,7189.5,7187.5,7188.5
1777047780,7188.75,7189.25,7188,7188.5
1777047840,7188.75,7190,7188.5,7189.75
1777047900,7189.75,7192,7189.5,7190.75
1777047960,7190.75,7190.75,7189.5,7190.5
1777048020,7190.5,7191,7189.5,7190
1777048080,7189.75,7190.5,7189.5,7190.25
1777048140,7190.25,7190.25,7187.25,7189
1777048200,7189,7193.25,7189,7192
1777048260,7191.75,7194.5,7191.5,7193
1777048320,7192.75,7193.75,7192.25,7192.25
1777048380,7192.25,7192.5,7191.5,7191.75
1777048440,7191.75,7193,7190.5,7192.75
1777048500,7192.5,7193,7189.25,7189.5
1777048560,7189.5,7190.75,7189.5,7190
1777048620,7190,7192.5,7189.5,7192
1777048680,7192,7192,7190.25,7190.75
1777048740,7190.75,7191.5,7189.25,7190.25
1777048800,7190,7190.25,7189.5,7189.75
1777048860,7189.75,7190.5,7188.25,7188.75
1777048920,7188.75,7189,7186.25,7186.5
1777048980,7186.5,7187.75,7184.25,7185.5
1777049040,7185.75,7187.5,7185.25,7186.75
1777049100,7187,7189,7186.5,7189
1777049160,7189,7189.25,7187,7187.75
1777049220,7187.75,7187.75,7185.5,7186.5
1777049280,7186.5,7188.25,7186.5,7187
1777049340,7187.25,7187.75,7185.75,7187.5
1777049400,7187.75,7189.5,7187.5,7188.25
1777049460,7188,7190.25,7188,7190.25
1777049520,7190.25,7191.25,7189.5,7190
1777049580,7190,7190.5,7189.5,7189.5
1777049640,7189.5,7190.5,7189,7190
1777049700,7190.25,7192.25,7190.25,7190.5
1777049760,7190.75,7191.25,7189.75,7190.25
1777049820,7190.25,7190.75,7189.25,7190
1777049880,7190,7194,7190,7191.5
1777049940,7191.5,7192,7191.25,7191.5
1777050000,7191.5,7193.5,7191.5,7192.25
1777050060,7192.25,7193.5,7191.25,7192.25
1777050120,7192.25,7193.5,7191.25,7192
1777050180,7192.25,7193.25,7192,7192.75
1777050240,7192.75,7193.25,7190.75,7191.25
1777050300,7191.5,7191.75,7189.75,7190
1777050360,7190,7191,7189.25,7191
1777050420,7191,7191.25,7188.5,7189.5
1777050480,7189.75,7190,7188.25,7188.75
1777050540,7188.75,7191.25,7188.5,7189.25
1777050600,7189.25,7191.25,7188.5,7191
1777050660,7191.25,7192,7190,7190.25
1777050720,7190,7190,7189,7189.5
1777050780,7189.25,7189.75,7187.75,7188.75
1777050840,7188.5,7189.5,7188.25,7188.75
1777050900,7188.75,7189,7186.75,7187.25
1777050960,7187.25,7187.75,7186.25,7187.25
1777051020,7187,7187.5,7186.5,7187
1777051080,7186.75,7187,7186.25,7186.75
1777051140,7186.5,7187,7186,7186.25
1777051200,7186,7187,7185,7185.75
1777051260,7185.5,7185.5,7184.25,7184.5
1777051320,7184.25,7185,7183.5,7184
1777051380,7183.75,7184.25,7183,7184
1777051440,7183.75,7187.25,7183.75,7187
1777051500,7186.75,7188.25,7186.5,7187.75
1777051560,7187.5,7188.75,7186.75,7187.5
1777051620,7187.5,7187.75,7186.5,7187
1777051680,7186.75,7187.5,7186.25,7187
1777051740,7186.75,7187.75,7185.75,7186
1777051800,7186,7186.75,7183.25,7185.25
1777051860,7185,7185.75,7182.75,7184
1777051920,7183.75,7185.5,7183.5,7185.25
1777051980,7185,7186,7184.5,7185.5
1777052040,7185.5,7187.25,7184,7186.25
1777052100,7186,7189,7185.75,7188
1777052160,7187.75,7191.5,7187.75,7190.5
1777052220,7190.5,7191,7189.5,7189.75
1777052280,7189.75,7190,7188.5,7189
1777052340,7188.75,7189.25,7187,7187.75
1777052400,7187.75,7189.25,7187.25,7188.75
1777052460,7188.5,7190.75,7188,7190
1777052520,7190,7190.25,7189,7189.75
1777052580,7190,7190.25,7189.25,7189.75
1777052640,7189.75,7191.25,7189.5,7191
1777052700,7191,7192,7190.5,7190.5
1777052760,7190.75,7191.75,7190.25,7190.75
1777052820,7190.5,7190.75,7189.75,7190.75
1777052880,7190.5,7191.5,7190,7191
1777052940,7190.75,7191,7189.25,7189.5
1777053000,7189.75,7191,7189.5,7190.75
1777053060,7190.5,7191,7189.5,7190
1777053120,7189.75,7191,7189,7190.75
1777053180,7190.75,7192.5,7190.75,7192
1777053240,7191.75,7200.5,7191.75,7194.5
1777053300,7194.5,7196,7192.75,7192.75
1777053360,7193,7194.5,7193,7193
1777053420,7193,7193.75,7191.75,7192
1777053480,7192,7193.25,7191.75,7192.5
1777053540,7192.5,7193,7191.75,7192.25
1777053600,7192.25,7192.75,7190.5,7190.75
1777053660,7190.5,7192.75,7190.5,7192.75
1777053720,7192.75,7193.5,7191.75,7192.75
1777053780,7192.5,7193,7191,7191.5
1777053840,7191.5,7192.25,7190.75,7191.5
1777053900,7191.25,7191.5,7188,7188.75
1777053960,7188.75,7190,7188.5,7189.5
1777054020,7189.5,7191.5,7189.25,7191.25
1777054080,7191.25,7193.5,7191.25,7192.75
1777054140,7192.75,7192.75,7191.5,7192
1777054200,7192,7192.75,7191.5,7192
1777054260,7191.75,7192.25,7190.5,7190.75
1777054320,7190.75,7191.5,7189.5,7189.75
1777054380,7190,7191.25,7189,7189.25
1777054440,7189.25,7190.75,7189,7190.75
1777054500,7190.5,7191.75,7189.75,7189.75
1777054560,7190,7190.5,7187.25,7188.25
1777054620,7188,7188.5,7186.75,7186.75
1777054680,7187,7188.5,7186.25,7188.25
1777054740,7188.5,7188.5,7187,7187.75
1777054800,7187.75,7187.75,7186,7186
1777054860,7186.25,7188,7186,7186
1777054920,7186,7187,7184.75,7185
1777054980,7185.25,7187,7185,7186.75
1777055040,7186.75,7188.25,7186.5,7187.5
1777055100,7187.75,7189,7187,7188.5
1777055160,7188.5,7189.75,7188,7188.75
1777055220,7189,7189.25,7186.75,7187.25
1777055280,7187.25,7187.25,7185.5,7186
1777055340,7186.25,7186.75,7185.25,7185.5
1777055400,7185.5,7187.25,7185.25,7186
1777055460,7186,7187.75,7186,7187
1777055520,7187,7189.75,7186.75,7188.5
1777055580,7188.75,7189,7187.75,7188.5
1777055640,7188.75,7190,7188.5,7189.25
1777055700,7189.25,7190.5,7189.25,7189.5
1777055760,7189.75,7190.25,7188.5,7190
1777055820,7190.25,7190.5,7189.5,7190
1777055880,7190,7191.5,7190,7190.5
1777055940,7190.5,7190.75,7189.5,7190
1777056000,7190.25,7191.5,7190,7191
1777056060,7191.25,7192,7190.5,7190.5
1777056120,7190.5,7190.75,7189,7189.25
1777056180,7189.25,7189.5,7188,7188.25
1777056240,7188.5,7189,7188,7188.75
1777056300,7188.75,7189.25,7187,7187.75
1777056360,7187.75,7189.25,7187.75,7188
1777056420,7188,7190.25,7187.25,7189.75
1777056480,7189.5,7190,7188.5,7189.5
1777056540,7189.5,7190.25,7188.25,7188.25
1777056600,7188.25,7189.25,7187.25,7188.75
1777056660,7188.75,7189.25,7188.25,7189
1777056720,7189.25,7190.25,7189.25,7189.75
1777056780,7189.75,7190.75,7189.5,7189.75
1777056840,7190,7190.25,7188.75,7189
1777056900,7189,7189.75,7188.75,7189.5
1777056960,7189.75,7190,7188.5,7189
1777057020,7189,7189.75,7188.75,7189.5
1777057080,7189.25,7191,7189,7190.75
1777057140,7190.75,7191.5,7190.5,7190.75
1777057200,7191,7193.5,7190.75,7192.25
1777057260,7192.25,7193.25,7192.25,7192.75
1777057320,7193,7194,7192.75,7193.5
1777057380,7193.75,7193.75,7192.25,7192.5
1777057440,7192.25,7193.25,7192.25,7193
1777057500,7193,7193.75,7192.25,7192.5
1777057560,7192.75,7193.5,7192.5,7193.5
1777057620,7193.75,7194.25,7193,7194.25
1777057680,7194.25,7196,7194.25,7195.25
1777057740,7195.25,7197.25,7195,7196.75
1777057800,7196.5,7198.5,7196.25,7197
1777057860,7197,7197.75,7196.5,7197.5
1777057920,7197.25,7198.75,7197,7198.75
1777057980,7198.5,7199.5,7197.25,7198.5
1777058040,7198.25,7198.5,7197.25,7197.5
1777058100,7197.75,7199.75,7197.75,7199.25
1777058160,7199.25,7199.25,7197.75,7199
1777058220,7199,7200,7198.75,7198.75
1777058280,7199,7199.25,7196.75,7198
1777058340,7197.75,7198.75,7197.75,7197.75
1777058400,7197.75,7198,7196,7197
1777058460,7197,7197.5,7195,7196
1777058520,7195.75,7196.75,7195.75,7195.75
1777058580,7196,7196,7194.25,7194.5
1777058640,7194.5,7194.5,7193,7193.25
1777058700,7193.5,7194,7191.5,7191.5
1777058760,7191.75,7192.5,7190.75,7191.5
1777058820,7191.5,7193.5,7190.75,7192.5
1777058880,7192.5,7193.5,7192,7193.25
1777058940,7193,7193.75,7192.75,7193
1777059000,7193,7193.25,7190.5,7191.5
1777059060,7191.75,7192.25,7190.25,7192
1777059120,7192,7194,7192,7192.75
1777059180,7192.5,7194,7192,7192.75
1777059240,7192.75,7193.5,7191.75,7191.75
1777059300,7191.75,7191.75,7189.75,7190
1777059360,7190,7192,7189.75,7191.5
1777059420,7191.25,7192,7190.5,7191.5
1777059480,7191.25,7192,7190.5,7191
1777059540,7191,7192.25,7190.75,7192.25
1777059600,7192,7193.5,7191.25,7193.25
1777059660,7193.25,7195.25,7193,7194.25
1777059720,7194.25,7195.25,7193.25,7193.75
1777059780,7194,7194.5,7193.5,7193.75
1777059840,7193.5,7194.75,7193.25,7193.25
1777059900,7193.25,7194,7192.25,7193
1777059960,7192.75,7193,7191.25,7191.5
1777060020,7191.5,7193,7191,7192.75
1777060080,7192.75,7193.75,7192,7193
1777060140,7193.25,7194.25,7192.75,7194
1777060200,7194,7196.25,7192.5,7192.75
1777060260,7192.75,7193.25,7191,7191.75
1777060320,7191.5,7193.25,7191,7191.25
1777060380,7191.25,7195,7191,7194.75
1777060440,7194.5,7196.5,7194.25,7196.5
1777060500,7196.25,7198.25,7194.5,7196
1777060560,7196,7197.25,7196,7196.75
1777060620,7196.75,7198.5,7195.5,7198
1777060680,7198,7199,7197,7197.25
1777060740,7197.25,7198.25,7193.25,7194.75
1777060800,7194.5,7196,7194,7195.75
1777060860,7195.5,7196.5,7194.5,7194.75
1777060920,7194.75,7195.75,7194.5,7195.25
1777060980,7195,7195.5,7194.75,7195.25
1777061040,7195.25,7196,7195,7195.75
1777061100,7195.75,7197.25,7194.75,7197
1777061160,7197,7197,7195.25,7195.25
1777061220,7195.25,7195.75,7190.75,7194.5
1777061280,7194.5,7194.75,7193.5,7193.75
1777061340,7193.75,7194,7192.75,7193.5
1777061400,7193.5,7193.75,7192,7192
1777061460,7192,7192.75,7191.75,7192.25
1777061520,7192.5,7192.5,7191.75,7192.25
1777061580,7192,7192.75,7191.75,7192
1777061640,7192.25,7193.75,7191.75,7192.5
1777061700,7192.5,7193,7192.25,7192.75
1777061760,7193,7193.5,7192.75,7193.25
1777061820,7193.25,7193.25,7192.75,7192.75
1777061880,7193,7193,7192,7192.25
1777061940,7192.25,7192.5,7192.25,7192.5
1777062000,7192.5,7193.25,7192.5,7193.25
1777062060,7193.25,7194,7193,7193.25
1777062120,7193.5,7194.5,7193.5,7194.5
1777062180,7194.5,7194.5,7193.75,7193.75
1777062240,7194,7194,7193,7193
1777062300,7193.25,7193.5,7191.75,7192.25
1777062360,7192.25,7192.25,7190,7191
1777062420,7191,7191.25,7190.5,7190.75
1777062480,7190.75,7191.75,7190.5,7191.5
1777062540,7191.5,7191.75,7190,7190.75
1777062600,7191,7192.5,7190.75,7192
1777062660,7192,7193.75,7192,7193.25
1777062720,7193.25,7194.75,7193.25,7194
1777062780,7194.25,7195.25,7194,7195.25
1777062840,7195.25,7195.5,7195,7195
1777062900,7195,7195.25,7194.75,7194.75
1777062960,7194.75,7195.75,7194.75,7195.25
1777063020,7195.25,7195.25,7195,7195.25
1777063080,7195.25,7195.25,7195,7195
1777063140,7195,7195,7194,7194
1777063200,7194.25,7194.75,7193.75,7194.75
1777063260,7194.75,7195,7194.5,7195
1777063320,7194.75,7194.75,7194.5,7194.75
1777063380,7194.5,7194.75,7194.5,7194.5
1777063440,7194.5,7196.25,7194.5,7195.75
1777063500,7195.5,7195.75,7195.25,7195.75
1777063560,7195.5,7195.75,7195,7195.25
1777063620,7195.25,7195.5,7195,7195
1777063680,7195,7195.5,7195,7195.5
1777063740,7195.5,7195.5,7194.75,7194.75
1777063800,7194.5,7194.75,7194.25,7194.75
1777063860,7195,7195.5,7194.75,7195
1777063920,7195,7195,7194.5,7194.75
1777063980,7194.5,7195.75,7194.5,7195.5
1777064040,7195.5,7197,7195.5,7196.5
1777064100,7196.25,7196.5,7195.5,7196
1777064160,7196,7196,7195.5,7196
1777064220,7195.75,7196.25,7195.25,7196
1777064280,7196.25,7196.75,7195.75,7196
1777064340,7196,7197,7195.5,7195.5
1777240800,7185,7191,7181.25,7182.5
1777240860,7182.75,7183,7180.5,7181.5
1777240920,7181.5,7182,7179.75,7180.25
1777240980,7180.25,7181.25,7177.25,7179.25
1777241040,7179.25,7179.5,7172,7173.75
1777241100,7174,7176,7173.25,7174.5
1777241160,7174.75,7175.25,7172,7173.25
1777241220,7173.25,7174.5,7173,7174.25
1777241280,7174.25,7176,7173.75,7175.75
1777241340,7176,7177,7175.25,7175.25
1777241400,7175,7175.5,7171.75,7172.25
1777241460,7172.25,7173.75,7171.5,7172.25
1777241520,7172.5,7173.75,7172.25,7173.25
1777241580,7173.5,7174.5,7173,7174.5
1777241640,7174.75,7175.25,7174,7174.25
1777241700,7174.25,7175.25,7174,7174.25
1777241760,7174.25,7175.5,7174,7175.25
1777241820,7175.25,7176.5,7174.75,7175.75
1777241880,7175.5,7176.5,7175.25,7176
1777241940,7176.25,7177.75,7176.25,7177.5
1777242000,7177.5,7178.25,7176.75,7177
1777242060,7177,7177.75,7176.25,7176.25
1777242120,7176.5,7177.75,7176.5,7177.25
1777242180,7177.5,7177.5,7176.25,7176.5
1777242240,7176.25,7177.5,7176,7177.25
1777242300,7177.25,7178,7177.25,7177.75
1777242360,7177.5,7177.75,7176.5,7176.75
1777242420,7176.75,7177.25,7176.5,7177
1777242480,7177,7177.5,7177,7177.25
1777242540,7177.25,7178,7176.75,7178
1777242600,7177.75,7177.75,7177,7177.25
1777242660,7177,7177.25,7175.75,7176.25
1777242720,7176.5,7176.75,7175.5,7176.75
1777242780,7176.75,7177,7176,7176.75
1777242840,7176.75,7177.25,7176.5,7176.75
1777242900,7177,7177,7176.75,7177
1777242960,7177,7177.75,7176.75,7177.25
1777243020,7177.5,7177.5,7176.75,7177
1777243080,7177,7177.5,7176.75,7177.25
1777243140,7177.75,7178,7177.5,7178
1777243200,7178.25,7179.5,7177.5,7178
1777243260,7178,7178.75,7177.75,7178.5
1777243320,7178.75,7179.75,7178.5,7179.25
1777243380,7179.25,7180.25,7179,7179.25
1777243440,7179.5,7179.75,7179.5,7179.5
1777243500,7179.5,7179.75,7179.25,7179.25
1777243560,7179.25,7179.75,7178.75,7179.5
1777243620,7179.5,7180,7179.5,7179.75
1777243680,7179.75,7179.75,7179,7179.25
1777243740,7179.25,7179.25,7178.75,7179
1777243800,7179,7179.75,7179,7179.75
1777243860,7179.5,7179.75,7179,7179
1777243920,7178.75,7180.5,7178.75,7180.25
1777243980,7180,7181,7180,7180.75
1777244040,7180.75,7182.25,7180.75,7181.25
1777244100,7181.25,7181.25,7180.5,7180.5
1777244160,7180.5,7181.75,7180.5,7181.75
1777244220,7181.75,7182,7181.5,7181.75
1777244280,7181.5,7182.25,7181.5,7182
1777244340,7182,7182.5,7181.75,7182
1777244400,7182.25,7182.75,7182,7182.25
1777244460,7182.25,7182.25,7182,7182.25
1777244520,7182.25,7182.25,7182,7182.25
1777244580,7182,7182.25,7181.25,7181.25
1777244640,7181.5,7181.5,7180.75,7181
1777244700,7180.75,7181.25,7180.75,7181.25
1777244760,7181,7181,7180.25,7180.5
1777244820,7180.5,7180.75,7180.25,7180.25
1777244880,7180.5,7180.5,7178.75,7179.5
1777244940,7179.75,7179.75,7178,7178.5
1777245000,7178.5,7179.25,7178.25,7178.5
1777245060,7178.5,7178.75,7178,7178.5
1777245120,7178.5,7178.5,7177.5,7178
1777245180,7178,7178.5,7177.75,7178
1777245240,7178.25,7178.5,7178,7178
1777245300,7178.25,7179,7177.75,7178.5
1777245360,7178.75,7180.5,7178.5,7180.25
1777245420,7180.25,7180.5,7180,7180.5
1777245480,7180.75,7181,7180,7180.75
1777245540,7180.5,7180.5,7179.75,7180
1777245600,7180.25,7181,7180.25,7180.25
1777245660,7180.25,7180.25,7179.25,7179.25
1777245720,7179.5,7180,7179.25,7180
1777245780,7180,7180.25,7179.75,7180.25
1777245840,7180,7180.25,7179.5,7179.75
1777245900,7179.75,7179.75,7178.5,7178.5
1777245960,7178.5,7179,7178.5,7178.75
1777246020,7178.75,7179.25,7178.5,7179
1777246080,7179,7179.25,7178.75,7179.25
1777246140,7179,7179,7178.5,7178.5
1777246200,7178.25,7178.25,7175.5,7176.25
1777246260,7176.25,7176.25,7175,7176.25
1777246320,7176.5,7177.75,7176,7177.5
1777246380,7177.5,7177.5,7176.5,7177
1777246440,7177.25,7178,7177,7177
1777246500,7177.25,7177.5,7177,7177
1777246560,7177,7178,7177,7177.25
1777246620,7177.25,7177.25,7177,7177
1777246680,7177,7177.25,7176.5,7176.75
1777246740,7177,7177.5,7176,7176.5
1777246800,7176.5,7176.75,7176,7176.25
1777246860,7176,7176,7175.5,7176
1777246920,7176,7176.25,7175.5,7176
1777246980,7176,7177.25,7176,7177
1777247040,7176.75,7177,7176.75,7176.75
1777247100,7177,7178.25,7177,7177.75
1777247160,7177.75,7178.75,7177.5,7178.5
1777247220,7178.25,7178.5,7178.25,7178.5
1777247280,7178.75,7179.25,7178.5,7179
1777247340,7179,7179,7177.75,7178
1777247400,7178,7178,7175.5,7176.5
1777247460,7176.5,7177.5,7176.5,7177.25
1777247520,7177.25,7177.5,7177,7177
1777247580,7177.25,7177.5,7177.25,7177.5
1777247640,7177.5,7178.25,7177.5,7177.75
1777247700,7178,7178.25,7178,7178
1777247760,7178,7178,7177.5,7177.5
1777247820,7177.5,7177.75,7176.75,7177.75
1777247880,7177.75,7178.25,7177.75,7178
1777247940,7178,7179,7178,7178.5
1777248000,7178.75,7180.25,7177.25,7180.25
1777248060,7180,7181.75,7179.25,7181
1777248120,7180.75,7182.25,7180.5,7182
1777248180,7182,7182.5,7180.75,7180.75
1777248240,7180.75,7181.5,7180.5,7181.25
1777248300,7180.75,7182.5,7180.75,7182
1777248360,7181.75,7182.5,7178.5,7179.5
1777248420,7179.25,7179.25,7177.75,7178.75
1777248480,7179.25,7180.5,7178.75,7178.75
1777248540,7178.5,7180,7178,7180
1777248600,7180,7181.25,7180,7181
1777248660,7181,7181.25,7180.5,7181.25
1777248720,7181,7181.5,7180.5,7180.5
1777248780,7180.75,7182,7180.75,7181.25
1777248840,7181.5,7182.25,7181.25,7181.5
1777248900,7181.5,7182,7179.25,7180.75
1777248960,7180.5,7181.25,7179,7181
1777249020,7181,7182.25,7180.75,7181.75
1777249080,7181.75,7183,7181.75,7182
1777249140,7181.75,7182.75,7181.5,7182.5
1777249200,7182.5,7183,7182.25,7182.5
1777249260,7182.5,7182.5,7181.75,7182.25
1777249320,7182.25,7182.25,7181.5,7182
1777249380,7182,7182,7180.75,7181
1777249440,7181.25,7181.25,7180.75,7181
1777249500,7181,7182,7180.75,7181.75
1777249560,7181.5,7182,7181.5,7182
1777249620,7182,7182.5,7181.75,7182
1777249680,7182,7182.5,7181.5,7182.5
1777249740,7182.5,7182.75,7181.75,7181.75
1777249800,7182,7182.5,7182,7182.5
1777249860,7182.75,7182.75,7181.5,7181.5
1777249920,7181.75,7182,7181.25,7181.75
1777249980,7181.5,7182,7181.5,7181.75
1777250040,7182,7182.25,7181,7181.5
1777250100,7181.25,7182.75,7181,7182.25
1777250160,7182.25,7182.5,7182,7182
1777250220,7182,7182.75,7181.75,7182.5
1777250280,7182.5,7183.25,7182.5,7182.75
1777250340,7182.75,7183.5,7182.5,7183.25
1777250400,7183.5,7185,7183.5,7184.75
1777250460,7184.75,7185,7184,7184.25
1777250520,7184.5,7186.5,7184.5,7186.25
1777250580,7186,7186,7184.75,7184.75
1777250640,7184.75,7185.75,7184.75,7185
1777250700,7185,7185.75,7185,7185.25
1777250760,7185.5,7186.25,7185.25,7186
1777250820,7186,7186.25,7185.75,7186
1777250880,7185.75,7186,7185.25,7185.5
1777250940,7185.25,7185.5,7184.75,7185.25
1777251000,7185.25,7185.75,7185,7185.5
1777251060,7185.5,7185.75,7185.25,7185.75
1777251120,7185.5,7185.75,7184.5,7185.25
1777251180,7185,7185.75,7184.75,7185.75
1777251240,7186,7186.5,7186,7186.5
1777251300,7186.25,7188,7186.25,7187.5
1777251360,7187.25,7188,7187.25,7187.75
1777251420,7187.75,7188.5,7187.75,7187.75
1777251480,7187.75,7193,7187.75,7191
1777251540,7191,7191.5,7189.75,7190.5
1777251600,7190.75,7195.5,7190.75,7195
1777251660,7194.75,7202.25,7193.75,7200
1777251720,7200,7200.25,7197.25,7199
1777251780,7198.75,7199,7197.25,7197.75
1777251840,7197.75,7199.25,7197.5,7198
1777251900,7198.25,7198.75,7197.25,7198.5
1777251960,7198.25,7198.25,7195.25,7196
1777252020,7195.75,7195.75,7192.75,7193.75
1777252080,7194,7194.5,7193,7193
1777252140,7193.25,7193.5,7191.25,7192
1777252200,7192,7194.5,7191.75,7192.25
1777252260,7192.5,7193.5,7192.25,7193.25
1777252320,7193.5,7195,7193.25,7194.5
1777252380,7194.75,7194.75,7193.25,7193.75
1777252440,7193.75,7194,7192.25,7193
1777252500,7193,7193.25,7191.75,7192
1777252560,7192,7192.25,7189.75,7191
1777252620,7190.75,7193.25,7190.5,7193
1777252680,7193.25,7194,7193.25,7193.5
1777252740,7193.5,7194,7193.25,7193.75
1777252800,7193.75,7194.5,7193.25,7194.25
1777252860,7194.25,7194.75,7193.75,7194
1777252920,7194,7195.25,7193.5,7194.75
1777252980,7195,7196.75,7195,7196.5
1777253040,7196.5,7197,7196,7196.5
1777253100,7196.5,7196.5,7194.5,7194.75
1777253160,7194.5,7195,7194.25,7194.5
1777253220,7194.5,7194.5,7192.75,7192.75
1777253280,7192.5,7195.25,7192,7195.25
1777253340,7195.5,7198.25,7195.5,7198
1777253400,7198,7198.5,7197,7197.5
1777253460,7197.75,7198.75,7197.25,7198.5
1777253520,7198.5,7201.25,7198.25,7199.75
1777253580,7199.75,7200.75,7199.5,7200.25
1777253640,7200.25,7201.25,7200.25,7201
1777253700,7201,7202.5,7200.75,7201.5
1777253760,7201.5,7202,7201,7201
1777253820,7200.75,7202.25,7200.5,7200.5
1777253880,7200.75,7201.5,7200.25,7201.5
1777253940,7201.25,7203.5,7201.25,7202
1777254000,7202,7202.5,7201.5,7202.25
1777254060,7202.25,7203,7202,7202.5
1777254120,7202.75,7203,7202,7202
1777254180,7202,7202.5,7201.75,7202
1777254240,7201.75,7202.25,7201.5,7202
1777254300,7202,7202.75,7202,7202.25
1777254360,7202.25,7202.75,7201.75,7202
1777254420,7201.75,7202.25,7201.25,7201.5
1777254480,7201.75,7202.25,7201.5,7202
1777254540,7202.25,7203.75,7202.25,7203.5
1777254600,7203.5,7208,7202.5,7206.5
1777254660,7206.25,7208,7206,7207
1777254720,7206.75,7207.25,7205.5,7205.5
1777254780,7205.25,7207,7205.25,7206.25
1777254840,7206.75,7207.25,7206.5,7206.5
1777254900,7206.5,7207,7205.75,7205.75
1777254960,7206,7206,7205,7205.5
1777255020,7205.5,7205.5,7204.25,7205
1777255080,7205,7207,7205,7206.75
1777255140,7206.75,7207.75,7206.5,7207.5
1777255200,7207.75,7208.5,7206.75,7206.75
1777255260,7206.5,7208,7206.5,7207.75
1777255320,7207.75,7208,7206,7206.25
1777255380,7206,7206.25,7205.5,7205.75
1777255440,7205.25,7205.5,7205,7205.25
1777255500,7205.25,7205.25,7203.5,7204.25
1777255560,7203.75,7204.75,7203,7204.75
1777255620,7205,7205.25,7204.5,7204.75
1777255680,7204.75,7205.5,7204.75,7205.25
1777255740,7205.25,7205.5,7205,7205.5
1777255800,7205.25,7205.25,7204.25,7204.25
1777255860,7204,7204.75,7204,7204.75
1777255920,7205,7205.25,7204.75,7205
1777255980,7205.25,7205.5,7205.25,7205.5
1777256040,7205.5,7206.5,7204.75,7205.25
1777256100,7205,7206,7204.75,7205.75
1777256160,7205.75,7206.25,7205.25,7205.75
1777256220,7206,7206.5,7205.75,7206.25
1777256280,7206.25,7207,7205.5,7205.5
1777256340,7205.25,7205.25,7203.75,7204.25
1777256400,7204.25,7204.25,7201.75,7203
1777256460,7203,7203.5,7202.75,7203.25
1777256520,7203,7204.75,7203,7204.25
1777256580,7204.5,7204.75,7204,7204
1777256640,7203.5,7204,7203.5,7203.75
1777256700,7203.75,7204,7203.25,7203.5
1777256760,7203.5,7204,7203.25,7203.5
1777256820,7203.5,7203.5,7203,7203.5
1777256880,7203.25,7204,7203.25,7203.75
1777256940,7203.75,7204.25,7203.25,7204.25
1777257000,7204,7204.5,7203.75,7204.5
1777257060,7204.5,7205.5,7204.5,7204.75
1777257120,7204.75,7205.5,7204.5,7205.25
1777257180,7205,7205.5,7204.25,7204.75
1777257240,7204.75,7205,7203.5,7204
1777257300,7204.25,7205.25,7204,7204.75
1777257360,7205,7205,7204.25,7204.5
1777257420,7204.75,7206,7204.75,7205.5
1777257480,7205.5,7206.25,7205.5,7206
1777257540,7206,7206,7204.5,7204.75
1777257600,7204.5,7204.75,7204,7204
1777257660,7204,7204,7203.5,7203.75
1777257720,7203.75,7204.25,7203.75,7203.75
1777257780,7203.75,7204,7203.5,7204
1777257840,7203.75,7203.75,7203.25,7203.75
1777257900,7203.75,7204,7203.25,7203.75
1777257960,7204,7204.5,7203.75,7204
1777258020,7204,7204,7203.75,7203.75
1777258080,7204,7204.5,7204,7204.5
1777258140,7204.5,7205.25,7204.5,7205
1777258200,7204.75,7204.75,7204.25,7204.25
1777258260,7204.5,7204.5,7203.5,7204
1777258320,7203.75,7203.75,7203.25,7203.5
1777258380,7203.75,7203.75,7203.25,7203.75
1777258440,7203.75,7203.75,7203,7203.5
1777258500,7203.5,7203.75,7203.25,7203.5
1777258560,7203.5,7203.5,7203,7203.5
1777258620,7203.5,7204,7203.25,7204
1777258680,7204,7204.5,7203.75,7204.25
1777258740,7204.25,7204.25,7203.25,7203.25
1777258800,7203.5,7206.75,7202.75,7204
1777258860,7204.25,7204.25,7202.75,7202.75
1777258920,7203,7204,7202.75,7203.75
1777258980,7204,7204.5,7203.5,7204.5
1777259040,7204.25,7204.75,7203.5,7204.25
1777259100,7204,7204,7203,7203.25
1777259160,7203.5,7203.75,7203.25,7203.5
1777259220,7203.5,7203.5,7203,7203
1777259280,7202.75,7202.75,7202.25,7202.25
1777259340,7202.25,7202.75,7202.25,7202.5
1777259400,7202.5,7203.25,7202.5,7202.5
1777259460,7202.5,7202.5,7201.75,7202
1777259520,7202.25,7202.5,7201.75,7202.25
1777259580,7202.25,7202.5,7202,7202
1777259640,7202,7202.75,7202,7202.75
1777259700,7202.75,7203,7202,7202.25
1777259760,7202.25,7202.5,7202.25,7202.25
1777259820,7202.25,7202.75,7202,7202.5
1777259880,7202.5,7202.75,7202.25,7202.75
1777259940,7202.75,7203.5,7202.5,7203.5
1777260000,7203.25,7204.25,7203,7204.25
1777260060,7204,7204,7203.5,7203.75
1777260120,7203.5,7203.75,7203.25,7203.5
1777260180,7203.25,7203.5,7203,7203.25
1777260240,7203.25,7203.75,7203,7203.5
1777260300,7203.5,7203.75,7203.25,7203.25
1777260360,7203.25,7203.5,7203,7203.5
1777260420,7203.5,7204,7203.5,7204
1777260480,7203.75,7204.25,7203.5,7203.5
1777260540,7203.5,7204,7203.25,7204
1777260600,7204,7204.5,7203.75,7204
1777260660,7204,7204.25,7203.5,7203.5
1777260720,7203.75,7203.75,7202.75,7202.75
1777260780,7203,7203.25,7203,7203.25
1777260840,7203.25,7204,7203.25,7204
1777260900,7203.75,7204,7203.25,7203.5
1777260960,7203.25,7203.25,7202.5,7203
1777261020,7203,7203.25,7202.75,7203
1777261080,7202.75,7204,7202.75,7204
1777261140,7204,7204.25,7203,7203
1777261200,7203.25,7203.25,7202.75,7203.25
1777261260,7203.5,7204,7203.5,7204
1777261320,7204,7204.25,7203.75,7204.25
1777261380,7204,7204.25,7203.75,7203.75
1777261440,7203.75,7204,7203.75,7204
1777261500,7204,7204,7203.5,7203.5
1777261560,7203.5,7203.5,7203.25,7203.5
1777261620,7203.5,7203.5,7202.75,7203.25
1777261680,7203.25,7203.5,7203,7203.5
1777261740,7203.25,7203.75,7203.25,7203.5
1777261800,7203.5,7203.5,7203,7203.25
1777261860,7203.25,7203.75,7203.25,7203.75
1777261920,7203.5,7203.5,7203.25,7203.5
1777261980,7203.75,7204,7203.5,7203.75
1777262040,7203.75,7204,7203.75,7203.75
1777262100,7203.5,7203.75,7203.25,7203.25
1777262160,7203.25,7203.5,7203,7203.25
1777262220,7203,7203.25,7202.75,7203.25
1777262280,7203,7203.25,7203,7203
1777262340,7203.25,7203.25,7202.5,7202.75
1777262400,7202.75,7203,7202.75,7202.75
1777262460,7202.75,7202.75,7202.25,7202.25
1777262520,7202,7202.5,7201.5,7201.5
1777262580,7201.25,7201.25,7200,7201
1777262640,7201,7201.25,7200,7200.75
1777262700,7200.5,7201.75,7200.5,7201.75
1777262760,7201.5,7202.25,7201.5,7201.75
1777262820,7201.5,7202.25,7201.5,7201.75
1777262880,7201.75,7202.25,7201.75,7202.25
1777262940,7202.25,7202.25,7201.75,7202
1777263000,7202,7202,7201,7201.25
1777263060,7201.5,7201.75,7201.25,7201.75
1777263120,7201.75,7201.75,7201,7201
1777263180,7201,7201.75,7201,7201.5
1777263240,7201.25,7201.5,7201,7201
1777263300,7201.25,7201.5,7201,7201.5
1777263360,7201.5,7201.75,7201.5,7201.75
1777263420,7201.75,7202,7201.75,7202
1777263480,7202.25,7202.5,7201.75,7202
1777263540,7202,7202,7201.5,7201.5
1777263600,7201.75,7201.75,7201.75,7201.75
1777263660,7201.75,7201.75,7201.5,7201.5
1777263720,7201.5,7203.25,7201.5,7202.5
1777263780,7202.75,7203,7202.5,7203
1777263840,7203,7203,7202.75,7203
1777263900,7203,7204.25,7202.75,7203.75
1777263960,7203.5,7203.75,7203.25,7203.75
1777264020,7203.75,7203.75,7203.25,7203.25
1777264080,7203.5,7203.5,7203.25,7203.5
1777264140,7203.75,7203.75,7203.25,7203.25
1777264200,7203.25,7204.5,7203.25,7203.5
1777264260,7203.75,7204,7203.5,7203.5
1777264320,7203.5,7203.75,7203.5,7203.75
1777264380,7203.75,7204.25,7203.25,7204
1777264440,7203.75,7204,7203.25,7203.75
1777264500,7203.5,7203.5,7202.75,7203.25
1777264560,7203.25,7203.75,7203.25,7203.5
1777264620,7203.75,7204,7203.5,7203.75
1777264680,7204,7204.25,7203.75,7204.25
1777264740,7204.25,7205.25,7204,7204.25
1777264800,7204.5,7204.5,7203.5,7204
1777264860,7204,7204.25,7204,7204.25
1777264920,7204.25,7204.25,7203.75,7204.25
1777264980,7204,7204,7203,7203.25
1777265040,7203.25,7203.5,7203.25,7203.5
1777265100,7203.5,7204,7203.25,7204
1777265160,7204,7204.25,7203.75,7204
1777265220,7204,7204,7203.25,7203.5
1777265280,7203.5,7204.25,7203.5,7204.25
1777265340,7204.25,7204.25,7203.25,7203.25
1777265400,7203,7203,7201.75,7201.75
1777265460,7202,7202.25,7201.5,7201.75
1777265520,7202,7202.25,7201.75,7202
1777265580,7202,7202.25,7201.5,7201.75
1777265640,7202,7202.5,7201.5,7202.5
1777265700,7202.5,7202.5,7200.75,7200.75
1777265760,7200.75,7201,7199.75,7200.25
1777265820,7200,7200.5,7199.75,7200
1777265880,7199.75,7200.75,7199.75,7200.5
1777265940,7200.75,7200.75,7200.5,7200.75
1777266000,7200.5,7201,7199.75,7199.75
1777266060,7199.75,7199.75,7199,7199.25
1777266120,7199.5,7199.75,7198.5,7198.75
1777266180,7198.5,7199,7198.25,7198.75
1777266240,7198.5,7198.5,7197.5,7198
1777266300,7197.75,7197.75,7195.25,7196
1777266360,7195.75,7196.5,7195.75,7196
1777266420,7195.75,7197.5,7195.75,7197
1777266480,7197,7197.75,7196.75,7197
1777266540,7197,7197.25,7196.75,7197.25
1777266600,7197.25,7198.25,7197.25,7198.25
1777266660,7198.25,7198.5,7197.75,7197.75
1777266720,7197.75,7197.75,7197.25,7197.75
1777266780,7197.5,7197.75,7196.75,7197.5
1777266840,7197.25,7197.25,7194.75,7195
1777266900,7195,7195.25,7194,7195
1777266960,7195,7195.75,7194.75,7195.75
1777267020,7195.75,7195.75,7194.75,7194.75
1777267080,7195,7196,7195,7195.5
1777267140,7195.25,7195.75,7194.75,7194.75
1777267200,7194.75,7195.25,7193.75,7194.5
1777267260,7194.25,7195.25,7194,7195.25
1777267320,7195.25,7195.75,7195,7195.25
1777267380,7195.25,7195.25,7195,7195.25
1777267440,7195.25,7195.5,7195.25,7195.5
1777267500,7195.5,7195.5,7192.5,7193
1777267560,7193,7193.25,7192,7192.75
1777267620,7193,7193.5,7192.25,7192.75
1777267680,7193,7193.25,7192,7192
1777267740,7192.25,7192.25,7191.75,7192
1777267800,7192,7192.75,7191.25,7192.5
1777267860,7192.5,7192.5,7191.5,7192
1777267920,7192,7193,7192,7192.75
1777267980,7192.5,7193,7191.5,7192
1777268040,7192,7192.5,7191.5,7191.75
1777268100,7191.5,7191.5,7188,7189.75
1777268160,7189.5,7191,7189.25,7190.25
1777268220,7190.25,7190.75,7190,7190
1777268280,7189.5,7189.75,7188.75,7189.5
1777268340,7189.5,7190,7189.25,7190
1777268400,7190.25,7190.75,7189.75,7190.25
1777268460,7190.25,7191.5,7190.25,7191.25
1777268520,7191.25,7191.5,7191,7191.25
1777268580,7191.25,7192.25,7191.25,7191.5
1777268640,7191.5,7191.5,7190.5,7190.75
1777268700,7190.75,7191.75,7190.25,7191.25
1777268760,7191.25,7191.5,7191,7191.5
1777268820,7191.75,7192.25,7191.25,7191.5
1777268880,7191.5,7191.5,7191,7191.5
1777268940,7191.5,7191.75,7190.5,7190.75
1777269000,7190.75,7190.75,7188.5,7189
1777269060,7189.25,7190,7189,7189.5
1777269120,7189.5,7189.75,7189.25,7189.25
1777269180,7189.25,7190.5,7189,7190.25
1777269240,7190.5,7191,7190.25,7191
1777269300,7191,7191.25,7190.75,7191
1777269360,7191,7191.25,7190.25,7191
1777269420,7191.25,7191.25,7190.75,7191
1777269480,7190.75,7190.75,7189.5,7189.75
1777269540,7190,7190.25,7189.75,7189.75
1777269600,7189.75,7190.25,7188.25,7188.75
1777269660,7189,7190.25,7188.5,7190
1777269720,7189.75,7190.75,7189,7189
1777269780,7189,7189.25,7188.5,7189.25
1777269840,7189,7189,7187.5,7188.25
1777269900,7188,7189.25,7186.5,7189
1777269960,7189,7190,7188,7188.25
1777270020,7188.25,7188.5,7187.75,7187.75
1777270080,7187.75,7188.75,7187.5,7188.25
1777270140,7188.5,7189.5,7188.25,7189.5
1777270200,7189.5,7190.5,7189.5,7190.25
1777270260,7190,7190.25,7189.25,7189.75
1777270320,7189.75,7189.75,7189.25,7189.25
1777270380,7189.5,7189.5,7189,7189
1777270440,7188.75,7190.5,7188.75,7190
1777270500,7189.75,7189.75,7187.75,7189.25
1777270560,7189,7189.5,7188.25,7188.75
1777270620,7189,7189.25,7188,7189
1777270680,7189.25,7190.75,7189.25,7190.25
1777270740,7190.25,7190.75,7189.75,7190
1777270800,7190,7191,7189.5,7191
1777270860,7191,7191.5,7190.75,7191
1777270920,7190.75,7191.25,7190.75,7191.25
1777270980,7191,7191.25,7190.25,7190.5
1777271040,7190.75,7191.5,7190.75,7191
1777271100,7191,7191.25,7190,7190
1777271160,7189.75,7190.25,7189.5,7190.25
1777271220,7190.25,7190.5,7189.75,7189.75
1777271280,7189.5,7190.5,7189.5,7190.5
1777271340,7190.25,7191,7190.25,7190.5
1777271400,7190.75,7191,7186.75,7187
1777271460,7187,7187.5,7186.25,7187
1777271520,7187,7188.25,7186.75,7188
1777271580,7187.75,7188.5,7187.5,7187.75
1777271640,7187.5,7187.75,7187,7187.25
1777271700,7187.25,7187.75,7187,7187.75
1777271760,7187.75,7188.5,7187.25,7187.5
1777271820,7187.25,7188.25,7187.25,7187.25
1777271880,7187.25,7188.75,7186.75,7188.25
1777271940,7188.25,7189,7187.75,7188
1777272000,7187.75,7188.5,7186.75,7187.25
1777272060,7187,7187,7186,7186.75
1777272120,7187,7187.75,7186.5,7187.75
1777272180,7188,7188.5,7187.75,7188
1777272240,7188,7188.5,7187.75,7188.25
1777272300,7188.25,7189,7188,7188.5
1777272360,7188.5,7189.5,7188.5,7189
1777272420,7189,7189.25,7188.75,7188.75
1777272480,7188.75,7188.75,7188.25,7188.75
1777272540,7189,7190.25,7189,7189.75
1777272600,7189.5,7189.5,7188.75,7189
1777272660,7189,7189,7188.75,7188.75
1777272720,7188.75,7188.75,7187.5,7188
1777272780,7188,7189.25,7188,7188.75
1777272840,7188.75,7189,7188.75,7188.75
1777272900,7189,7189.75,7188.5,7188.5
1777272960,7189,7189,7188,7188.25
1777273020,7188.5,7188.5,7186.75,7187.25
1777273080,7187.25,7188,7187,7188
1777273140,7188,7188,7187,7188
1777273200,7188,7188.25,7185.5,7186.5
1777273260,7186.75,7188.5,7186.75,7188
1777273320,7188,7188.5,7187.75,7188.25
1777273380,7188.5,7190.25,7188.5,7189.5
1777273440,7189.5,7189.75,7188.25,7188.5
1777273500,7188.5,7188.5,7186.25,7186.25
1777273560,7186.25,7187.5,7185.75,7187.5
1777273620,7187.5,7188.25,7187,7187.75
1777273680,7187.25,7187.25,7185.25,7187
1777273740,7187.25,7187.25,7185.25,7186.5
1777273800,7186.75,7186.75,7185.5,7185.75
1777273860,7185.5,7186.25,7185.25,7185.75
1777273920,7185.75,7187.5,7185,7187.25
1777273980,7187.25,7188.25,7187,7188.25
1777274040,7188.25,7188.5,7188,7188.25
1777274100,7188.5,7188.5,7187.25,7187.5
1777274160,7187.5,7187.5,7186,7187.25
1777274220,7187.5,7188.25,7186.75,7186.75
1777274280,7186.75,7187.25,7186.25,7187
1777274340,7187.25,7188.25,7187.25,7187.75
1777274400,7187.75,7188,7186.75,7187.25
1777274460,7187.25,7187.75,7186.75,7187.75
1777274520,7187.5,7188.25,7187.5,7188
1777274580,7188.25,7189.5,7188.25,7189.25
1777274640,7189,7189.25,7188.25,7188.5
1777274700,7188.25,7188.5,7187.5,7187.75
1777274760,7187.75,7188.75,7187.75,7187.75
1777274820,7188,7188,7186,7186.5
1777274880,7186.5,7187.25,7186.25,7187
1777274940,7186.75,7187.75,7186.75,7187.25
1777275000,7187.5,7188.5,7186.25,7187.25
1777275060,7187.25,7187.25,7186.25,7187
1777275120,7186.75,7188.5,7186.75,7187.75
1777275180,7188,7188.5,7187,7187
1777275240,7186.75,7187.5,7186.75,7187.25
1777275300,7187.25,7187.5,7186,7186.25
1777275360,7186.5,7187,7186.5,7186.5
1777275420,7186.25,7186.5,7185.5,7185.75
1777275480,7185.75,7187,7185.5,7186.75
1777275540,7186.75,7188,7186.75,7188
1777275600,7187.75,7187.75,7187,7187.25
1777275660,7187.5,7188,7187.25,7187.25
1777275720,7187.25,7187.5,7187,7187.25
1777275780,7187,7187.5,7187,7187.5
1777275840,7187.75,7188,7186.75,7187
1777275900,7187,7187.75,7187,7187.5
1777275960,7187.5,7188.75,7187.5,7188.5
1777276020,7188.25,7188.75,7187.75,7187.75
1777276080,7188,7188,7187.5,7188
1777276140,7188,7188,7187,7187
1777276200,7187.25,7187.25,7186.25,7187.25
1777276260,7187.5,7189,7187,7188.25
1777276320,7188,7188.25,7187.75,7188
1777276380,7188,7188.25,7187.75,7188
1777276440,7188,7188.25,7187.25,7187.5
1777276500,7187.75,7188,7187.75,7188
1777276560,7188.25,7188.25,7187.5,7188
1777276620,7187.75,7188.5,7187.75,7188.25
1777276680,7188.25,7188.5,7187.75,7188.5
1777276740,7188.5,7188.75,7187,7187
1777276800,7186.75,7188.25,7186.5,7187.25
1777276860,7187.5,7189,7184.75,7186
1777276920,7186,7186.25,7185,7185.75
1777276980,7185.75,7186,7184.75,7185.75
1777277040,7185.5,7186,7185,7186
1777277100,7186,7186.5,7185.75,7186
1777277160,7185.75,7186.25,7184.5,7184.75
1777277220,7184.75,7185.25,7183.75,7185.25
1777277280,7185.25,7185.75,7184.25,7184.25
1777277340,7184.25,7184.5,7181.75,7183
1777277400,7183,7184.75,7182.5,7182.75
1777277460,7182.5,7183.75,7182,7183.75
1777277520,7183.75,7184.75,7182.75,7183
1777277580,7183.25,7183.5,7181.5,7182.25
1777277640,7182.25,7182.25,7181.5,7181.5
1777277700,7181.5,7183.25,7181.5,7183.25
1777277760,7183.25,7184,7182.75,7183.5
1777277820,7183.75,7184.25,7183.25,7184
1777277880,7184,7184.5,7183.75,7184
1777277940,7184,7184.25,7183.25,7183.75
1777278000,7183.75,7184.25,7183.25,7184.25
1777278060,7184.25,7184.25,7183.5,7184
1777278120,7183.75,7184,7183,7183
1777278180,7183,7184.75,7182.5,7184.5
1777278240,7184.75,7185.75,7184.75,7185.75
1777278300,7186,7186.25,7185.25,7186.25
1777278360,7186.25,7186.75,7185.75,7185.75
1777278420,7186,7186.25,7185.5,7186.25
1777278480,7186.25,7186.5,7185.25,7186
1777278540,7185.75,7186.75,7185.5,7186.25
1777278600,7186,7187.25,7186,7186.75
1777278660,7186.5,7187,7186.5,7186.75
1777278720,7187,7187.5,7186.5,7186.75
1777278780,7186.5,7187.25,7185.75,7187
1777278840,7187,7187.5,7186.5,7187.5
1777278900,7187.5,7187.5,7186.75,7186.75
1777278960,7186.5,7187.5,7186.25,7187
1777279020,7187,7187.75,7187,7187.5
1777279080,7187.75,7188.25,7186.75,7187.75
1777279140,7187.75,7187.75,7186.75,7187
1777279200,7187,7187.25,7186,7186.25
1777279260,7186.5,7187.25,7186.5,7187
1777279320,7186.75,7187.5,7186.5,7187
1777279380,7187,7187.25,7186.5,7187
1777279440,7187.25,7188,7187.25,7187.75
1777279500,7187.75,7189.25,7187.75,7189
1777279560,7189,7189,7188.5,7188.75
1777279620,7188.5,7189.75,7188.25,7189.5
1777279680,7189.5,7190,7189,7189
1777279740,7189.25,7189.5,7188.75,7188.75
1777279800,7189,7189.75,7188.75,7189.75
1777279860,7189.75,7189.75,7188.5,7188.5
1777279920,7188.5,7189,7188.25,7188.25
1777279980,7188.25,7189.25,7187.75,7188.25
1777280040,7188.25,7189.5,7188.25,7189
1777280100,7188.75,7189,7188.5,7188.75
1777280160,7188.75,7189.25,7188.5,7189.25
1777280220,7189.5,7189.5,7189,7189.25
1777280280,7189.5,7189.75,7188.75,7188.75
1777280340,7188.75,7189,7188,7188.75
1777280400,7189,7190.25,7188.75,7190
1777280460,7190,7190.5,7188.75,7189
1777280520,7189,7189.25,7188.25,7188.75
1777280580,7188.75,7189,7188.75,7188.75
1777280640,7188.75,7189.5,7188.75,7189.25
1777280700,7189.25,7189.75,7189,7189.5
1777280760,7189.5,7189.75,7188.75,7189
1777280820,7188.75,7189.75,7188.5,7188.75
1777280880,7189,7189.25,7189,7189
1777280940,7189,7189,7187.75,7187.75
1777281000,7187.75,7189,7187.75,7189
1777281060,7189,7189.25,7189,7189
1777281120,7189,7189.5,7188.75,7189.25
1777281180,7189.25,7190.5,7189.25,7190.5
1777281240,7190.5,7190.75,7190,7190
1777281300,7190,7190,7189.25,7189.5
1777281360,7189.5,7189.75,7189.25,7189.5
1777281420,7189.5,7190.25,7189.5,7189.75
1777281480,7189.75,7189.75,7189,7189
1777281540,7189,7189,7188.5,7188.75
1777281600,7188.75,7189,7187.5,7188
1777281660,7187.75,7188,7187.5,7187.75
1777281720,7187.5,7188.75,7187.5,7188.75
1777281780,7188.75,7189,7188.5,7188.5
1777281840,7188.5,7188.5,7187.5,7187.75
1777281900,7187.5,7188,7187.25,7188
1777281960,7187.75,7188.25,7187.75,7188.25
1777282020,7188.25,7188.25,7187.75,7188.25
1777282080,7188.5,7189,7188.5,7188.75
1777282140,7189,7189,7188.5,7188.5
1777282200,7188.5,7189,7188,7189
1777282260,7189,7190,7189,7190
1777282320,7190,7190.5,7189.75,7189.75
1777282380,7189.75,7190.25,7189.75,7190.25
1777282440,7190.25,7190.25,7189.75,7190
1777282500,7190,7190,7188.75,7188.75
1777282560,7189,7189.25,7189,7189
1777282620,7189,7189,7188.75,7188.75
1777282680,7188.75,7188.75,7188.5,7188.75
1777282740,7188.5,7189.5,7188.5,7189.25
1777282800,7189,7189.25,7188.5,7188.5
1777282860,7188.5,7189.25,7188.5,7189.25
1777282920,7189.25,7189.75,7189.25,7189.75
1777282980,7189.75,7189.75,7189,7189
1777283040,7189,7189.25,7188.75,7189.25
1777283100,7189.25,7189.5,7189.25,7189.5
1777283160,7189.5,7190,7189.25,7189.5
1777283220,7189.25,7189.75,7189,7189
1777283280,7189.25,7189.75,7189.25,7189.75
1777283340,7189.5,7189.5,7188.75,7189.25
1777283400,7189.25,7189.5,7189.25,7189.5
1777283460,7189.5,7189.75,7189.5,7189.75
1777283520,7190,7191,7189.75,7190.75
1777283580,7190.5,7190.75,7190.5,7190.5
1777283640,7190.5,7191,7190.25,7191
1777283700,7191,7191.25,7190.75,7191
1777283760,7190.75,7191,7190.25,7190.5
1777283820,7190.5,7191,7190.5,7190.5
1777283880,7190.25,7190.25,7188.5,7188.5
1777283940,7188.25,7189,7188,7189
1777284000,7189,7189.25,7188.75,7189.25
1777284060,7189,7189.25,7188.5,7189
1777284120,7189,7189.25,7188.75,7189
1777284180,7188.75,7189.5,7188.75,7189
1777284240,7188.75,7189.25,7188,7188
1777284300,7188.25,7189,7188.25,7188.75
1777284360,7189,7189.5,7189,7189
1777284420,7189,7189,7187.75,7187.75
1777284480,7187.75,7188.25,7187,7187.25
1777284540,7187.5,7188,7187.25,7187.75
1777284600,7188,7188,7187.5,7187.75
1777284660,7187.75,7188,7187.25,7187.75
1777284720,7187.75,7187.75,7187.5,7187.5
1777284780,7187.25,7187.5,7186.5,7187
1777284840,7187,7187.75,7187,7187.5
1777284900,7187.5,7188.25,7187.25,7188
1777284960,7188,7189,7188,7188.75
1777285020,7189,7190,7188.75,7189.5
1777285080,7189.75,7189.75,7189,7189.5
1777285140,7189.25,7189.25,7188.75,7189.25
1777285200,7189.25,7190.25,7189.25,7190
1777285260,7190,7190.5,7190,7190.25
1777285320,7190.5,7191,7190.25,7190.5
1777285380,7190.25,7191,7189.5,7190.75
1777285440,7191,7191,7189.75,7190
1777285500,7190,7190,7189.5,7189.5
1777285560,7189.5,7189.75,7189.25,7189.75
1777285620,7189.75,7190,7189.25,7190
1777285680,7190,7190.25,7188.75,7188.75
1777285740,7188.75,7189.25,7188,7189
1777285800,7189,7189.25,7188.5,7188.75
1777285860,7188.75,7189,7188.75,7189
1777285920,7189,7190.5,7189,7190.5
1777285980,7190.5,7191,7190.5,7190.75
1777286040,7190.5,7191,7190.25,7190.25
1777286100,7190.25,7190.5,7189.75,7190.25
1777286160,7190.25,7191.5,7190,7191.25
1777286220,7191.25,7192,7191,7192
1777286280,7192,7192,7191.5,7191.5
1777286340,7191.5,7192,7191.25,7192
1777286400,7192,7193.5,7192,7193.25
1777286460,7193.25,7194.25,7193,7193.25
1777286520,7193.25,7194.25,7193,7194
1777286580,7194,7194.25,7193.75,7194.25
1777286640,7194.25,7194.75,7194.25,7194.5
1777286700,7194.25,7195.25,7193.75,7194.75
1777286760,7194.75,7195,7193.5,7193.5
1777286820,7193.5,7193.5,7192.5,7193.25
1777286880,7193.25,7195,7193,7194.5
1777286940,7194.25,7194.25,7193.5,7193.5
1777287000,7193.25,7194,7192.75,7193
1777287060,7192.75,7194.25,7192.75,7194
1777287120,7194,7195,7194,7194.5
1777287180,7194.75,7195,7193.75,7193.75
1777287240,7193.75,7194.25,7193.5,7193.75
1777287300,7193.75,7195,7193.75,7194.25
1777287360,7194.25,7195,7193.5,7194.5
1777287420,7194.5,7194.75,7194.5,7194.5
1777287480,7194.25,7194.25,7193.5,7193.5
1777287540,7193.5,7194.5,7193.25,7194
1777287600,7193.75,7195.75,7193.75,7195.75
1777287660,7195.5,7196,7194.5,7195.5
1777287720,7195.75,7196,7195,7196
1777287780,7195.75,7196,7194.5,7194.75
1777287840,7194.75,7194.75,7194,7194.75
1777287900,7194.5,7195.75,7194.5,7195.5
1777287960,7195.75,7196,7195,7195.25
1777288020,7195.25,7195.25,7194.5,7194.5
1777288080,7194.75,7195,7194.5,7194.5
1777288140,7194.5,7195,7194.5,7195
1777288200,7194.75,7195.25,7194.25,7195
1777288260,7195,7195.25,7194.25,7194.25
1777288320,7194.5,7195.25,7194.5,7195.25
1777288380,7195.25,7195.75,7195,7195.5
1777288440,7195.5,7195.75,7194,7194.25
1777288500,7194.25,7195,7193.75,7194.75
1777288560,7194.5,7194.5,7193.75,7193.75
1777288620,7193.75,7194.5,7193.5,7194.5
1777288680,7194.25,7194.5,7194,7194.25
1777288740,7194,7195.75,7194,7195.5
1777288800,7195.5,7196,7195,7195.25
1777288860,7195.25,7195.5,7194.75,7195.5
1777288920,7195.5,7196.75,7195.5,7196.5
1777288980,7196.25,7197.75,7196,7197.5
1777289040,7197.5,7197.75,7197,7197.25
1777289100,7197.25,7197.25,7196.75,7197
1777289160,7197,7197.25,7196.25,7196.25
1777289220,7196.25,7196.75,7195.75,7196.25
1777289280,7196,7197.5,7195.75,7197.5
1777289340,7197.5,7197.75,7196.5,7196.5
1777289400,7196.75,7197.5,7196.75,7197
1777289460,7197,7197.75,7196.75,7197.5
1777289520,7197.5,7198,7197.5,7197.75
1777289580,7197.75,7197.75,7196,7196.25
1777289640,7196,7196.75,7196,7196.25
1777289700,7196.25,7196.75,7196.25,7196.75
1777289760,7196.75,7196.75,7196.25,7196.5
1777289820,7196.5,7196.75,7195.75,7195.75
1777289880,7195.75,7196.5,7195.75,7196.5
1777289940,7196.75,7197,7196.25,7196.25
1777290000,7196.25,7196.75,7196,7196
1777290060,7196,7196.5,7195.75,7196.5
1777290120,7196.5,7197.5,7196.25,7197.25
1777290180,7197.25,7197.5,7196.25,7196.5
1777290240,7196.5,7197.5,7196.25,7196.75
1777290300,7197,7197.25,7196.75,7197.25
1777290360,7197.5,7197.75,7197.25,7197.5
1777290420,7197.5,7198.25,7197.5,7198
1777290480,7198,7198.5,7197.75,7198
1777290540,7198,7198.25,7197.75,7197.75
1777290600,7197.5,7197.75,7197,7197.5
1777290660,7197.75,7198,7197,7197
1777290720,7197,7197.75,7196.5,7196.5
1777290780,7196.5,7196.75,7196.25,7196.75
1777290840,7196.75,7197.25,7196.75,7197
1777290900,7196.75,7197,7196.5,7196.5
1777290960,7196.5,7196.5,7195.5,7196
1777291020,7196,7196.25,7195.75,7196.25
1777291080,7196.25,7196.5,7196.25,7196.5
1777291140,7196.5,7197,7196.25,7196.5
1777291200,7196.75,7197.25,7196.5,7197.25
1777291260,7197,7197.25,7196,7196
1777291320,7196,7196.75,7195.75,7196
1777291380,7196,7196.25,7194.75,7195
1777291440,7195.25,7196.5,7195,7196
1777291500,7196.25,7196.25,7195.5,7195.5
1777291560,7195.25,7195.25,7194.25,7194.75
1777291620,7194.75,7194.75,7193.5,7193.75
1777291680,7193.75,7194,7193.25,7193.5
1777291740,7193.75,7194.25,7192.75,7193.75
1777291800,7194,7195.5,7193.25,7195
1777291860,7195.25,7196.5,7195,7196.25
1777291920,7196,7196.75,7195.75,7196.25
1777291980,7196,7196.5,7195.25,7195.5
1777292040,7195.5,7195.5,7194.5,7195
1777292100,7195,7195,7194,7194.5
1777292160,7194.25,7195,7194,7194.75
1777292220,7194.5,7194.75,7194,7194.25
1777292280,7194.25,7194.5,7193.25,7193.5
1777292340,7193.75,7194.75,7193.5,7194.25
1777292400,7194.5,7194.5,7193.25,7193.5
1777292460,7193.5,7194.5,7193.5,7194
1777292520,7194,7195.75,7193.75,7194
1777292580,7193.75,7194,7193,7193.5
1777292640,7193.25,7193.25,7190.75,7191.5
1777292700,7191.5,7192.25,7189.5,7189.75
1777292760,7189.75,7189.75,7187,7187.75
1777292820,7187.75,7188.75,7185.5,7186.5
1777292880,7186.25,7187.5,7185.5,7187
1777292940,7186.75,7189,7186.75,7188.75
1777293000,7188.75,7189,7187,7188.25
1777293060,7188.25,7190.25,7187.75,7189.75
1777293120,7190,7190.5,7188.5,7188.75
1777293180,7189,7190,7188.75,7190
1777293240,7190,7190.5,7188.75,7189.25
1777293300,7189.25,7189.75,7189,7189.75
1777293360,7189.75,7190.75,7188.5,7188.75
1777293420,7188.75,7189.5,7187.5,7188.25
1777293480,7188.25,7189,7187.75,7187.75
1777293540,7187.75,7188,7186,7187.75
1777293600,7188,7189.75,7188,7189.25
1777293660,7189,7189.75,7185,7186
1777293720,7186,7189.25,7186,7188.75
1777293780,7188.75,7190,7188.75,7189.75
1777293840,7190,7190,7188.5,7189.25
1777293900,7189.5,7189.75,7187.5,7188.75
1777293960,7188.75,7190.5,7188.5,7188.75
1777294020,7189,7189.5,7188,7189.25
1777294080,7189.5,7191.25,7189,7190
1777294140,7190,7192.25,7190,7191.5
1777294200,7191.5,7193,7191.25,7192.75
1777294260,7192.75,7192.75,7191.75,7192
1777294320,7192,7192.25,7190.25,7190.5
1777294380,7190.5,7190.5,7189.25,7189.75
1777294440,7189.75,7191.5,7189.5,7191.25
1777294500,7191.25,7191.5,7189,7189.25
1777294560,7189.25,7189.25,7187.5,7188.5
1777294620,7188.5,7190.75,7188.5,7190
1777294680,7190,7190,7187.5,7188
1777294740,7188,7188.75,7186.75,7188.25
1777294800,7188.5,7191.5,7188.25,7190.25
1777294860,7190.5,7191.5,7185.5,7186.75
1777294920,7186.75,7188,7185.5,7186
1777294980,7186.25,7186.25,7184,7185.25
1777295040,7185,7186.5,7183.25,7186.5
1777295100,7186,7186.25,7184,7184.75
1777295160,7184.75,7187,7184,7186.75
1777295220,7186.5,7187.75,7186.5,7187
1777295280,7187,7188.75,7187,7188.5
1777295340,7188.5,7188.75,7187.25,7187.5
1777295400,7187.5,7188.25,7186.5,7188
1777295460,7188.25,7189.5,7186.25,7188
1777295520,7188,7189,7187.25,7188.75
1777295580,7188.5,7189.75,7187.75,7188.25
1777295640,7188.25,7188.25,7187,7187.25
1777295700,7187,7188.75,7187,7188.5
1777295760,7188.5,7188.75,7187.5,7187.75
1777295820,7187.75,7188.5,7187.25,7187.75
1777295880,7188,7188.25,7186.5,7187.5
1777295940,7187.75,7188.25,7187,7187.5
1777296000,7187.5,7188.5,7187.25,7187.25
1777296060,7187.25,7188.25,7186.75,7187.5
1777296120,7187.5,7188,7186.75,7187.25
1777296180,7187,7188,7187,7187.5
1777296240,7187.5,7187.75,7187,7187
1777296300,7186.75,7186.75,7185.75,7186.5
1777296360,7186.25,7187,7185.75,7186
1777296420,7186,7187.25,7185.25,7186
1777296480,7185.75,7186.75,7185.25,7186.5
1777296540,7186.5,7186.75,7184.75,7186.25
1777296600,7186.25,7188.75,7183.25,7185.5
1777296660,7185.75,7193.25,7184,7193.25
1777296720,7193.25,7195.75,7192.25,7193.75
1777296780,7193.75,7195.25,7192.5,7195
1777296840,7195,7195.25,7191.5,7191.5
1777296900,7191.5,7196.25,7190.75,7194.75
1777296960,7195,7195,7190.75,7194.5
1777297020,7194.75,7196.5,7194.25,7194.5
1777297080,7194.75,7197.75,7194.5,7197.5
1777297140,7197.25,7198,7195.75,7198
1777297200,7198.25,7198.5,7195,7196.5
1777297260,7196.25,7197.75,7196,7197
1777297320,7197,7197.25,7192,7193.25
1777297380,7193.25,7193.5,7191.5,7192.75
1777297440,7192.75,7194,7190.75,7191.5
1777297500,7191.5,7192,7188,7189.25
1777297560,7189.5,7190,7187,7188.5
1777297620,7188.25,7188.75,7180.25,7185
1777297680,7185,7187.5,7183.25,7184.75
1777297740,7185,7186.25,7182.25,7183.5
1777297800,7183.5,7184,7180.75,7184
1777297860,7183.75,7184.5,7181,7183.25
1777297920,7183.25,7187.5,7181.75,7187.25
1777297980,7187.5,7191.5,7187.25,7190.5
1777298040,7190.5,7194.5,7189.25,7194
1777298100,7194,7196.5,7193.5,7194
1777298160,7194,7196.75,7193,7195.5
1777298220,7195.5,7197,7194.75,7195.75
1777298280,7195.5,7197,7195.25,7196.25
1777298340,7196,7197.5,7195,7195.5
1777298400,7195.5,7195.75,7192.5,7195.25
1777298460,7195.5,7196.75,7194,7195.5
1777298520,7195.5,7195.5,7192,7193
1777298580,7193.25,7195.25,7192.75,7195
1777298640,7195,7196.25,7193.75,7193.75
1777298700,7194,7194.75,7192.25,7193.25
1777298760,7193.25,7197.25,7193.25,7195.75
1777298820,7196,7196,7191.25,7193.25
1777298880,7193.25,7194.5,7192.5,7192.75
1777298940,7192.75,7193.5,7191.75,7192.25
1777299000,7192,7192.25,7189.5,7190.5
1777299060,7190.5,7193.5,7189.5,7193.25
1777299120,7193.25,7195.5,7192.5,7193.25
1777299180,7193.25,7193.25,7191,7192.5
1777299240,7192.5,7193.5,7191.5,7193.25
1777299300,7193,7194,7189.5,7190.75
1777299360,7190.75,7191,7188.75,7190.25
1777299420,7190,7191.5,7189,7189.75
1777299480,7189.5,7190.25,7188.75,7189.75
1777299540,7190,7191,7188.75,7189.5
1777299600,7189.25,7190.25,7188.25,7188.75
1777299660,7188.75,7191.5,7188.5,7189
1777299720,7189,7190.75,7188,7190.5
1777299780,7190.25,7191.25,7189.5,7190.25
1777299840,7190.25,7191.5,7188.75,7191.5
1777299900,7191.25,7193,7190.25,7191.5
1777299960,7191.5,7192.5,7189.25,7190.5
1777300020,7190.25,7191.25,7189,7190.75
1777300080,7190.5,7192.5,7189.75,7190
1777300140,7190,7190.75,7188.75,7189.25
1777300200,7189.25,7189.5,7185.5,7187
1777300260,7186.75,7188.25,7185.5,7187.25
1777300320,7187.25,7187.25,7185.25,7186
1777300380,7186,7188.75,7185.75,7187.25
1777300440,7187,7189,7186,7188.5
1777300500,7188.5,7196.25,7187.75,7196
1777300560,7196,7199,7193.75,7194.25
1777300620,7194.25,7194.5,7191.75,7193
1777300680,7192.75,7194.5,7192,7193.25
1777300740,7193.25,7194,7191.75,7194
1777300800,7193.75,7194.75,7191.25,7191.25
1777300860,7191.5,7192,7190,7190.5
1777300920,7190.5,7191.5,7190,7191
1777300980,7191,7192.75,7190.5,7192.75
1777301040,7192.75,7196.25,7192.75,7194.25
1777301100,7194.25,7194.75,7191,7191.75
1777301160,7191.75,7192.5,7190,7192.25
1777301220,7192,7193.25,7191.75,7192.25
1777301280,7192.25,7194.25,7191.75,7191.75
1777301340,7192,7192.25,7190.5,7191.5
1777301400,7191.25,7193.25,7191,7191.5
1777301460,7191.25,7193.25,7191,7191.75
1777301520,7191.75,7191.75,7187.75,7189.5
1777301580,7189.25,7190.75,7188.5,7189.25
1777301640,7189,7190,7188.25,7190
1777301700,7190.25,7190.75,7189.25,7189.25
1777301760,7189.5,7190,7188,7189.5
1777301820,7189.5,7191.5,7189,7190.5
1777301880,7190.75,7191.75,7190.25,7191
1777301940,7190.75,7191.5,7190,7190.75
1777302000,7191,7192.75,7191,7191.5
1777302060,7191.5,7191.5,7188,7188.75
1777302120,7188.75,7188.75,7186.25,7187.5
1777302180,7187.5,7187.75,7183.5,7184.5
1777302240,7184.75,7185.5,7182.75,7183.5
1777302300,7183.75,7185.5,7182.25,7184.5
1777302360,7184.5,7186.5,7184.25,7185
1777302420,7185,7185.5,7182.25,7184.5
1777302480,7184.5,7186.5,7184.5,7186.25
1777302540,7186.5,7186.5,7184.75,7185
1777302600,7185.25,7186.25,7184.75,7185.25
1777302660,7185.25,7185.5,7183.25,7185
1777302720,7185.25,7185.75,7183.5,7184.5
1777302780,7184.5,7185.75,7184.25,7184.5
1777302840,7184.75,7184.75,7183,7183.25
1777302900,7183,7185.75,7182.5,7185.25
1777302960,7185,7186.5,7184.5,7185.25
1777303020,7185.25,7186.75,7183.25,7183.75
1777303080,7184,7185,7181.5,7183
1777303140,7183,7183.75,7182,7182.75
1777303200,7182.75,7184,7182.5,7183
1777303260,7183.25,7183.75,7179.75,7180
1777303320,7180.25,7180.75,7177,7178.75
1777303380,7179,7180.75,7178,7180.75
1777303440,7180.75,7181,7179.5,7180
1777303500,7180,7180.5,7178.5,7179.75
1777303560,7180,7182,7178.5,7181
1777303620,7181.25,7183.25,7181.25,7182.75
1777303680,7183,7184,7182.5,7183.25
1777303740,7183.25,7184.5,7182.5,7184.5
1777303800,7184.5,7187,7184,7187
1777303860,7186.75,7187,7184,7184.5
1777303920,7184.25,7184.75,7182,7182.75
1777303980,7182.75,7184,7182.25,7183
1777304040,7183.25,7185.5,7183.25,7184.5
1777304100,7184.25,7184.75,7183.25,7184
1777304160,7184,7184.75,7183.25,7183.75
1777304220,7183.75,7184.75,7182.75,7183.5
1777304280,7183.5,7184.75,7183,7184
1777304340,7184,7185.75,7183.75,7185
1777304400,7184.75,7185.25,7184,7184.75
1777304460,7185,7187,7185,7186
1777304520,7186.25,7188.5,7185.75,7187
1777304580,7186.75,7187.75,7186.75,7187.25
1777304640,7187.25,7187.75,7186.75,7187.25
1777304700,7187.25,7188.25,7186.5,7186.75
1777304760,7186.75,7187,7185.5,7187
1777304820,7187.25,7188.5,7187.25,7187.75
1777304880,7188,7188.5,7186.75,7187.5
1777304940,7187.75,7187.75,7185.75,7185.75
1777305000,7186,7186.25,7185,7186.25
1777305060,7186,7187.5,7186,7187.25
1777305120,7187,7187,7185.5,7186.25
1777305180,7186.25,7187.25,7186,7186.5
1777305240,7186.75,7187,7185,7186.5
1777305300,7186.75,7187.25,7185.75,7186.5
1777305360,7186.5,7187.25,7186,7186.5
1777305420,7186.5,7187.25,7186,7187
1777305480,7187.25,7188,7186.25,7186.5
1777305540,7186.5,7189.5,7186.5,7188.75
1777305600,7188.75,7189.75,7188.25,7188.25
1777305660,7188.25,7188.25,7186.5,7187.5
1777305720,7187.25,7188,7186.25,7187.25
1777305780,7187.5,7188,7187,7187.5
1777305840,7187.5,7189.5,7187.5,7189.25
1777305900,7189.25,7190,7189,7189.5
1777305960,7189.75,7191.25,7189.75,7191
1777306020,7191,7191.5,7190.75,7191
1777306080,7191,7192.5,7191,7191.75
1777306140,7192,7192.25,7191.5,7192
1777306200,7192,7192.75,7191.25,7192.5
1777306260,7192.5,7194.25,7192,7193.75
1777306320,7194,7195,7193,7194.5
1777306380,7194.25,7194.5,7193.5,7194
1777306440,7194,7194.75,7192.25,7194
1777306500,7194.25,7196,7194,7195.75
1777306560,7195.75,7195.75,7194.5,7195
1777306620,7195.25,7195.25,7194.5,7195
1777306680,7195,7195.5,7194,7194.75
1777306740,7194.75,7195.25,7194.25,7194.75
1777306800,7194.75,7195.25,7193.5,7194
1777306860,7193.75,7194.25,7193.25,7193.25
1777306920,7193.5,7194.25,7193.5,7193.5
1777306980,7193.5,7193.75,7192,7193.25
1777307040,7193.25,7193.5,7192.25,7192.75
1777307100,7192.75,7194.25,7192.5,7194.25
1777307160,7194,7195,7193.5,7193.75
1777307220,7193.75,7194.25,7193.25,7193.5
1777307280,7193.5,7194,7193,7193.25
1777307340,7193.25,7193.5,7192.5,7193.5
1777307400,7193.5,7195.25,7193.25,7195
1777307460,7195,7195.25,7194.5,7194.75
1777307520,7194.5,7195,7194.25,7195
1777307580,7194.75,7195.75,7194.75,7195.25
1777307640,7195.25,7196.75,7195,7196.25
1777307700,7196.25,7197.5,7196.25,7196.75
1777307760,7196.75,7197.25,7195.5,7196.5
1777307820,7196.5,7197.25,7196.5,7196.5
1777307880,7196.75,7197.25,7196,7197.25
1777307940,7197.25,7197.75,7196.75,7197.25
1777308000,7197.25,7197.75,7196.5,7197.25
1777308060,7197.25,7197.75,7195.75,7196
1777308120,7196.25,7197.75,7196.25,7197.25
1777308180,7197.25,7197.5,7196.5,7197
1777308240,7197,7197.25,7195.75,7195.75
1777308300,7196,7196.5,7195.75,7196.25
1777308360,7196.5,7197.25,7196,7197
1777308420,7197,7197.25,7195.75,7197
1777308480,7196.75,7197.25,7196.25,7197.25
1777308540,7197,7197.5,7196.75,7197.25
1777308600,7197.25,7197.25,7196,7196.75
1777308660,7196.5,7196.75,7195.75,7196.5
1777308720,7196.5,7197.25,7195.25,7195.75
1777308780,7195.75,7196.5,7195.25,7196.5
1777308840,7196.25,7196.25,7195,7195.25
1777308900,7195.25,7195.25,7194,7195
1777308960,7195.25,7195.5,7194,7194
1777309020,7194,7194.25,7193.5,7193.75
1777309080,7194,7195.75,7193.75,7195.5
1777309140,7195.75,7196.25,7195.25,7196
1777309200,7196.25,7198.25,7196,7197.75
1777309260,7198,7198.5,7197.25,7197.75
1777309320,7197.75,7197.75,7197,7197.5
1777309380,7197.75,7198,7197,7197.75
1777309440,7198,7198,7196.75,7197
1777309500,7197.25,7197.5,7196.25,7197
1777309560,7197,7197.5,7196.5,7196.75
1777309620,7197,7197.25,7196.5,7196.75
1777309680,7196.75,7196.75,7195.75,7196
1777309740,7196,7197.25,7195.75,7197
1777309800,7197,7197.75,7195.5,7196
1777309860,7195.75,7197.5,7195.75,7196.5
1777309920,7196.5,7198.25,7196.25,7197.75
1777309980,7197.75,7198,7197.25,7197.75
1777310040,7197.5,7198.25,7197.5,7198
1777310100,7198,7198.75,7197.25,7197.5
1777310160,7197.25,7197.5,7195.75,7196.5
1777310220,7196.25,7197.25,7195.5,7196.25
1777310280,7196.25,7196.25,7193.75,7194.5
1777310340,7194.5,7196.25,7194,7196.25
1777310400,7196,7196.25,7195.25,7195.75
1777310460,7195.5,7196.25,7195.25,7196
1777310520,7196,7196.75,7195.5,7196.5
1777310580,7196.25,7202,7196.25,7199
1777310640,7198.75,7199.5,7198.25,7198.5
1777310700,7198.5,7201,7197.75,7200.5
1777310760,7200.5,7201.75,7200.25,7200.75
1777310820,7200.75,7201.5,7200,7200.75
1777310880,7200.5,7201,7200.5,7200.75
1777310940,7200.75,7201.25,7200.25,7201
1777311000,7201,7203.25,7200.75,7203.25
1777311060,7203.25,7204.5,7202.5,7204.25
1777311120,7204.25,7204.75,7203,7204.75
1777311180,7204.5,7206.25,7204.5,7206.25
1777311240,7206.25,7207,7205.75,7207
1777311300,7206.75,7207.25,7204.75,7205.25
1777311360,7205,7205.25,7203.75,7204.25
1777311420,7204.25,7204.75,7203.5,7204.25
1777311480,7204,7204.75,7202.75,7203
1777311540,7202.75,7203,7201.75,7202.5
1777311600,7202.5,7202.75,7201.75,7202.5
1777311660,7202.5,7203.25,7201.75,7202.75
1777311720,7202.75,7203.25,7202,7202.75
1777311780,7202.75,7203.25,7202.5,7202.5
1777311840,7202.25,7203.25,7202,7203
1777311900,7203,7203.5,7202.25,7203
1777311960,7203.25,7203.25,7202,7202.75
1777312020,7202.75,7203.5,7202.75,7203.5
1777312080,7203.25,7203.5,7202.25,7203
1777312140,7203,7204,7202.75,7203.75
1777312200,7203.5,7204.75,7203.5,7204
1777312260,7203.75,7203.75,7202.5,7203
1777312320,7203,7203.75,7202.75,7203.75
1777312380,7203.5,7203.5,7202,7202
1777312440,7202,7202.5,7201.25,7202.25
1777312500,7202.25,7203,7202,7202.25
1777312560,7202.5,7203,7202.25,7202.75
1777312620,7202.75,7204,7202.75,7203.5
1777312680,7203.5,7204,7203.25,7203.25
1777312740,7203.25,7204,7203.25,7203.5
1777312800,7203.5,7203.75,7202,7203.25
1777312860,7203.25,7203.5,7202.5,7202.75
1777312920,7202.75,7204,7202.5,7204
1777312980,7204,7204.75,7203.5,7204.75
1777313040,7204.75,7205,7203.25,7203.75
1777313100,7203.75,7204.25,7203,7204
1777313160,7204.25,7205.25,7203.75,7204.75
1777313220,7204.75,7205,7204.25,7204.75
1777313280,7204.75,7205,7204,7204.25
1777313340,7204.25,7204.5,7203.5,7204.5
1777313400,7204.25,7204.75,7204.25,7204.75
1777313460,7204.5,7204.75,7204.25,7204.25
1777313520,7204.25,7205.5,7204.25,7205.25
1777313580,7205.25,7205.5,7204.75,7205
1777313640,7204.75,7206,7204.75,7205.5
1777313700,7205.5,7206.25,7205.25,7205.5
1777313760,7205.5,7206,7204.75,7206
1777313820,7205.75,7206.75,7205.75,7206.5
1777313880,7206.5,7207,7205.5,7206.25
1777313940,7206.25,7207.25,7206.25,7207
1777314000,7207,7207,7206,7206
1777314060,7206.25,7206.75,7205.75,7206.75
1777314120,7206.5,7207,7206.25,7206.5
1777314180,7206.5,7207.25,7206.25,7206.5
1777314240,7206.5,7206.75,7205.5,7206
1777314300,7206,7206.25,7205,7205
1777314360,7205.25,7205.75,7204.75,7205.25
1777314420,7205.5,7206.75,7205.5,7206
1777314480,7206,7206,7204.75,7205.75
1777314540,7205.75,7205.75,7205,7205.75
1777314600,7205.5,7206.25,7205,7205.5
1777314660,7205.75,7206,7205.25,7205.25
1777314720,7205.25,7206.75,7205.25,7206.25
1777314780,7206.25,7207,7206,7206.75
1777314840,7206.75,7207,7205.5,7206.25
1777314900,7206,7206.25,7205.25,7205.75
1777314960,7206,7206.25,7205.25,7205.75
1777315020,7205.75,7206.5,7205.5,7206.5
1777315080,7206.25,7206.75,7205.75,7206
1777315140,7206,7206.5,7206,7206
1777315200,7206,7206.75,7206,7206
1777315260,7206,7206,7205,7205.25
1777315320,7205.25,7205.75,7205,7205
1777315380,7205,7205.25,7203.25,7203.5
1777315440,7203.75,7204.5,7202.5,7203.75
1777315500,7203.5,7203.75,7201.75,7203
1777315560,7203,7204.25,7203,7204
1777315620,7204,7205,7204,7204.5
1777315680,7204.5,7205,7204,7204.75
1777315740,7204.75,7205,7204.5,7204.75
1777315800,7204.75,7205.75,7204.5,7205.5
1777315860,7205.5,7206,7204.75,7205
1777315920,7205,7205.25,7204.5,7204.75
1777315980,7205,7205,7203.5,7203.75
1777316040,7203.5,7204.25,7203,7203.5
1777316100,7203.25,7204,7203.25,7204
1777316160,7203.75,7205,7203.5,7204
1777316220,7204,7204,7203.25,7203.75
1777316280,7203.5,7204.5,7203.5,7204.5
1777316340,7204.25,7204.25,7203,7203
1777316400,7203.25,7204.5,7202.5,7204.25
1777316460,7204.5,7204.75,7204.25,7204.75
1777316520,7204.75,7204.75,7202.75,7203
1777316580,7203.25,7203.25,7202.75,7203.25
1777316640,7203.25,7203.75,7202.75,7203.5
1777316700,7203.5,7204,7203,7203.25
1777316760,7203.25,7203.5,7201.5,7202
1777316820,7202.25,7202.75,7202,7202.25
1777316880,7202.25,7203.5,7202.25,7203.25
1777316940,7203,7203,7202.25,7202.5
1777317000,7202.5,7202.5,7201.5,7201.75
1777317060,7201.75,7202.5,7201.5,7201.75
1777317120,7201.75,7202.5,7201.75,7202.25
1777317180,7202,7204.25,7202,7204.25
1777317240,7204.25,7204.5,7203.5,7204
1777317300,7204,7205.25,7203.75,7205
1777317360,7205,7205.25,7204,7205
1777317420,7205,7205.75,7204.75,7205.25
1777317480,7205.25,7206.25,7205,7206
1777317540,7206,7206.5,7205.25,7206
1777317600,7205.75,7206.5,7205.5,7206
1777317660,7206,7206.5,7204.75,7205
1777317720,7205,7206.25,7205,7206
1777317780,7205.75,7206.25,7205.5,7205.75
1777317840,7205.75,7206.25,7205.25,7205.5
1777317900,7205.5,7206.25,7205.25,7205.5
1777317960,7205.5,7205.75,7205,7205.25
1777318020,7205.25,7205.75,7205,7205.75
1777318080,7205.75,7206.75,7205.5,7206.5
1777318140,7206.25,7206.75,7205.5,7206
1777318200,7206,7206.5,7205.5,7206
1777318260,7205.75,7207.25,7205.75,7207
1777318320,7207.25,7207.75,7206.75,7207
1777318380,7207,7207.5,7206.75,7207.25
1777318440,7207.25,7207.25,7205.75,7206.25
1777318500,7206.25,7207.5,7206,7207
1777318560,7207,7207.25,7205,7205
1777318620,7205.25,7205.25,7203.5,7204.25
1777318680,7204.25,7205.5,7204,7205
1777318740,7205.25,7206.5,7205,7206.5
1777318800,7206.5,7207,7206.25,7207
1777318860,7207,7207,7205.25,7205.75
1777318920,7206,7206.5,7205.25,7205.75
1777318980,7205.75,7206,7205.25,7206
1777319040,7206,7207,7205.75,7206.75
1777319100,7206.75,7209.25,7206.25,7207.75
1777319160,7207.75,7208.5,7207.5,7208.25
1777319220,7208,7208.75,7207.75,7208.25
1777319280,7208.25,7209.25,7208,7209
1777319340,7209.25,7210,7208.75,7210
1777319400,7210,7211.25,7207.75,7208.75
1777319460,7208.5,7210.25,7208.25,7209.75
1777319520,7209.75,7210.5,7208.5,7208.75
1777319580,7208.5,7209,7208,7208.25
1777319640,7208.25,7208.5,7206.5,7207
1777319700,7206.75,7208.25,7206,7207.75
1777319760,7207.5,7208.25,7206.75,7207.25
1777319820,7207.25,7208.25,7206.5,7207.75
1777319880,7207.75,7208.25,7207.25,7207.25
1777319940,7207.25,7207.5,7204.75,7207.25
1777320000,7207,7208,7204.25,7204.5
1777320060,7204.25,7205.5,7204,7205.25
1777320120,7205.5,7206,7204.5,7204.75
1777320180,7204.75,7205.25,7204.5,7205.25
1777320240,7205,7205.5,7204.5,7204.75
1777320300,7204.75,7205.25,7204.5,7204.5
1777320360,7204.5,7204.5,7203.75,7203.75
1777320420,7204,7204.5,7203.75,7204.25
1777320480,7204,7204.25,7203.25,7203.25
1777320540,7203.5,7204,7203.25,7203.5
1777320600,7203.5,7204.25,7203.25,7204.25
1777320660,7204,7205,7204,7204.5
1777320720,7204.75,7205.25,7204.5,7205.25
1777320780,7205,7205,7204,7204
1777320840,7204,7204.75,7204,7204.75
1777320900,7204.5,7205,7204.25,7205
1777320960,7205,7205.25,7204.5,7205.25
1777321020,7205.25,7205.25,7204.5,7204.5
1777321080,7204.5,7204.75,7203.25,7203.25
1777321140,7203,7203.75,7203,7203.75
1777321200,7203.5,7203.75,7203.25,7203.75
1777321260,7203.5,7203.5,7203.25,7203.5
1777321320,7203.5,7203.75,7202.25,7202.5
1777321380,7202.5,7202.5,7202.25,7202.5
1777321440,7202.75,7202.75,7202.5,7202.5
1777321500,7202.75,7203.5,7202.75,7203
1777321560,7203,7203.5,7203,7203.25
1777321620,7203.5,7204,7203.25,7204
1777321680,7204,7204,7203.75,7204
1777321740,7204,7204.5,7204,7204.5
1777321800,7204.25,7205.25,7204.25,7205
1777321860,7205.25,7205.5,7204.75,7205
1777321920,7205,7205.25,7204.75,7205
1777321980,7204.75,7205,7204.5,7204.5
1777322040,7204.5,7204.75,7204.25,7204.25
1777322100,7204.5,7205.25,7204.5,7205.25
1777322160,7205.25,7205.75,7205.25,7205.5
1777322220,7205.75,7207,7205.75,7206.5
1777322280,7206.75,7207.25,7206.5,7207.25
1777322340,7207,7207.25,7206.75,7207
1777322400,7207.25,7207.5,7206.75,7207
1777322460,7207,7207.25,7206.5,7207
1777322520,7207,7207.25,7206.75,7206.75
1777322580,7206.75,7207.25,7206.25,7206.5
1777322640,7206.5,7207,7206.25,7206.75
1777322700,7207,7207.25,7206.5,7206.75
1777322760,7206.75,7207,7206.5,7206.75
1777322820,7206.5,7206.75,7206.25,7206.25
1777322880,7206.25,7206.5,7206.25,7206.25
1777322940,7206.5,7207.5,7206.25,7206.75
1777323000,7206.5,7206.5,7206,7206
1777323060,7206.25,7206.25,7205.5,7206
1777323120,7206.25,7206.5,7205.75,7206
1777323180,7206.25,7206.5,7206,7206.25
1777323240,7206.25,7206.25,7205.5,7205.75
1777323300,7206,7206,7205.5,7205.75
1777323360,7205.5,7205.5,7204.75,7204.75
1777323420,7205,7205.25,7204.75,7205
1777323480,7205,7205.5,7205,7205.5
1777323540,7205.25,7205.5,7205,7205.25
1777327200,7204.75,7208.5,7204.75,7207.75
1777327260,7207.5,7209.25,7207.25,7208.25
1777327320,7208.25,7208.75,7207.75,7208.25
1777327380,7208.25,7209.5,7208.25,7209
1777327440,7208.75,7208.75,7206.25,7207.25
1777327500,7207.75,7212,7206.75,7212
1777327560,7211.75,7218.25,7211.75,7214.75
1777327620,7214.5,7215.25,7213.75,7214
1777327680,7214.25,7214.75,7213.5,7214.5
1777327740,7214.5,7215.5,7214,7214.5
1777327800,7214.5,7216.25,7214.5,7215.5
1777327860,7215.5,7215.75,7214,7215.75
1777327920,7215.5,7216,7215,7215.5
1777327980,7215.5,7216,7215.25,7215.75
1777328040,7215.75,7218,7215.75,7217.25
1777328100,7217.25,7218.75,7217.25,7217.5
1777328160,7217.75,7218.5,7217.25,7218.25
1777328220,7218.25,7219.25,7218,7219
1777328280,7218.75,7221.75,7218.5,7219.25
1777328340,7219.5,7219.75,7218.75,7218.75
1777328400,7218.75,7218.75,7217.75,7218.25
1777328460,7218.25,7219.25,7218.25,7218.75
1777328520,7218.5,7218.75,7217.75,7218
1777328580,7217.75,7218,7217.25,7217.5
1777328640,7217.75,7218,7217.5,7217.75
1777328700,7217.75,7218.25,7217.5,7218
1777328760,7218,7218.25,7217.75,7217.75
1777328820,7217.5,7218,7217.5,7217.75
1777328880,7217.75,7218.25,7217.25,7218.25
1777328940,7218.25,7219,7218.25,7218.75
1777329000,7218.75,7219.5,7218.5,7219.5
1777329060,7219.5,7220,7219,7219.5
1777329120,7219.25,7219.75,7218.25,7219.25
1777329180,7219.25,7219.75,7219,7219.75
1777329240,7219.5,7219.75,7218.25,7218.5
1777329300,7218.25,7218.75,7218,7218
1777329360,7218,7218,7217.25,7218
1777329420,7218,7218.5,7218,7218.25
1777329480,7218.25,7218.25,7218,7218
1777329540,7218,7218.5,7217.75,7218.5
1777329600,7218.5,7218.5,7217.5,7218.5
1777329660,7218.25,7219.25,7218.25,7219
1777329720,7219,7219,7218.25,7218.25
1777329780,7218.25,7219,7218.25,7218.75
1777329840,7218.5,7218.5,7218.25,7218.5
1777329900,7218.75,7219,7218,7218.25
1777329960,7218,7218.25,7217.5,7217.5
1777330020,7217.5,7218,7217.25,7217.75
1777330080,7217.5,7217.75,7217.25,7217.5
1777330140,7217.5,7217.75,7217,7217
1777330200,7216.75,7217,7216.5,7217
1777330260,7216.75,7216.75,7216.25,7216.25
1777330320,7216.5,7216.75,7215.75,7216.75
1777330380,7216.75,7217.25,7216.5,7216.5
1777330440,7216.5,7217,7216.5,7217
1777330500,7217,7217,7216,7216.75
1777330560,7216.75,7216.75,7216.25,7216.5
1777330620,7216.5,7216.75,7216.5,7216.75
1777330680,7216.75,7217,7216.5,7216.5
1777330740,7216.75,7216.75,7216.5,7216.5
1777330800,7216.5,7217,7216.5,7216.75
1777330860,7217,7217.25,7217,7217.25
1777330920,7217.25,7217.25,7216.5,7217
1777330980,7217,7217,7216.75,7217
1777331040,7217.25,7217.25,7216.5,7217.25
1777331100,7217.25,7217.5,7217,7217
1777331160,7216.75,7217,7216.75,7217
1777331220,7217,7217,7216.75,7216.75
1777331280,7217,7217,7216,7216.25
1777331340,7216,7216,7215,7215.75
1777331400,7215.25,7215.75,7215.25,7215.25
1777331460,7215.25,7215.75,7215.25,7215.25
1777331520,7215.5,7215.75,7215.25,7215.5
1777331580,7215.5,7216.5,7215.25,7216.25
1777331640,7216.25,7216.25,7215.25,7215.25
1777331700,7215.5,7215.75,7215.5,7215.75
1777331760,7216,7216,7215.75,7215.75
1777331820,7216,7217,7216,7216.75
1777331880,7217,7217.5,7216.75,7217
1777331940,7217.25,7217.75,7217.25,7217.25
1777332000,7217.25,7217.25,7216.5,7217
1777332060,7217,7217.5,7217,7217
1777332120,7217.75,7218,7217.5,7217.75
1777332180,7218,7218.25,7217.5,7218
1777332240,7217.75,7218,7217.5,7218
1777332300,7217.75,7218,7217.25,7217.25
1777332360,7217.25,7217.5,7217.25,7217.25
1777332420,7217.25,7217.25,7217,7217.25
1777332480,7217.25,7217.75,7217.25,7217.5
1777332540,7217.75,7217.75,7217.25,7217.5
1777332600,7217.25,7217.5,7217,7217.25
1777332660,7217.5,7218.25,7217.5,7218.25
1777332720,7218.25,7218.25,7217.25,7217.25
1777332780,7217.5,7217.5,7216.75,7217
1777332840,7217.25,7218,7217,7218
1777332900,7217.75,7218.25,7217.75,7218
1777332960,7218.25,7218.75,7218.25,7218.75
1777333020,7218.75,7219.5,7218.25,7218.75
1777333080,7218.5,7218.75,7218.5,7218.5
1777333140,7218.75,7219.5,7218.5,7219.25
1777333200,7219.5,7220,7219.25,7219.25
1777333260,7219.25,7219.5,7218.75,7218.75
1777333320,7218.75,7219,7218.75,7218.75
1777333380,7218.75,7219,7218.5,7218.5
1777333440,7218.5,7218.75,7218.25,7218.5
1777333500,7218.75,7219.25,7218.5,7218.75
1777333560,7218.5,7218.75,7218,7218
1777333620,7217.75,7218.25,7217.75,7217.75
1777333680,7217.75,7218,7217.25,7217.25
1777333740,7217.25,7217.5,7217,7217.5
1777333800,7217.5,7217.5,7217,7217.25
1777333860,7217.25,7217.5,7216.75,7217
1777333920,7217,7217,7216.5,7216.75
1777333980,7216.75,7217.25,7216.75,7217
1777334040,7217.25,7217.75,7217.25,7217.75
1777334100,7217.5,7217.5,7216.75,7217
1777334160,7217,7217.5,7217,7217
1777334220,7217,7217,7216.5,7217
1777334280,7217,7217.5,7216.75,7217.5
1777334340,7217.25,7217.75,7217,7217.25
1777334400,7217.25,7218.75,7217.25,7217.5
1777334460,7217.5,7220,7217,7220
1777334520,7219.75,7219.75,7218.75,7219.5
1777334580,7219.75,7220.25,7217.25,7217.75
1777334640,7217.75,7218.25,7216.75,7217.25
1777334700,7217.25,7219,7217,7218.75
1777334760,7218.75,7218.75,7217.5,7218
1777334820,7218,7220.25,7217.75,7220
1777334880,7219.75,7221.5,7219.75,7220.75
1777334940,7220.75,7222.75,7220.75,7221.5
1777335000,7221.5,7222.75,7221.5,7222.25
1777335060,7222,7223.25,7222,7222.25
1777335120,7222.5,7223,7221.75,7222
1777335180,7222.25,7222.25,7220.5,7221
1777335240,7221,7221.25,7220.5,7220.75
1777335300,7220.75,7220.75,7218.75,7219.75
1777335360,7219.75,7220.5,7219,7220.25
1777335420,7220.25,7220.5,7219.25,7219.25
1777335480,7219.25,7219.75,7218.5,7219.75
1777335540,7219.75,7220,7217.75,7218.25
1777335600,7218.25,7218.25,7217.25,7217.5
1777335660,7217.75,7218,7217.5,7217.75
1777335720,7218,7219.25,7218,7219
1777335780,7219,7219,7218,7218.75
1777335840,7218.75,7218.75,7218.5,7218.5
1777335900,7218.75,7219,7217.5,7217.5
1777335960,7217.5,7217.5,7215.5,7216.25
1777336020,7216.25,7216.25,7212.25,7213.5
1777336080,7213.75,7214.5,7213.25,7214
1777336140,7214.25,7215.25,7214.25,7215
1777336200,7215.25,7215.5,7214,7214.25
1777336260,7214,7215.25,7213.25,7215.25
1777336320,7215.25,7217.25,7215.25,7216.75
1777336380,7216.75,7216.75,7215.25,7215.75
1777336440,7215.5,7215.5,7213.5,7214
1777336500,7214.25,7214.5,7213.25,7213.75
1777336560,7213.5,7214.25,7213.25,7213.25
1777336620,7213.5,7214.25,7213.5,7214
1777336680,7213.75,7214.75,7213.5,7214.75
1777336740,7215,7215.75,7214.75,7215.25
1777336800,7215.25,7216.75,7215.25,7216.25
1777336860,7216.5,7216.5,7215.75,7216
1777336920,7216,7216.25,7215.25,7215.75
1777336980,7215.75,7216.5,7215.25,7216.25
1777337040,7216.5,7216.75,7216,7216.25
1777337100,7216.25,7217,7216,7216.25
1777337160,7216.25,7216.5,7216,7216
1777337220,7216.25,7216.25,7215,7215.5
1777337280,7215.5,7216,7215.25,7216
1777337340,7216,7216.25,7215.5,7216
1777337400,7215.75,7215.75,7214.5,7214.75
1777337460,7215,7215,7214.25,7214.25
1777337520,7214.5,7214.5,7214,7214.5
1777337580,7214.5,7214.75,7214,7214.25
1777337640,7214.25,7214.75,7213.75,7214.5
1777337700,7214.5,7214.75,7214,7214.75
1777337760,7214.75,7214.75,7214.75,7214.75
1777337820,7214.75,7215,7214,7214.25
1777337880,7214.25,7214.75,7214.25,7214.5
1777337940,7214.5,7214.5,7213.5,7213.75
1777338000,7213.75,7214.75,7212.75,7213.25
1777338060,7213.5,7213.5,7212,7212.5
1777338120,7212.5,7213,7212,7212.5
1777338180,7212.5,7213,7212.25,7212.75
1777338240,7212.5,7213.75,7212.5,7213
1777338300,7213.25,7213.5,7213,7213.25
1777338360,7213.25,7213.5,7212.5,7213.5
1777338420,7213.5,7214,7213,7213
1777338480,7213.25,7213.25,7212.5,7212.75
1777338540,7212.75,7213,7211.75,7212.5
1777338600,7212.5,7213.25,7212.5,7212.75
1777338660,7213,7213.75,7213,7213.25
1777338720,7213,7213,7212.75,7213
1777338780,7213,7214,7213,7213.75
1777338840,7213.75,7214.5,7213.5,7214
1777338900,7214,7214.25,7213.25,7213.5
1777338960,7213.5,7214,7213,7214
1777339020,7214.25,7214.25,7213.75,7214
1777339080,7213.75,7214.5,7213.75,7214.5
1777339140,7214.5,7214.75,7213.75,7213.75
1777339200,7213.75,7213.75,7212.75,7213.75
1777339260,7213.5,7214.5,7213.5,7214.25
1777339320,7214.5,7214.75,7214,7214.25
1777339380,7214.25,7214.25,7214,7214.25
1777339440,7214,7214.5,7214,7214.25
1777339500,7214.5,7215.25,7214.5,7214.75
1777339560,7214.5,7216.25,7214.5,7215.75
1777339620,7215.75,7215.75,7215,7215.5
1777339680,7215.5,7215.75,7215,7215.25
1777339740,7215.25,7215.75,7215.25,7215.75
1777339800,7215.75,7215.75,7213.75,7214.25
1777339860,7214.5,7215,7214.5,7214.75
1777339920,7214.75,7216,7214.75,7215.75
1777339980,7215.75,7215.75,7215,7215.25
1777340040,7215,7215,7214.75,7215
1777340100,7215.25,7217.25,7215.25,7217
1777340160,7216.75,7217.5,7216.5,7217
1777340220,7217,7218.75,7216.75,7218.25
1777340280,7218.25,7218.5,7217.75,7218
1777340340,7218,7218.25,7217.75,7217.75
1777340400,7218,7218.5,7217.75,7217.75
1777340460,7217.75,7219.25,7217.75,7219
1777340520,7219,7219.25,7218.5,7218.5
1777340580,7218.25,7218.75,7218,7218.75
1777340640,7218.5,7218.75,7218,7218
1777340700,7218,7218.5,7217.75,7217.75
1777340760,7217.75,7217.75,7217,7217.75
1777340820,7217.5,7217.75,7217.25,7217.25
1777340880,7217.25,7217.5,7217,7217.5
1777340940,7217.5,7217.5,7214.5,7214.75
1777341000,7214.5,7214.5,7211,7212.5
1777341060,7212.75,7213.75,7211.75,7213
1777341120,7212.75,7213.75,7211.75,7213
1777341180,7213,7213,7212.25,7212.5
1777341240,7212.25,7213.25,7212,7212.5
1777341300,7212.75,7212.75,7211.75,7212.25
1777341360,7212,7212.75,7212,7212.25
1777341420,7212.25,7212.25,7209.25,7209.75
1777341480,7209.75,7210,7208.5,7209.25
1777341540,7209.25,7209.75,7208,7208.75
1777341600,7209,7209.25,7208.25,7208.75
1777341660,7208.75,7209.25,7207,7207.75
1777341720,7207.75,7208.5,7207.25,7208.25
1777341780,7208.25,7209.75,7208,7208.25
1777341840,7208.75,7208.75,7208,7208
1777341900,7207.75,7210.5,7207.5,7210
1777341960,7209.75,7210.25,7209.75,7210.25
1777342020,7210.25,7210.25,7209.25,7210
1777342080,7210,7210.25,7209.5,7209.5
1777342140,7209.75,7209.75,7209.25,7209.75
1777342200,7209.75,7210.25,7209.5,7210
1777342260,7209.75,7210,7209.5,7209.75
1777342320,7210,7210.5,7209.25,7209.75
1777342380,7210.25,7210.5,7210.25,7210.25
1777342440,7210.25,7210.5,7210,7210.25
1777342500,7210,7210.5,7209.75,7210.5
1777342560,7210.25,7211.5,7210,7211.25
1777342620,7211,7211.25,7210.75,7211
1777342680,7211,7211.5,7211,7211.25
1777342740,7211.25,7211.25,7210.75,7211
1777342800,7211,7211,7210.5,7210.75
1777342860,7211,7212,7211,7211.25
1777342920,7211.25,7211.75,7211,7211.25
1777342980,7211,7211.5,7211,7211.25
1777343040,7211.25,7211.5,7210.75,7211
1777343100,7211,7211.25,7210,7210.5
1777343160,7210.75,7210.75,7209.75,7210
1777343220,7210,7210.25,7209.75,7210
1777343280,7210.25,7211,7210,7211
1777343340,7210.75,7211.5,7210.5,7210.5
1777343400,7210.25,7210.25,7207.5,7208
1777343460,7207.75,7209,7207.75,7208.5
1777343520,7208.5,7209,7208.5,7209
1777343580,7208.75,7209,7208.5,7208.5
1777343640,7208.5,7209.25,7208.25,7209
1777343700,7208.75,7209.25,7208.25,7209.25
1777343760,7209.25,7209.5,7208.75,7208.75
1777343820,7208.75,7209.25,7208.75,7209
1777343880,7209,7209.5,7208.75,7209
1777343940,7208.75,7209,7207,7207
1777344000,7206.75,7207.5,7206.5,7207.25
1777344060,7207.25,7207.5,7206.5,7206.5
1777344120,7206.75,7207.25,7206.75,7207.25
1777344180,7207.25,7207.5,7206.75,7207.5
1777344240,7207.5,7207.5,7207,7207
1777344300,7207,7207.25,7206.75,7207
1777344360,7207.25,7207.5,7206.75,7207.25
1777344420,7207,7207.25,7206.75,7207
1777344480,7207,7207.5,7206.75,7207
1777344540,7206.75,7207,7206.5,7206.75
1777344600,7206.75,7208.25,7206.75,7208
1777344660,7207.75,7208,7207.75,7207.75
1777344720,7207.75,7207.75,7207.5,7207.5
1777344780,7207.5,7208,7207.25,7207.75
1777344840,7208,7208,7207.5,7207.5
1777344900,7207.5,7207.5,7206.25,7206.25
1777344960,7206.25,7206.75,7206,7206
1777345020,7205.75,7206,7204.75,7205.5
1777345080,7205.75,7206.5,7204.5,7206
1777345140,7206,7206.75,7205.75,7206
1777345200,7205.75,7206.25,7205.5,7206
1777345260,7206.25,7206.5,7206,7206
1777345320,7205.75,7206.25,7205.75,7206
1777345380,7206.25,7206.25,7205.75,7206
1777345440,7206,7206.5,7205,7205.25
1777345500,7205.25,7206.25,7205,7206.25
1777345560,7206,7207,7205.75,7205.75
1777345620,7206,7206.5,7205.75,7206.5
1777345680,7206.5,7207,7206.25,7206.75
1777345740,7206.75,7207,7206.5,7206.75
1777345800,7206.75,7208.75,7206.75,7208.5
1777345860,7208.25,7208.25,7207.5,7207.75
1777345920,7207.75,7208,7207.5,7207.75
1777345980,7207.75,7208.5,7207.5,7208.5
1777346040,7208.25,7208.75,7208,7208.5
1777346100,7208.25,7208.25,7208,7208
1777346160,7208,7208.5,7207.5,7208
1777346220,7208.25,7208.25,7207.75,7208
1777346280,7208.25,7210,7208.25,7209
1777346340,7209.25,7209.5,7208.75,7209.5
1777346400,7209.25,7209.75,7209,7209.5
1777346460,7209.5,7209.5,7209.5,7209.5
1777346520,7209.25,7209.5,7209,7209.25
1777346580,7209.5,7209.5,7209,7209.5
1777346640,7209.25,7209.25,7208.75,7208.75
1777346700,7209,7209.25,7208.75,7209.25
1777346760,7209.25,7210,7209.25,7209.5
1777346820,7209.5,7210.75,7209.5,7210.25
1777346880,7210.5,7210.5,7210.25,7210.25
1777346940,7210.25,7210.75,7210.25,7210.5
1777347000,7210.5,7212,7210.25,7212
1777347060,7211.75,7211.75,7211,7211.25
1777347120,7211,7211.75,7210.75,7211.25
1777347180,7211,7211.5,7210.75,7211
1777347240,7211.25,7211.75,7211.25,7211.25
1777347300,7211.25,7211.25,7210.75,7210.75
1777347360,7211,7211,7210.75,7211
1777347420,7210.75,7211,7210.5,7211
1777347480,7211.25,7211.5,7211,7211.25
1777347540,7211.25,7211.25,7211.25,7211.25
1777347600,7211,7211,7210.25,7210.5
1777347660,7210.75,7211,7210.5,7210.75
1777347720,7211,7211.75,7211,7211.25
1777347780,7211,7211,7210.75,7211
1777347840,7210.75,7211,7210.25,7210.25
1777347900,7210.25,7210.25,7208.5,7208.75
1777347960,7208.75,7209.25,7208,7209
1777348020,7209,7209.25,7208.5,7208.5
1777348080,7208.25,7209,7208.25,7209
1777348140,7209,7209,7208.25,7208.5
1777348200,7208.5,7208.5,7207.5,7208
1777348260,7208,7208,7207.5,7207.75
1777348320,7207.75,7208,7207.75,7207.75
1777348380,7208,7208.25,7207.75,7208
1777348440,7208,7208.25,7208,7208
1777348500,7208,7209,7208,7208.75
1777348560,7208.5,7208.75,7208,7208.75
1777348620,7208.25,7208.75,7208.25,7208.75
1777348680,7208.25,7208.25,7208,7208.25
1777348740,7208.25,7208.25,7208,7208.25
1777348800,7208.25,7209,7207.75,7208
1777348860,7208,7209.25,7208,7208.5
1777348920,7208.5,7208.5,7208,7208.5
1777348980,7208.5,7208.75,7208.25,7208.25
1777349040,7208,7208.25,7207.75,7207.75
1777349100,7207.75,7207.75,7207,7207
1777349160,7207.25,7208,7207.25,7207.75
1777349220,7207.75,7208.75,7207.75,7208.5
1777349280,7208.25,7208.25,7207.5,7207.75
1777349340,7207.75,7208.25,7207.75,7207.75
1777349400,7208,7209.75,7208,7209.5
1777349460,7209.5,7210.75,7209.5,7210.5
1777349520,7210.5,7210.75,7210.25,7210.25
1777349580,7210.25,7210.5,7210.25,7210.25
1777349640,7210.25,7210.25,7210,7210
1777349700,7210,7211,7209.5,7210.75
1777349760,7210.5,7210.75,7210.5,7210.5
1777349820,7210.5,7211,7210.5,7210.5
1777349880,7210.5,7210.75,7210,7210.25
1777349940,7210.25,7210.5,7209.75,7210.25
1777350000,7210,7211,7210,7210.5
1777350060,7210.5,7210.75,7210.25,7210.5
1777350120,7210.75,7211,7210.5,7210.75
1777350180,7210.75,7211,7210.75,7210.75
1777350240,7210.5,7210.5,7210,7210.5
1777350300,7210.5,7210.75,7210.5,7210.5
1777350360,7210.5,7210.75,7210.25,7210.5
1777350420,7210.5,7210.5,7210.25,7210.25
1777350480,7210.25,7210.75,7210,7210.75
1777350540,7210.25,7210.75,7210.25,7210.5
1777350600,7210.5,7211,7210.5,7210.75
1777350660,7210.75,7210.75,7210.5,7210.75
1777350720,7210.75,7211.25,7210.75,7211
1777350780,7211.25,7212.25,7211.25,7211.75
1777350840,7212,7212.5,7212,7212.25
1777350900,7212.25,7212.5,7211.5,7211.5
1777350960,7211.75,7212,7211.5,7211.5
1777351020,7211.25,7211.5,7211.25,7211.25
1777351080,7211.25,7211.75,7211.25,7211.75
1777351140,7212,7212,7211.5,7211.5
1777351200,7211.75,7212.5,7211.5,7212.25
1777351260,7212,7212.25,7212,7212
1777351320,7212,7212.25,7212,7212.25
1777351380,7212.25,7212.25,7211.75,7212
1777351440,7212,7212.5,7212,7212.5
1777351500,7212.25,7212.5,7212.25,7212.5
1777351560,7212.25,7213,7212.25,7212.75
1777351620,7212.5,7212.75,7212.25,7212.25
1777351680,7212.25,7212.25,7212,7212
1777351740,7212,7212.25,7211.5,7211.75
1777351800,7211.5,7211.5,7210.5,7210.75
1777351860,7210.75,7211,7210.75,7211
1777351920,7211,7211.75,7211,7211.25
1777351980,7211.25,7211.25,7210.5,7210.75
1777352040,7210.5,7210.5,7210.25,7210.25
1777352100,7210.25,7210.75,7210,7210.75
1777352160,7210.75,7210.75,7210,7210.25
1777352220,7210.25,7210.5,7209.5,7210
1777352280,7209.5,7209.75,7209.25,7209.5
1777352340,7209.5,7209.75,7209,7209.5
1777352400,7209.75,7210.5,7208.25,7208.75
1777352460,7208.75,7208.75,7207.75,7208.25
1777352520,7208.25,7208.5,7208,7208.25
1777352580,7208.25,7208.5,7207.75,7208
1777352640,7207.75,7208.25,7207.5,7208
1777352700,7208,7208.25,7207.75,7208.25
1777352760,7208.25,7208.5,7206.75,7206.75
1777352820,7206.75,7207.25,7206,7207.25
1777352880,7207.5,7207.5,7205.5,7206.5
1777352940,7206.25,7206.25,7205.25,7205.75
1777353000,7205.75,7205.75,7205,7205.5
1777353060,7205.5,7206.25,7203,7203.5
1777353120,7203.5,7204,7202.25,7203
1777353180,7203,7203,7202,7202.75
1777353240,7202.75,7204.5,7202.25,7204.5
1777353300,7204.5,7204.75,7203.25,7204
1777353360,7204,7204.5,7203.5,7203.5
1777353420,7203.75,7204,7202.5,7202.75
1777353480,7202.75,7203.25,7202.5,7202.75
1777353540,7202.75,7204,7202.5,7204
1777353600,7203.75,7204.75,7203.75,7204
1777353660,7204,7204.5,7204,7204.5
1777353720,7204,7204.75,7204,7204.75
1777353780,7204.75,7205.5,7204.75,7205.25
1777353840,7205.25,7205.5,7205.25,7205.5
1777353900,7205.5,7205.5,7204.75,7205
1777353960,7205,7205.5,7205,7205.5
1777354020,7205.5,7205.5,7205,7205
1777354080,7205,7205.25,7204.75,7205
1777354140,7205,7205,7204.5,7204.75
1777354200,7204.5,7205,7203,7203.75
1777354260,7203.75,7204,7203.25,7203.75
1777354320,7203.5,7204,7202.75,7203
1777354380,7203,7204,7202.75,7203.25
1777354440,7203,7203,7200.75,7201.25
1777354500,7201.25,7201.75,7200,7200.75
1777354560,7200.75,7201,7198.5,7198.75
1777354620,7198.75,7199,7196,7197.25
1777354680,7197,7199.25,7196.25,7198.75
1777354740,7199,7200.5,7199,7199.5
1777354800,7199.75,7201.75,7199.25,7201.5
1777354860,7201.75,7202.25,7200.5,7200.5
1777354920,7200.25,7200.25,7198.75,7199.75
1777354980,7200,7200.25,7199.5,7200
1777355040,7199.5,7200.5,7199.5,7200.25
1777355100,7200.25,7200.5,7198.75,7198.75
1777355160,7199,7199.25,7198.75,7199
1777355220,7199,7199.25,7198.5,7199
1777355280,7199.25,7199.25,7198.5,7198.5
1777355340,7198.5,7198.75,7198.25,7198.75
1777355400,7198.75,7198.75,7197.25,7198.75
1777355460,7198.75,7199,7198.25,7198.75
1777355520,7199,7200.25,7199,7199.75
1777355580,7199.75,7200.5,7199.75,7200.25
1777355640,7200.25,7200.25,7199.5,7200
1777355700,7200,7200,7198.75,7198.75
1777355760,7199,7199.25,7198.5,7199
1777355820,7199.25,7200,7199,7199.75
1777355880,7199.5,7199.5,7198.25,7198.5
1777355940,7198.5,7198.5,7197.75,7198.25
1777356000,7198.25,7198.5,7196.5,7196.5
1777356060,7196.5,7198,7196.25,7198
1777356120,7198.25,7199,7198,7198.25
1777356180,7198.75,7199,7197,7197.75
1777356240,7197.75,7198.5,7197,7197.75
1777356300,7198,7198.5,7197.25,7198.5
1777356360,7198.5,7199,7197.25,7198.25
1777356420,7198.25,7198.5,7198,7198.25
1777356480,7198.25,7200.25,7198,7199.75
1777356540,7199.75,7200,7199.25,7199.5
1777356600,7200,7200.5,7199,7199.25
1777356660,7199.25,7199.5,7198.75,7199.5
1777356720,7199.5,7199.75,7198.75,7198.75
1777356780,7198.75,7199.25,7198.75,7199.25
1777356840,7199,7200.25,7198.5,7200
1777356900,7200,7200.5,7198.75,7198.75
1777356960,7198.5,7199.75,7198.25,7199.75
1777357020,7199.5,7199.5,7198.5,7198.5
1777357080,7198.5,7199,7197.5,7197.5
1777357140,7198.25,7199,7198,7198.5
1777357200,7198.5,7199.25,7198.25,7198.25
1777357260,7198.5,7199.5,7198.5,7199.25
1777357320,7199,7199.25,7198.75,7199.25
1777357380,7199.25,7199.5,7198.75,7199
1777357440,7199,7199,7198,7198.25
1777357500,7198.25,7198.5,7198,7198.5
1777357560,7198.5,7199,7198,7199
1777357620,7199,7201,7199,7200
1777357680,7200,7200.5,7199.75,7200
1777357740,7200,7200.25,7199.75,7199.75
1777357800,7199.75,7200.5,7199.75,7200
1777357860,7200.25,7200.5,7199.5,7199.5
1777357920,7199.5,7199.75,7199,7199
1777357980,7199,7199,7198.5,7198.75
1777358040,7198.75,7199.25,7198,7199.25
1777358100,7199.25,7199.25,7198,7198
1777358160,7198.25,7198.25,7195.25,7195.75
1777358220,7195.75,7196.75,7195.25,7196.5
1777358280,7196.75,7196.75,7195.75,7196
1777358340,7196.5,7196.75,7195.75,7196.75
1777358400,7196.75,7197.5,7195.75,7196
1777358460,7196,7196.5,7196,7196
1777358520,7196,7196.75,7195.75,7196.5
1777358580,7196.25,7196.5,7189.5,7194
1777358640,7194.25,7194.25,7192.75,7193.25
1777358700,7193.5,7194,7192.5,7193.75
1777358760,7194,7195,7193.75,7194
1777358820,7194.25,7194.25,7192.25,7192.75
1777358880,7192.75,7192.75,7192.25,7192.5
1777358940,7192.25,7192.5,7191,7191.5
1777359000,7191.75,7193,7191.5,7193
1777359060,7193,7193.25,7192,7192.5
1777359120,7192.5,7192.5,7192,7192.25
1777359180,7192,7193.75,7192,7193.5
1777359240,7193.5,7194.25,7193.5,7193.75
1777359300,7193.5,7193.5,7192.75,7193.5
1777359360,7193.5,7194,7193.25,7194
1777359420,7194,7194.5,7193.75,7193.75
1777359480,7193.75,7194,7192.75,7193.25
1777359540,7193.25,7194,7193.25,7194
1777359600,7193.75,7194,7192.5,7193.25
1777359660,7193,7194,7192,7193
1777359720,7193,7193.75,7192,7193.75
1777359780,7193.5,7193.5,7191,7192
1777359840,7192.25,7193,7192,7193
1777359900,7192.75,7194.5,7192.75,7194.5
1777359960,7194.75,7195,7194,7194
1777360020,7194.5,7194.5,7193.25,7193.75
1777360080,7193.5,7194,7193.25,7193.5
1777360140,7193.5,7193.75,7192.5,7193.5
1777360200,7193.5,7193.5,7191.75,7192.75
1777360260,7192.75,7194,7192.5,7192.75
1777360320,7193,7193.25,7192,7192
1777360380,7192,7192,7190.75,7192
1777360440,7192,7193.75,7192,7193.5
1777360500,7193.5,7194.75,7193.5,7193.75
1777360560,7193.75,7193.75,7192,7193
1777360620,7192.75,7194.25,7192.75,7194
1777360680,7194.25,7195.25,7192.75,7192.75
1777360740,7193,7193.25,7191.5,7193
1777360800,7193.25,7194,7192.75,7193.5
1777360860,7193.75,7194.5,7193.75,7193.75
1777360920,7193.75,7193.75,7192.5,7193.25
1777360980,7193.5,7193.75,7192,7192
1777361040,7192,7193.25,7192,7193.25
1777361100,7193.5,7194,7193,7193
1777361160,7193,7193,7191,7191.5
1777361220,7191.5,7192.75,7190.75,7191
1777361280,7190.75,7192.25,7190.75,7192.25
1777361340,7192.5,7192.75,7191.5,7192.25
1777361400,7192.5,7193,7191.75,7192.75
1777361460,7192.75,7194,7192.5,7193.5
1777361520,7193.5,7195,7193,7195
1777361580,7195,7195.5,7194.75,7194.75
1777361640,7194.5,7194.75,7192.25,7193.75
1777361700,7193.5,7195.5,7193.25,7195
1777361760,7195.25,7195.75,7194.5,7195
1777361820,7195.25,7195.5,7194.75,7195.5
1777361880,7195.5,7196.5,7195.25,7195.75
1777361940,7195.75,7195.75,7194.75,7195
1777362000,7195.5,7196.25,7195.5,7196
1777362060,7195.75,7196,7195.5,7195.75
1777362120,7196,7197.75,7196,7197.5
1777362180,7197.5,7198,7196.25,7196.25
1777362240,7196,7196.25,7195.5,7195.75
1777362300,7195.75,7197.25,7195.75,7196.25
1777362360,7196,7196.5,7195.75,7195.75
1777362420,7195.75,7196.75,7195.75,7196
1777362480,7196,7196.25,7195.25,7196.25
1777362540,7196.5,7197,7196,7196.25
1777362600,7196.25,7196.25,7194,7194
1777362660,7194.25,7196.25,7193.5,7196.25
1777362720,7196,7196,7195,7195
1777362780,7195.25,7195.75,7194.75,7195.25
1777362840,7195.25,7196,7194.75,7195.5
1777362900,7195.5,7196,7194.75,7194.75
1777362960,7195,7196.25,7195,7196
1777363020,7196.25,7197.75,7196.25,7196.25
1777363080,7196.5,7196.75,7195.5,7196.25
1777363140,7196.25,7196.75,7196,7196.75
1777363200,7197,7197.25,7194,7194.5
1777363260,7194.5,7194.5,7191.75,7193
1777363320,7193.25,7193.25,7191,7191.75
1777363380,7191.75,7192,7189,7190.5
1777363440,7190.5,7191.25,7189.25,7189.75
1777363500,7189.75,7190.5,7188.75,7190
1777363560,7190,7190.25,7188.75,7190.25
1777363620,7190.25,7190.5,7188.5,7189.5
1777363680,7189.25,7190,7188.75,7189.25
1777363740,7189.25,7192,7189.25,7191
1777363800,7191,7191.5,7189.75,7191.25
1777363860,7191.5,7192,7188.75,7189.25
1777363920,7189.25,7190,7188.5,7189.75
1777363980,7189.75,7191.75,7189.75,7191.5
1777364040,7191.75,7191.75,7190.75,7191.25
1777364100,7191.25,7193.5,7191.25,7193.5
1777364160,7193.5,7196.5,7193.5,7195.75
1777364220,7195.75,7196.25,7195,7196.25
1777364280,7196.5,7197.75,7195.5,7195.75
1777364340,7195.75,7197,7195,7195
1777364400,7195.25,7197.5,7195.25,7197.5
1777364460,7197.25,7197.25,7196,7196
1777364520,7196,7196.75,7195.75,7195.75
1777364580,7195.5,7197,7195.5,7196.5
1777364640,7197,7197,7195.75,7196
1777364700,7196,7197.25,7195.75,7197.25
1777364760,7197,7197.5,7196.5,7197.5
1777364820,7197.25,7198.5,7197.25,7198
1777364880,7197.75,7199.5,7197.75,7199.25
1777364940,7199,7201.75,7199,7201.75
1777365000,7201.5,7201.75,7199.75,7200.25
1777365060,7200.25,7200.75,7200,7200
1777365120,7200.25,7201.5,7200,7201
1777365180,7200.75,7201.25,7200.25,7200.75
1777365240,7200.75,7200.75,7200.25,7200.5
1777365300,7200.5,7200.5,7199.25,7199.5
1777365360,7199.75,7200,7198.75,7199.75
1777365420,7199.75,7200.5,7199.25,7200.25
1777365480,7200.5,7201.25,7200.5,7201
1777365540,7201.25,7201.25,7200,7200.5
1777365600,7200.5,7201,7199.5,7199.5
1777365660,7199.5,7200,7199.5,7199.75
1777365720,7199.75,7200.25,7199.25,7199.5
1777365780,7199.5,7200.25,7199.25,7199.75
1777365840,7199.5,7199.75,7199.25,7199.5
1777365900,7199.5,7199.5,7197.75,7198.5
1777365960,7198.5,7200,7198.5,7200
1777366020,7199.75,7199.75,7198.5,7199
1777366080,7198.75,7198.75,7198.25,7198.75
1777366140,7198.75,7198.75,7198.25,7198.25
1777366200,7198.25,7198.75,7197.5,7197.75
1777366260,7197.75,7198.25,7197.25,7198
1777366320,7198,7200,7198,7199.75
1777366380,7199.5,7199.75,7199.25,7199.25
1777366440,7199,7199.5,7198.5,7198.5
1777366500,7198.5,7198.5,7198,7198.25
1777366560,7198.5,7199.75,7198.25,7199
1777366620,7199.25,7199.75,7198.75,7199.5
1777366680,7199.25,7200,7199.25,7200
1777366740,7199.75,7200.75,7199.5,7200.5
1777366800,7200.5,7200.75,7198.5,7199.5
1777366860,7199.75,7200.5,7198.5,7198.5
1777366920,7198.5,7199.5,7197.5,7199.5
1777366980,7199.5,7200,7197.75,7198
1777367040,7198.25,7198.5,7197.5,7197.5
1777367100,7197.75,7198.5,7197.5,7198.25
1777367160,7198.5,7198.5,7197.25,7198
1777367220,7198,7198.25,7196.5,7197.5
1777367280,7197.5,7198.25,7197,7198
1777367340,7198,7200,7197.75,7199.75
1777367400,7199.75,7200.75,7199,7199.25
1777367460,7199,7199.75,7198.5,7199.25
1777367520,7199.5,7200.25,7199.5,7200.25
1777367580,7200.25,7200.5,7199.5,7200.5
1777367640,7200.75,7200.75,7199.5,7200
1777367700,7200,7200.25,7198,7198.75
1777367760,7198.5,7199,7198,7198.5
1777367820,7198.25,7199.5,7198,7199.25
1777367880,7199.25,7201,7198.5,7200
1777367940,7199.75,7200,7199.25,7199.25
1777368000,7199.25,7199.25,7198,7198
1777368060,7198.25,7198.5,7197.25,7198
1777368120,7197.75,7198.25,7197,7198
1777368180,7198.25,7198.25,7197,7197.25
1777368240,7197,7197.5,7196.75,7197
1777368300,7197,7197.5,7195.75,7196
1777368360,7195.75,7196,7195,7195.5
1777368420,7195.5,7195.5,7194,7195.25
1777368480,7195,7195.75,7194.75,7195
1777368540,7195,7196.5,7194.75,7196
1777368600,7196,7196.5,7194.75,7195.25
1777368660,7195,7195.25,7194.25,7194.5
1777368720,7194.25,7195.5,7193.75,7193.75
1777368780,7193.75,7194,7191.5,7192.5
1777368840,7193,7194,7192.25,7192.5
1777368900,7192.5,7194.5,7192.25,7193.75
1777368960,7193.75,7194.5,7193.25,7193.75
1777369020,7193.75,7194,7192.5,7193
1777369080,7193.25,7193.25,7191.75,7192
1777369140,7192,7192.25,7191.25,7191.75
1777369200,7192,7192.5,7191.25,7191.25
1777369260,7191.25,7193,7191.25,7192.5
1777369320,7192.5,7193,7191.75,7191.75
1777369380,7191.5,7192,7190.25,7190.75
1777369440,7190.5,7192.5,7190.5,7192.5
1777369500,7192.5,7192.75,7191,7191
1777369560,7191,7191.5,7190.5,7190.5
1777369620,7190.5,7190.75,7188.25,7188.5
1777369680,7188.5,7189.25,7188,7189.25
1777369740,7189.25,7190.5,7188.75,7189
1777369800,7188.75,7189,7188.25,7188.75
1777369860,7189,7189.25,7188,7188.75
1777369920,7188.25,7189.75,7188.25,7189.5
1777369980,7189.5,7190.75,7189.25,7190.75
1777370040,7190.75,7192.75,7190.75,7192.25
1777370100,7192.25,7193.75,7192.25,7193.75
1777370160,7193.75,7194,7192.5,7192.75
1777370220,7192.5,7193,7192.25,7192.25
1777370280,7192.25,7192.25,7191.5,7191.75
1777370340,7191.75,7192,7191.25,7191.75
1777370400,7191.75,7194.25,7191.5,7194
1777370460,7194,7194,7192.25,7193
1777370520,7193.25,7194.5,7193.25,7193.5
1777370580,7193.25,7193.5,7192.5,7193
1777370640,7193,7193.25,7192.5,7192.75
1777370700,7193,7193,7191,7192.25
1777370760,7192.25,7192.25,7191,7191.5
1777370820,7191.75,7191.75,7190.25,7190.25
1777370880,7190.5,7190.75,7190,7190.25
1777370940,7190.25,7190.25,7188,7188.5
1777371000,7188.5,7188.5,7187.25,7188
1777371060,7187.75,7188.75,7187.5,7188.5
1777371120,7188.25,7189,7187.5,7188.5
1777371180,7188.5,7189,7188,7188.5
1777371240,7188.5,7188.5,7186.5,7186.75
1777371300,7186.75,7187.5,7186,7187
1777371360,7187.25,7187.5,7186.75,7187.5
1777371420,7187.25,7188.25,7186,7188.25
1777371480,7188.25,7189.75,7188.25,7189.5
1777371540,7189.75,7191.25,7189.5,7190
1777371600,7190,7190.75,7189.75,7190.75
1777371660,7190.75,7191.75,7190.75,7191.25
1777371720,7191.25,7191.5,7189.5,7189.75
1777371780,7189.75,7189.75,7188.75,7189.5
1777371840,7189.75,7190,7189,7189.5
1777371900,7189.25,7189.25,7188.25,7188.75
1777371960,7188.75,7189.25,7188.25,7188.75
1777372020,7189,7190,7189,7189.5
1777372080,7189.5,7190,7188.75,7188.75
1777372140,7189,7189.5,7188.75,7189.25
1777372200,7189.25,7190.75,7189,7189.75
1777372260,7190,7190.75,7189.75,7189.75
1777372320,7189.75,7189.75,7188.75,7189.5
1777372380,7189.75,7189.75,7189.25,7189.25
1777372440,7189,7189,7187.75,7189
1777372500,7189,7189.5,7188.5,7189.5
1777372560,7189.5,7189.5,7187.25,7187.75
1777372620,7188,7188,7186.75,7187.5
1777372680,7187.5,7188.25,7187.5,7187.5
1777372740,7187.5,7188.25,7187,7188.25
1777372800,7188.5,7188.5,7187.75,7188
1777372860,7188,7188.25,7188,7188.25
1777372920,7188.25,7189,7188.25,7188.5
1777372980,7188.25,7188.25,7187.25,7187.5
1777373040,7187.5,7187.5,7186.5,7186.5
1777373100,7186.75,7187.25,7186.5,7187.25
1777373160,7187,7187.75,7186.25,7187.75
1777373220,7187.75,7187.75,7186.25,7186.75
1777373280,7187,7187.5,7186.5,7187
1777373340,7187,7188,7187,7188
1777373400,7188,7188,7187.5,7187.75
1777373460,7188,7188.75,7188,7188.75
1777373520,7188.75,7188.75,7188,7188.25
1777373580,7188.25,7189.25,7188,7189
1777373640,7189.25,7189.25,7187.75,7188
1777373700,7188,7188.75,7188,7188.25
1777373760,7188.25,7189,7188.25,7189
1777373820,7188.75,7190,7188.75,7189.75
1777373880,7189.5,7189.5,7188.75,7189
1777373940,7189,7190,7189,7189
1777374000,7189,7191.5,7188.75,7190.25
1777374060,7190,7191.75,7189.75,7190.75
1777374120,7190.5,7191.75,7190.25,7190.5
1777374180,7190.25,7190.5,7189.25,7190.5
1777374240,7190.25,7190.75,7187.75,7188
1777374300,7187.75,7188.5,7187,7188
1777374360,7188,7188,7186,7186
1777374420,7185.75,7186.5,7182.75,7184.25
1777374480,7184.25,7184.5,7182.5,7183.25
1777374540,7183.25,7183.25,7180.75,7181.25
1777374600,7181,7182.25,7180.75,7181.25
1777374660,7181.25,7181.25,7179.25,7179.75
1777374720,7179.75,7180.5,7178.5,7179.75
1777374780,7179.5,7180.75,7178.5,7180.25
1777374840,7180,7180.75,7179.5,7179.5
1777374900,7179.25,7179.75,7178.5,7178.75
1777374960,7178.5,7178.75,7176,7177.25
1777375020,7177.25,7177.5,7174.25,7174.25
1777375080,7174.25,7176.5,7174,7176
1777375140,7176,7176.5,7173.25,7173.75
1777375200,7173.75,7174.75,7173.25,7174.25
1777375260,7174,7174.75,7171,7172.25
1777375320,7172.5,7173.5,7171.5,7172.5
1777375380,7172.5,7173,7171.25,7171.5
1777375440,7171.25,7173.75,7171.25,7171.5
1777375500,7171.75,7173,7171.5,7172.25
1777375560,7172.25,7173,7170.25,7171
1777375620,7170.75,7170.75,7168,7168.5
1777375680,7168.5,7168.75,7166.75,7168.25
1777375740,7168,7170.5,7167.5,7169.75
1777375800,7169.5,7169.75,7166,7166.75
1777375860,7166.75,7167.25,7163.75,7167
1777375920,7167,7168.75,7166.5,7168.5
1777375980,7168.75,7168.75,7167,7167.75
1777376040,7167.5,7168.5,7166.25,7168.25
1777376100,7168,7169,7165.75,7166.75
1777376160,7166.5,7167,7164.5,7165.5
1777376220,7165.25,7165.25,7163.5,7164
1777376280,7164,7166,7163.75,7164.75
1777376340,7164.75,7165.75,7161.75,7163.75
1777376400,7163.75,7165,7162.75,7164.25
1777376460,7164.25,7164.5,7160.5,7162
1777376520,7161.75,7166,7161.75,7165.5
1777376580,7165.75,7167.25,7165,7166.75
1777376640,7166.75,7168.75,7166.5,7168.25
1777376700,7168.25,7169.5,7167.75,7168.5
1777376760,7168.25,7168.5,7164.25,7165
1777376820,7165,7166.25,7164,7164.25
1777376880,7164,7164,7160,7161
1777376940,7160.75,7161,7156.75,7158
1777377000,7157.75,7161.5,7157.25,7158
1777377060,7157.75,7158,7155.5,7156.25
1777377120,7156.5,7157.25,7155.25,7157.25
1777377180,7157.25,7158.75,7155.5,7158.25
1777377240,7158.5,7159.25,7157.25,7158.25
1777377300,7158,7160,7157.25,7159
1777377360,7159,7159.25,7157.5,7159.25
1777377420,7159.5,7160,7158,7159
1777377480,7158.75,7160.5,7158.5,7158.75
1777377540,7158.75,7159.5,7158.25,7158.5
1777377600,7158.75,7160.25,7156,7157.75
1777377660,7157.75,7157.75,7155.5,7157.25
1777377720,7157,7159.75,7156.75,7158.75
1777377780,7158.75,7159.25,7156.75,7157.5
1777377840,7157.75,7158,7156.5,7157.5
1777377900,7157.5,7159.5,7155.75,7159.5
1777377960,7159,7159.75,7157.25,7158.75
1777378020,7158.75,7159.75,7156.75,7157
1777378080,7157,7157.75,7156,7156.75
1777378140,7157,7157,7154.25,7155
1777378200,7154.75,7155,7152.25,7153
1777378260,7153,7153.5,7151,7152.5
1777378320,7152.25,7158.25,7151.25,7157.75
1777378380,7157.75,7160,7157.25,7158
1777378440,7158.25,7159,7157.25,7158.75
1777378500,7159,7159.75,7158,7158
1777378560,7158,7158.25,7155.5,7156.75
1777378620,7156.75,7158,7156,7158
1777378680,7157.75,7158.5,7155.75,7156.25
1777378740,7156.25,7156.25,7152.5,7153.25
1777378800,7153.25,7164,7152.5,7157
1777378860,7156.5,7157.5,7153,7153
1777378920,7153,7153.5,7149.5,7151.25
1777378980,7151.25,7153.5,7149.5,7153
1777379040,7153.25,7154.5,7151,7151.5
1777379100,7151.5,7152.75,7149.5,7150.75
1777379160,7150.75,7153.25,7150.5,7153.25
1777379220,7153,7153.25,7151.25,7151.25
1777379280,7151.5,7152.5,7150.5,7151
1777379340,7151.25,7152.75,7151,7152
1777379400,7152,7152.5,7150.5,7150.75
1777379460,7150.75,7151,7147.5,7150
1777379520,7150.25,7151.75,7149.75,7150.25
1777379580,7150.25,7152.5,7150,7151.25
1777379640,7151,7154,7150.5,7153
1777379700,7153,7155.75,7152.5,7154.5
1777379760,7154.25,7155.75,7154,7154.5
1777379820,7154.75,7155.5,7153.75,7154.5
1777379880,7154.75,7155.75,7152,7152
1777379940,7152,7155.75,7151.75,7155.75
1777380000,7155.75,7158.25,7155.5,7157
1777380060,7157,7157.75,7154.25,7154.75
1777380120,7155,7155.75,7154.25,7155.5
1777380180,7155.25,7159.25,7155.25,7158.5
1777380240,7158.5,7158.5,7156.25,7156.25
1777380300,7156.25,7158,7155.5,7158
1777380360,7158,7159.5,7157.5,7159.5
1777380420,7159.5,7161.5,7159.5,7160.75
1777380480,7160.5,7162,7160,7161
1777380540,7161.25,7162,7160.5,7161.75
1777380600,7161.5,7163.75,7161.25,7163.25
1777380660,7163.25,7167,7163.25,7166.25
1777380720,7166.25,7166.75,7164.25,7164.75
1777380780,7164.75,7164.75,7163.5,7163.75
1777380840,7163.5,7165.5,7163.5,7165
1777380900,7165,7166.5,7165,7166
1777380960,7166,7167.5,7165.75,7167.25
1777381020,7167.25,7170,7166.75,7168.5
1777381080,7168.5,7170,7168.5,7169
1777381140,7169,7170,7168,7169.5
1777381200,7169.25,7169.75,7168.25,7169
1777381260,7169,7171.25,7168.5,7171
1777381320,7170.75,7170.75,7168.5,7168.75
1777381380,7168.75,7169.25,7167.5,7167.75
1777381440,7167.5,7169.5,7167.25,7168
1777381500,7168,7168,7166.25,7166.5
1777381560,7166.5,7167.25,7165.25,7166
1777381620,7166,7166,7164.25,7164.25
1777381680,7164.5,7165.5,7163.75,7164.5
1777381740,7164.5,7165.5,7163.75,7164.5
1777381800,7164.5,7165.5,7164,7164
1777381860,7164,7165.25,7163.5,7164.75
1777381920,7164.5,7167.5,7164.5,7166.5
1777381980,7166.5,7166.5,7164.5,7164.5
1777382040,7164.75,7164.75,7163,7163.5
1777382100,7163.25,7163.25,7161.5,7162.75
1777382160,7162.75,7162.75,7161.25,7161.75
1777382220,7161.5,7162,7160.75,7161.5
1777382280,7161.5,7164.25,7160.5,7164
1777382340,7164.25,7164.75,7163.5,7164
1777382400,7164,7166.5,7164,7165
1777382460,7165,7166.5,7165,7166
1777382520,7165.75,7167.5,7165,7165.25
1777382580,7165,7166.75,7164.75,7166.75
1777382640,7166.5,7167.75,7166.5,7166.75
1777382700,7167,7168.25,7166.25,7166.75
1777382760,7166.75,7167.75,7166.25,7167.5
1777382820,7167.75,7167.75,7165.25,7166.25
1777382880,7166.25,7168.75,7166.25,7167.75
1777382940,7167.5,7175,7166.5,7172.25
1777383000,7172,7174.25,7162,7163.5
1777383060,7163.75,7167.75,7161.75,7163.25
1777383120,7163.25,7169.25,7161.75,7168
1777383180,7168,7170.25,7167.25,7169.25
1777383240,7169.5,7171.25,7168.5,7169.25
1777383300,7169.25,7172.25,7168.25,7171.25
1777383360,7171.25,7173,7169.5,7172
1777383420,7172,7174.25,7171.75,7173.5
1777383480,7173.5,7175.75,7172.5,7172.5
1777383540,7172.5,7175.5,7171.75,7174.5
1777383600,7174.25,7175.75,7172.75,7174.5
1777383660,7174.5,7178.5,7173.5,7177.25
1777383720,7177.5,7182,7176.5,7180.25
1777383780,7180.25,7183,7178.25,7178.75
1777383840,7178.5,7179.5,7177.75,7177.75
1777383900,7178,7178.25,7176.25,7176.5
1777383960,7176.75,7179.25,7175.25,7178
1777384020,7178.25,7179,7177,7178.75
1777384080,7178.75,7179,7176.5,7178.5
1777384140,7178.75,7180,7172.5,7176.25
1777384200,7176.25,7177.5,7174.25,7175.75
1777384260,7176,7177.75,7174.75,7177.5
1777384320,7177.5,7178,7173,7173.75
1777384380,7173.75,7174,7170,7170.5
1777384440,7170.75,7172.25,7168.25,7170.25
1777384500,7170.5,7170.5,7165,7165.5
1777384560,7165.75,7167,7163.5,7167
1777384620,7167,7170.75,7166.75,7168
1777384680,7168,7170.75,7166.75,7170.5
1777384740,7170.5,7171.5,7169.25,7169.5
1777384800,7169.75,7170,7166.5,7168.5
1777384860,7168.5,7171.25,7167.5,7167.5
1777384920,7167.5,7169,7164.75,7166.75
1777384980,7167,7169.5,7166,7169.5
1777385040,7169.25,7172,7167.5,7168.25
1777385100,7168,7171.25,7167.25,7170.5
1777385160,7170.5,7175,7170.25,7174.5
1777385220,7174.5,7177.5,7173,7175
1777385280,7175,7176.25,7173.5,7175.5
1777385340,7175.25,7175.75,7173.5,7175
1777385400,7175,7175.25,7172.5,7173.5
1777385460,7173.25,7173.5,7171,7171.75
1777385520,7171.75,7173.5,7171.25,7173
1777385580,7173,7174.5,7170.25,7170.25
1777385640,7170.5,7171,7168.75,7170
1777385700,7170.25,7171,7167,7167.75
1777385760,7167.5,7169,7165.25,7168.75
1777385820,7168.5,7172,7168.5,7171.5
1777385880,7171.5,7172,7169,7169.5
1777385940,7169.5,7170,7167.25,7167.25
1777386000,7167.5,7170.75,7166.75,7170
1777386060,7170,7170.25,7168.5,7168.5
1777386120,7168.25,7169,7167,7168
1777386180,7168,7168.5,7166.5,7167
1777386240,7167,7168.75,7165,7168
1777386300,7167.75,7169.5,7167,7169.25
1777386360,7169.25,7169.75,7164,7164.75
1777386420,7164.5,7166.75,7163.5,7166.25
1777386480,7166.25,7170.25,7166.25,7168.25
1777386540,7168.25,7169.25,7165.25,7166.5
1777386600,7166.5,7168.25,7164.75,7167.5
1777386660,7167.25,7169.75,7166.5,7167.75
1777386720,7167.75,7168.5,7166,7167.75
1777386780,7167.75,7168,7163.75,7164
1777386840,7163.75,7164.5,7162,7162.75
1777386900,7162.75,7163.25,7157.5,7159.75
1777386960,7159.75,7161.75,7156.5,7161
1777387020,7161,7161,7155.75,7155.75
1777387080,7155.75,7156.5,7151.5,7152.5
1777387140,7152.5,7154.75,7150.25,7154.5
1777387200,7154.5,7154.5,7150.5,7151.75
1777387260,7151.5,7158.5,7151.25,7158.25
1777387320,7158.5,7160.5,7157.25,7158
1777387380,7157.75,7158,7155.5,7156.5
1777387440,7156.75,7159.25,7156.75,7158.5
1777387500,7158.75,7160.5,7154.25,7154.75
1777387560,7154.75,7156.5,7152.25,7156
1777387620,7156.25,7160.75,7153.75,7159.75
1777387680,7159.5,7159.75,7154.5,7157.75
1777387740,7157.75,7158.75,7154,7154.75
1777387800,7154.5,7154.75,7149,7149
1777387860,7149,7150.25,7146.25,7149.5
1777387920,7149.5,7154.25,7148.75,7154
1777387980,7154.25,7155.25,7151,7152.25
1777388040,7152,7152.25,7148.75,7150.25
1777388100,7150.5,7155.75,7147,7152.25
1777388160,7152.25,7158.25,7150,7154.25
1777388220,7154,7156.75,7152.5,7153.75
1777388280,7154,7156.75,7152.75,7153
1777388340,7153,7159.25,7151.75,7159
1777388400,7158.75,7162.5,7158.25,7161.75
1777388460,7162,7164.75,7159.25,7159.25
1777388520,7159.5,7163,7158.5,7161.25
1777388580,7161,7163,7160,7161
1777388640,7161,7161,7158.75,7160
1777388700,7160.25,7161.75,7158,7159.75
1777388760,7159.5,7159.75,7155.25,7156.5
1777388820,7156.25,7156.5,7153,7154.25
1777388880,7154.25,7156.5,7152.5,7156
1777388940,7155.75,7156.75,7153.5,7154.75
1777389000,7154.75,7157,7154.25,7155.75
1777389060,7155.25,7156.5,7154.5,7155.5
1777389120,7155.75,7160.25,7155.75,7160
1777389180,7160,7161.25,7158.75,7159
1777389240,7158.75,7161.25,7158,7160.5
1777389300,7160.75,7161.25,7157,7157
1777389360,7157,7161.75,7156.5,7161.25
1777389420,7161.5,7162,7159,7159.25
1777389480,7159.25,7161,7159.25,7160
1777389540,7160,7160.75,7158,7160.25
1777389600,7160.25,7160.75,7157.75,7158
1777389660,7158,7158,7155.5,7156.25
1777389720,7156.25,7157.5,7155.25,7157.25
1777389780,7157,7157.25,7153.75,7154
1777389840,7153.75,7157,7153.5,7156.25
1777389900,7156.5,7156.75,7152,7152.25
1777389960,7152.5,7156.25,7152.25,7155.75
1777390020,7156,7156,7152.5,7152.75
1777390080,7152.75,7153.75,7152,7153
1777390140,7153,7155,7152,7152.75
1777390200,7153,7153.25,7150.75,7151.25
1777390260,7151.5,7151.5,7148.75,7149.75
1777390320,7150,7151.5,7148,7151.25
1777390380,7151.25,7152.25,7150.5,7151.5
1777390440,7151.75,7153.25,7150.5,7150.5
1777390500,7150.5,7151,7148.25,7150.25
1777390560,7150.25,7150.5,7148,7149.5
1777390620,7149.75,7154.25,7149.25,7153.75
1777390680,7154,7155.5,7151.25,7151.5
1777390740,7151.75,7154,7151,7152.5
1777390800,7152.5,7153.25,7151.5,7152.5
1777390860,7152.5,7154.75,7152,7152.25
1777390920,7152.25,7154.75,7151.5,7153.75
1777390980,7153.75,7153.75,7151.5,7151.75
1777391040,7151.75,7152.75,7151,7151.75
1777391100,7151.75,7153,7150.25,7152
1777391160,7151.75,7152,7149.75,7151.5
1777391220,7151.25,7154,7150.75,7150.75
1777391280,7150.75,7151.75,7148.25,7148.75
1777391340,7148.75,7150,7147.75,7149.75
1777391400,7149.5,7151.25,7149.25,7151
1777391460,7151.25,7152.5,7149.75,7150.25
1777391520,7150.25,7152.75,7150,7152.25
1777391580,7152.25,7152.75,7150.75,7151.75
1777391640,7152,7153,7151.5,7152.5
1777391700,7152.5,7152.5,7150.75,7151.25
1777391760,7151.25,7152,7149.25,7151.75
1777391820,7151.75,7154.25,7151.5,7152.75
1777391880,7152.75,7153.25,7151.5,7151.5
1777391940,7151.5,7154,7151.25,7153.75
1777392000,7153.75,7154,7151.75,7153.5
1777392060,7153.5,7156,7152.75,7155.25
1777392120,7155.5,7157,7154,7154.25
1777392180,7154.25,7157,7154,7155.5
1777392240,7155.5,7156.25,7154.5,7155.25
1777392300,7155,7157,7155,7155.5
1777392360,7155.5,7158.5,7155.5,7156
1777392420,7156.25,7158,7155.25,7157.75
1777392480,7157.75,7158.75,7156,7156
1777392540,7156,7156.75,7155,7156.5
1777392600,7156.75,7157.75,7155.5,7155.75
1777392660,7156,7158,7154.75,7157.75
1777392720,7157.75,7158,7155.75,7156
1777392780,7156.25,7158.25,7156,7157.5
1777392840,7157.5,7158.5,7156.75,7158.25
1777392900,7158.25,7158.5,7156,7156
1777392960,7156,7156.25,7154.5,7156
1777393020,7156.25,7156.25,7155,7156
1777393080,7156,7158,7155.5,7157.25
1777393140,7157.25,7158,7156.5,7157.25
1777393200,7157.5,7159.25,7157,7157.75
1777393260,7157.75,7158.75,7156.5,7156.5
1777393320,7156.75,7158.25,7156.5,7157.75
1777393380,7157.75,7159.5,7157.75,7158.75
1777393440,7158.75,7159.5,7158.5,7158.5
1777393500,7158.75,7159.75,7157,7157
1777393560,7157,7158.75,7156.5,7158.5
1777393620,7158.75,7159,7157.5,7158
1777393680,7158,7158.5,7156,7158.25
1777393740,7158,7158,7157,7157.25
1777393800,7157.25,7158.25,7156.5,7157.25
1777393860,7157.25,7157.25,7155.25,7155.25
1777393920,7155.5,7155.75,7154.5,7155
1777393980,7155,7155.25,7153.75,7154
1777394040,7154.25,7154.5,7151.75,7151.75
1777394100,7151.75,7151.75,7149.25,7151.25
1777394160,7151.5,7153.25,7150.25,7150.5
1777394220,7150.5,7151.75,7150,7151.5
1777394280,7151.75,7152.25,7151,7151.25
1777394340,7151.25,7152,7149.5,7150.75
1777394400,7150.5,7152.25,7150.5,7151.5
1777394460,7151.25,7152.5,7150,7150.25
1777394520,7150,7150,7148.75,7149.5
1777394580,7149.5,7150.25,7147.25,7147.75
1777394640,7147.5,7149.5,7147.5,7148.75
1777394700,7148.75,7150.75,7147.5,7149.75
1777394760,7149.75,7151.25,7149.75,7150.25
1777394820,7150.5,7151.5,7148.5,7148.5
1777394880,7148.5,7151,7148,7150.5
1777394940,7150.75,7151.5,7149.5,7151.25
1777395000,7151.25,7154.75,7149.25,7150
1777395060,7149.75,7152.75,7149,7152.25
1777395120,7152.25,7155,7152,7154.75
1777395180,7154.5,7158,7154.5,7156
1777395240,7156,7157.25,7156,7156.25
1777395300,7156.5,7157.25,7155.25,7155.5
1777395360,7155.25,7156.75,7155,7155
1777395420,7155,7156.5,7154.25,7154.5
1777395480,7154.25,7154.5,7153,7154
1777395540,7154,7155.75,7153.75,7155.5
1777395600,7155.5,7156.5,7154.75,7156.5
1777395660,7156.5,7157.5,7153.75,7154.75
1777395720,7154.75,7154.75,7152.5,7152.5
1777395780,7152.5,7152.75,7150,7150.25
1777395840,7150,7150.75,7149.25,7150.25
1777395900,7150.25,7151,7149.25,7149.5
1777395960,7149.75,7150.5,7148,7150
1777396020,7150.25,7151.5,7149.5,7150.75
1777396080,7150.75,7151.5,7150.25,7150.25
1777396140,7150.5,7152.75,7150.5,7152.25
1777396200,7152.25,7152.5,7150.25,7151
1777396260,7151,7152.5,7149.75,7152.25
1777396320,7152,7153.75,7152,7153
1777396380,7153,7153.5,7151.75,7152.25
1777396440,7152.5,7153.5,7152.25,7153.5
1777396500,7153.25,7153.75,7152,7153
1777396560,7153,7153.5,7150.25,7150.75
1777396620,7150.75,7151.5,7150.5,7151.25
1777396680,7151.25,7151.25,7149.75,7150.25
1777396740,7150.25,7150.25,7149,7150
1777396800,7150,7152,7149.75,7150.5
1777396860,7150.5,7150.75,7149.75,7150.75
1777396920,7150.5,7151.25,7150,7150.75
1777396980,7150.5,7150.5,7149.75,7150.25
1777397040,7150.25,7152.5,7150,7152.5
1777397100,7152.5,7153,7151.75,7152.5
1777397160,7152.5,7153,7152,7152.75
1777397220,7152.5,7155.75,7152.5,7155.5
1777397280,7155.5,7156.75,7155,7156.25
1777397340,7156.25,7156.75,7154.5,7154.75
1777397400,7155,7156.5,7154.75,7156.25
1777397460,7156,7156.75,7155.75,7155.75
1777397520,7156,7157.75,7155.75,7157.5
1777397580,7157.25,7158.75,7157.25,7158
1777397640,7158,7159,7157.25,7158.5
1777397700,7158.5,7161,7158.25,7160.75
1777397760,7160.5,7161,7159.25,7160
1777397820,7160,7162,7160,7161.5
1777397880,7161.25,7161.5,7159.75,7160.25
1777397940,7160,7160.5,7159.25,7160
1777398000,7159.75,7160.75,7159,7160.5
1777398060,7160.5,7163,7160.25,7162.5
1777398120,7162.5,7163.75,7160.75,7161
1777398180,7160.75,7161.5,7160.25,7161.5
1777398240,7161.25,7161.5,7160.75,7161.25
1777398300,7161.25,7163.25,7160.75,7162.25
1777398360,7162.5,7163,7161.75,7161.75
1777398420,7161.75,7162.75,7161.5,7162.75
1777398480,7162.5,7163,7162,7162.25
1777398540,7162.25,7162.75,7161,7161
1777398600,7161.25,7162,7159.5,7162
1777398660,7162,7163,7161.75,7162.25
1777398720,7162.25,7162.75,7161.25,7162
1777398780,7162,7162.5,7161.25,7162
1777398840,7162.25,7163,7162.25,7162.5
1777398900,7162.5,7164.5,7162.25,7163.75
1777398960,7163.75,7164.5,7163.5,7164.25
1777399020,7164.25,7165.5,7164,7164.25
1777399080,7164,7164.75,7163.75,7164.5
1777399140,7164.5,7164.75,7163.5,7164.5
1777399200,7164.5,7165.5,7164.25,7164.25
1777399260,7164.5,7165.25,7164,7165
1777399320,7165,7165.5,7164.5,7165
1777399380,7165,7165,7162.5,7163
1777399440,7162.75,7163.25,7162,7163
1777399500,7162.75,7163.25,7161.75,7163
1777399560,7162.75,7163.5,7162,7162.25
1777399620,7162,7163.5,7161.5,7163.25
1777399680,7163,7163.5,7162,7163.25
1777399740,7163.25,7165,7163,7164
1777399800,7164,7164.25,7162.75,7163
1777399860,7162.75,7163.5,7162.25,7163
1777399920,7163,7164,7162.75,7163.5
1777399980,7163.25,7165,7163.25,7164.75
1777400040,7164.75,7165.25,7164,7164.5
1777400100,7164.25,7166.25,7164.25,7165.75
1777400160,7165.75,7166,7165,7165.5
1777400220,7165.25,7167.25,7165.25,7166.5
1777400280,7166.75,7168.25,7166.75,7167.75
1777400340,7167.75,7169,7167.75,7168.25
1777400400,7168.25,7169.75,7168,7168.5
1777400460,7168.25,7169.25,7168,7168.75
1777400520,7168.5,7168.75,7165.75,7166.25
1777400580,7166.25,7170.5,7165.75,7167.75
1777400640,7167.5,7168.75,7167,7168.25
1777400700,7168.25,7169.75,7167.25,7168.25
1777400760,7168,7168.25,7167,7167
1777400820,7167,7167.75,7166.75,7167.5
1777400880,7167.25,7167.5,7166,7167.5
1777400940,7167.25,7167.75,7166.75,7167.5
1777401000,7167.5,7167.75,7166,7166.75
1777401060,7166.75,7167,7164.75,7165.25
1777401120,7165.25,7165.5,7163.75,7164.5
1777401180,7164.5,7164.75,7163.5,7164.25
1777401240,7164.25,7165.25,7163.75,7164.75
1777401300,7164.5,7165,7163.25,7163.25
1777401360,7163.25,7163.5,7163,7163.25
1777401420,7163.25,7163.5,7162,7162.5
1777401480,7162.5,7164.75,7162.25,7164.25
1777401540,7164.25,7164.75,7164,7164.5
1777401600,7164.25,7165.75,7164.25,7165.75
1777401660,7165.5,7166,7165,7165.75
1777401720,7165.75,7166.75,7165.25,7165.25
1777401780,7165.25,7166,7165.25,7165.5
1777401840,7165.5,7167.75,7165.25,7167.5
1777401900,7167.75,7168.25,7166.75,7166.75
1777401960,7167,7167.75,7166.5,7167.25
1777402020,7167,7168,7166.75,7167.5
1777402080,7167.5,7168.5,7167.25,7168
1777402140,7168,7168,7167.5,7168
1777402200,7167.75,7168,7167.25,7167.5
1777402260,7167.5,7168.75,7166.75,7168.25
1777402320,7168.25,7169.25,7168,7168.25
1777402380,7168.25,7169.25,7168,7169
1777402440,7169,7170,7169,7169.5
1777402500,7169.5,7169.5,7166.5,7167
1777402560,7167.25,7168.25,7166.5,7168
1777402620,7168,7168.25,7167.5,7168.25
1777402680,7168.25,7170,7168.25,7169.5
1777402740,7169.75,7170,7169,7169.25
1777402800,7169.25,7169.5,7168.25,7168.75
1777402860,7168.75,7170,7168.5,7169.75
1777402920,7169.75,7171,7169.25,7169.75
1777402980,7169.75,7170,7169,7169.5
1777403040,7169.5,7170.25,7169.25,7170
1777403100,7170,7172,7170,7171.75
1777403160,7171.75,7173.25,7171.25,7173
1777403220,7173,7174.25,7172.75,7172.75
1777403280,7173,7174,7172.75,7173
1777403340,7173,7174,7173,7173.5
1777403400,7173.5,7174,7172.25,7173.5
1777403460,7173.5,7176.25,7173.5,7175.5
1777403520,7175.5,7176,7174.25,7174.5
1777403580,7174.25,7175,7174,7174
1777403640,7174,7174.5,7173.25,7173.25
1777403700,7173.25,7173.5,7171.25,7171.5
1777403760,7171.5,7172.25,7170.25,7171
1777403820,7171,7171.25,7169.75,7170.5
1777403880,7170.25,7171.75,7169.75,7171
1777403940,7170.75,7171,7170,7170.5
1777404000,7170.5,7170.5,7168.25,7169
1777404060,7169,7170.25,7168.5,7170.25
1777404120,7170,7171.5,7169.75,7171.25
1777404180,7171.5,7172.25,7171,7172
1777404240,7172,7172.25,7170,7170.75
1777404300,7170.75,7171,7169.75,7170.75
1777404360,7170.75,7171.25,7170.25,7171
1777404420,7171,7171.75,7170.25,7171.25
1777404480,7171.25,7171.5,7170.25,7170.5
1777404540,7170.25,7170.75,7169.25,7170.25
1777404600,7170.25,7170.75,7169.5,7169.75
1777404660,7169.75,7170.25,7169.25,7169.75
1777404720,7169.75,7169.75,7167.75,7169
1777404780,7169,7169.5,7167.75,7168.25
1777404840,7168,7168.25,7166.5,7166.75
1777404900,7166.75,7168,7166.25,7167.5
1777404960,7167.25,7168.25,7166.25,7168
1777405020,7168,7169,7167.75,7167.75
1777405080,7167.75,7168.75,7167.5,7168.75
1777405140,7168.75,7170,7168.5,7169.75
1777405200,7169.75,7171.75,7169.5,7171.75
1777405260,7171.5,7172.5,7171.25,7171.75
1777405320,7171.5,7171.75,7170.25,7170.75
1777405380,7170.75,7171.5,7170.25,7171
1777405440,7170.75,7171.75,7170.5,7171
1777405500,7170.75,7171.5,7170,7171.25
1777405560,7171.25,7172.25,7171,7171.5
1777405620,7171.5,7172,7170.75,7171.25
1777405680,7171,7171.5,7169.75,7170.5
1777405740,7170.75,7172,7170.5,7171.75
1777405800,7171.75,7173.75,7171.75,7173.5
1777405860,7173.5,7174.5,7172.5,7172.75
1777405920,7172.75,7174,7172.5,7173.5
1777405980,7173.5,7174.5,7171.5,7172
1777406040,7172.25,7172.25,7168.25,7171.25
1777406100,7171.5,7172.25,7168.75,7172
1777406160,7172,7173,7171,7172.25
1777406220,7172.5,7173,7170.75,7172
1777406280,7172,7173.5,7170.75,7173
1777406340,7173,7173,7169.25,7171.5
1777406400,7171.5,7172.25,7169.25,7169.25
1777406460,7169.5,7169.5,7167.5,7168
1777406520,7168,7168.75,7167.5,7168.25
1777406580,7168.25,7169.25,7168,7168.5
1777406640,7168.75,7169.5,7168.25,7169.25
1777406700,7169.5,7171.25,7169.25,7170.25
1777406760,7170.25,7171.25,7169.75,7171.25
1777406820,7171,7172.5,7170.5,7172
1777406880,7172,7174.25,7172,7174.25
1777406940,7174,7174.5,7173.25,7174
1777407000,7173.75,7175.75,7173.75,7175.5
1777407060,7175.25,7176,7174.75,7175.25
1777407120,7175.5,7176.25,7174.25,7174.75
1777407180,7174.5,7174.75,7173.75,7174.75
1777407240,7174.75,7174.75,7173.25,7173.25
1777407300,7173.25,7174.25,7173,7174
1777407360,7173.75,7174.75,7173.75,7174.25
1777407420,7174.5,7175.25,7174.25,7175
1777407480,7175,7175.25,7174,7174.75
1777407540,7174.5,7174.5,7173.75,7174.5
1777407600,7174.25,7174.25,7173.75,7173.75
1777407660,7173.75,7174.25,7172.75,7172.75
1777407720,7172.75,7173.25,7172.25,7172.75
1777407780,7172.75,7173.25,7172.5,7172.5
1777407840,7172.5,7173.5,7172.5,7173.25
1777407900,7173,7173.5,7172.75,7173
1777407960,7173.25,7173.25,7172.75,7173.25
1777408020,7173.5,7173.75,7173,7173.75
1777408080,7173.5,7173.75,7173,7173.25
1777408140,7173.5,7174,7173.5,7174
1777408200,7174,7174,7173,7173.75
1777408260,7173.5,7173.75,7172.5,7172.75
1777408320,7172.75,7173.25,7172.75,7172.75
1777408380,7172.5,7172.75,7171.75,7172
1777408440,7172,7172.25,7171.75,7171.75
1777408500,7171.75,7172,7171.5,7172
1777408560,7172,7172.5,7171.75,7172.25
1777408620,7172.25,7172.5,7172,7172.25
1777408680,7172.25,7172.5,7172.25,7172.25
1777408740,7172,7172.25,7171.75,7171.75
1777408800,7171.75,7172,7171.5,7172
1777408860,7172,7172,7171.5,7172
1777408920,7172.25,7172.5,7171.75,7172
1777408980,7172,7172,7171.5,7171.75
1777409040,7171.5,7172.25,7171.5,7172
1777409100,7172,7172.75,7172,7172.5
1777409160,7172.5,7172.5,7171.75,7171.75
1777409220,7171.75,7172,7171.25,7171.5
1777409280,7171.5,7171.75,7171.25,7171.5
1777409340,7171.25,7171.75,7171.25,7171.5
1777409400,7171.5,7171.5,7171,7171.25
1777409460,7171.25,7171.5,7170.75,7171
1777409520,7171,7171.5,7171,7171.25
1777409580,7171.5,7172.5,7171.5,7172.25
1777409640,7172,7172.25,7171.75,7172
1777409700,7172,7172.5,7171.5,7171.75
1777409760,7171.5,7172.25,7171.5,7172.25
1777409820,7172,7172.5,7171.75,7172
1777409880,7171.75,7172.5,7171.75,7172.5
1777409940,7172.5,7172.75,7172,7172.5
1777413600,7172.5,7175.5,7172.5,7174.5
1777413660,7174.75,7177.5,7174.75,7175.75
1777413720,7176.25,7176.75,7175.5,7176
1777413780,7176.25,7178,7176,7177.25
1777413840,7177.25,7177.25,7175.25,7175.25
1777413900,7175.25,7176.5,7174,7176.25
1777413960,7176.25,7177.25,7176.25,7176.75
1777414020,7176.75,7177.25,7176.5,7176.75
1777414080,7176.75,7177.5,7176.5,7177.25
1777414140,7177.25,7177.25,7176.5,7176.5
1777414200,7176.5,7177.25,7176.5,7176.75
1777414260,7177,7177.75,7176.5,7177.25
1777414320,7177.25,7177.25,7176.75,7177
1777414380,7177.25,7177.5,7177,7177
1777414440,7177.25,7177.75,7176.75,7176.75
1777414500,7177,7177.25,7176.5,7176.5
1777414560,7176.5,7177.25,7176.25,7176.5
1777414620,7176.5,7176.5,7176.25,7176.25
1777414680,7176.5,7176.75,7176.25,7176.5
1777414740,7176.5,7176.5,7175.5,7175.75
1777414800,7175.5,7175.75,7175,7175
1777414860,7175.25,7176,7175.25,7175.75
1777414920,7175.5,7175.75,7175,7175.75
1777414980,7175.75,7175.75,7175.5,7175.5
1777415040,7175.75,7175.75,7175,7175.25
1777415100,7175,7175.25,7174.5,7174.75
1777415160,7174.5,7175.5,7174.5,7175.5
1777415220,7175.5,7175.5,7175.25,7175.25
1777415280,7175.25,7175.25,7175,7175
1777415340,7174.75,7175,7174.75,7174.75
1777415400,7174.75,7176.25,7174.75,7176
1777415460,7176,7176.25,7175.75,7175.75
1777415520,7175.75,7176,7175.25,7176
1777415580,7176,7176.25,7176,7176
1777415640,7175.75,7176,7175.75,7176
1777415700,7176.25,7176.25,7175.75,7175.75
1777415760,7175.75,7176,7175.75,7176
1777415820,7175.75,7175.75,7175.25,7175.5
1777415880,7175.25,7175.5,7175.25,7175.25
1777415940,7175.25,7175.25,7175,7175.25
1777416000,7175,7175,7174.5,7174.75
1777416060,7175,7175.5,7174.75,7175.25
1777416120,7175,7175,7174.25,7174.5
1777416180,7174.75,7174.75,7174.25,7174.75
1777416240,7175,7175.5,7174.75,7175.25
1777416300,7175,7175.25,7174.75,7174.75
1777416360,7175,7175.75,7175,7175.75
1777416420,7175.75,7175.75,7175.25,7175.25
1777416480,7175.25,7175.25,7175,7175
1777416540,7175,7175.25,7175,7175
1777416600,7175,7175.5,7175,7175.25
1777416660,7175.25,7175.75,7175.25,7175.5
1777416720,7175.25,7175.25,7175,7175.25
1777416780,7175.25,7175.75,7175.25,7175.5
1777416840,7175.5,7175.75,7175.5,7175.5
1777416900,7175.25,7175.5,7175.25,7175.5
1777416960,7175.5,7175.75,7175.25,7175.5
1777417020,7175.75,7175.75,7175.5,7175.75
1777417080,7176,7176,7175.5,7175.75
1777417140,7176,7176,7175.75,7176
1777417200,7176,7176.25,7175.25,7175.5
1777417260,7175.75,7175.75,7175.5,7175.75
1777417320,7175.5,7175.5,7174.75,7175
1777417380,7175,7175.5,7175,7175.25
1777417440,7175.25,7175.25,7175.25,7175.25
1777417500,7175.5,7175.5,7174.75,7175
1777417560,7174.75,7175,7174.25,7174.75
1777417620,7174.75,7174.75,7174.5,7174.75
1777417680,7174.75,7175,7174.5,7175
1777417740,7174.75,7175,7174.75,7175
1777417800,7174.75,7175,7174.75,7175
1777417860,7175,7175,7174.75,7174.75
1777417920,7174.5,7174.75,7174.25,7174.75
1777417980,7174.75,7175.25,7174.75,7175
1777418040,7175,7175.5,7174.75,7175.5
1777418100,7175.5,7176,7175.25,7175.5
1777418160,7175.5,7175.75,7175.5,7175.5
1777418220,7175.75,7176,7175.5,7175.75
1777418280,7175.75,7176,7175.75,7175.75
1777418340,7175.5,7175.75,7175.25,7175.75
1777418400,7175.75,7175.75,7175.75,7175.75
1777418520,7175.75,7175.75,7175.5,7175.5
1777418580,7175.75,7176,7175.75,7176
1777418640,7176,7176,7175.5,7175.75
1777418700,7175.75,7175.75,7175.25,7175.75
1777418760,7175.5,7175.75,7175.5,7175.75
1777418820,7175.75,7175.75,7175.75,7175.75
1777418880,7175.75,7175.75,7175.75,7175.75
1777418940,7175.75,7175.75,7175.5,7175.75
1777419000,7176,7176.75,7175.75,7176.5
1777419060,7176.5,7177,7176.25,7177
1777419120,7177,7177.75,7176.75,7177.5
1777419180,7177.5,7177.75,7177.25,7177.25
1777419240,7177.25,7177.5,7177.25,7177.25
1777419300,7177.25,7177.5,7177.25,7177.5
1777419360,7177.5,7177.5,7177.25,7177.5
1777419420,7177.5,7177.75,7177.5,7177.75
1777419480,7177.5,7177.5,7177.5,7177.5
1777419540,7177.25,7177.75,7177.25,7177.5
1777419600,7177.75,7178.5,7177.75,7178.5
1777419660,7178.25,7178.25,7178,7178
1777419720,7178,7178.5,7178,7178.5
1777419780,7178.5,7178.5,7178.5,7178.5
1777419840,7178.5,7178.5,7178,7178.5
1777419900,7178.5,7178.5,7178,7178.25
1777419960,7178.25,7179,7178.25,7178.5
1777420020,7178.5,7179,7178.25,7178.25
1777420080,7178.5,7178.5,7178.5,7178.5
1777420140,7178.25,7178.25,7177.75,7178.25
1777420200,7178.25,7178.5,7178,7178.5
1777420260,7178.25,7178.75,7178.25,7178.5
1777420320,7178.75,7179,7178.75,7179
1777420380,7178.75,7179,7178.75,7178.75
1777420440,7178.75,7179,7178.75,7178.75
1777420500,7178.75,7178.75,7178.75,7178.75
1777420560,7178.75,7179,7178.5,7178.5
1777420620,7178.25,7179,7178.25,7179
1777420680,7179,7179.25,7179,7179.25
1777420740,7179.25,7179.5,7179.25,7179.5
1777420800,7179.5,7181.5,7179.5,7181
1777420860,7181,7181.5,7180.5,7181.25
1777420920,7181,7181.25,7181,7181.25
1777420980,7181.25,7182.25,7181,7181.75
1777421040,7181.75,7182.75,7181.75,7182
1777421100,7182.25,7183.5,7182,7182.75
1777421160,7182.75,7183.5,7182.5,7182.5
1777421220,7182.75,7184,7181.75,7183.75
1777421280,7183.5,7184,7183,7183.25
1777421340,7183.25,7184.5,7183.25,7184.25
1777421400,7184,7184.5,7183.75,7184
1777421460,7184,7184.5,7183.75,7184.25
1777421520,7184.5,7185.5,7184.5,7184.75
1777421580,7184.75,7186,7184.5,7185.5
1777421640,7185.25,7185.5,7185,7185.25
1777421700,7185,7185.5,7185,7185.25
1777421760,7185.5,7185.5,7184.75,7185
1777421820,7185.25,7185.75,7184,7184.25
1777421880,7184.25,7184.75,7184,7184.25
1777421940,7184.5,7184.5,7183.25,7184
1777422000,7184,7184.5,7183.75,7184.25
1777422060,7184.25,7185.5,7184.25,7185.25
1777422120,7185.25,7186,7185.25,7185.75
1777422180,7186,7186.25,7185.25,7185.25
1777422240,7185.5,7186.25,7185.25,7186.25
1777422300,7186.5,7186.75,7186,7186.25
1777422360,7186.25,7186.75,7186.25,7186.5
1777422420,7186.5,7186.75,7186.25,7186.5
1777422480,7186.5,7186.5,7186.25,7186.5
1777422540,7186.5,7186.75,7186.25,7186.75
1777422600,7186.75,7188,7186.75,7187.75
1777422660,7187.5,7187.5,7187,7187.25
1777422720,7187.5,7188,7187.5,7187.75
1777422780,7187.5,7187.5,7186.75,7186.75
1777422840,7186.5,7186.75,7185.75,7186.75
1777422900,7186.5,7186.5,7186,7186
1777422960,7186.25,7186.25,7185,7185.5
1777423020,7185.25,7186,7185,7185.75
1777423080,7185.75,7185.75,7185.25,7185.75
1777423140,7185.75,7185.75,7185.25,7185.5
1777423200,7185.75,7186,7185.5,7185.75
1777423260,7186,7186.5,7185.75,7186.25
1777423320,7186.5,7186.75,7185.75,7186
1777423380,7186,7186.25,7185.75,7185.75
1777423440,7185.75,7186,7185.75,7186
1777423500,7186,7186,7185.25,7185.25
1777423560,7185.25,7185.25,7184.25,7185
1777423620,7185,7185,7184,7184.25
1777423680,7184.5,7184.5,7184.25,7184.25
1777423740,7184.25,7184.5,7184,7184.5
1777423800,7184.25,7184.5,7184,7184
1777423860,7184,7184,7183.25,7183.75
1777423920,7183.75,7184,7183.5,7183.5
1777423980,7183.75,7184.5,7183.5,7184.25
1777424040,7184.25,7184.75,7184,7184.25
1777424100,7184,7184.25,7184,7184
1777424160,7184,7184.5,7184,7184.25
1777424220,7184,7184,7183.75,7184
1777424280,7184.25,7184.25,7183.75,7184
1777424340,7184,7184,7183,7183.5
1777424400,7183.25,7183.5,7180.75,7182.5
1777424460,7182.5,7182.5,7180,7180.25
1777424520,7180.5,7181,7178.75,7180
1777424580,7180,7180.25,7179.25,7179.25
1777424640,7179,7179.25,7177.5,7178.75
1777424700,7178.75,7180,7178,7178.25
1777424760,7178,7178.5,7176,7177.25
1777424820,7177.5,7178.5,7173.25,7173.5
1777424880,7173.5,7173.5,7169,7171
1777424940,7170.75,7172.5,7170.5,7172.5
1777425000,7172.25,7175,7172.25,7174.5
1777425060,7174.5,7175.75,7174,7174.5
1777425120,7174.5,7174.75,7172.75,7174
1777425180,7174,7175.75,7174,7175.75
1777425240,7175.75,7176.25,7175.25,7175.5
1777425300,7175.5,7178.25,7175.5,7177.25
1777425360,7177.25,7177.75,7175.75,7175.75
1777425420,7175.75,7176.25,7174.25,7175.25
1777425480,7175.25,7176,7175,7176
1777425540,7175.75,7177.75,7175.75,7177.25
1777425600,7177,7178.75,7177,7178.25
1777425660,7178,7179.5,7177,7177.5
1777425720,7177.5,7177.5,7176.5,7177.5
1777425780,7177.25,7177.5,7176.75,7177.5
1777425840,7177.5,7177.5,7176.5,7177.25
1777425900,7177.25,7177.5,7176.5,7176.75
1777425960,7176.75,7178,7176.75,7177.5
1777426020,7177.5,7177.75,7177.25,7177.5
1777426080,7177.25,7177.25,7176.25,7177.25
1777426140,7177.25,7177.25,7176.25,7176.75
1777426200,7176.75,7177.5,7175.75,7177.25
1777426260,7177.5,7178.5,7177,7177.75
1777426320,7177.75,7179.25,7177,7179
1777426380,7179,7179.75,7177.75,7178
1777426440,7178.5,7179.75,7178.25,7179.25
1777426500,7179.75,7180.75,7179,7179.5
1777426560,7179.5,7180,7178.5,7179.75
1777426620,7179.5,7180.5,7179.5,7180.5
1777426680,7180.25,7182,7179.75,7179.75
1777426740,7179.5,7179.75,7178.75,7179.75
1777426800,7179.75,7181,7179.75,7180.75
1777426860,7180.75,7182,7180.75,7181.75
1777426920,7182,7183.25,7182,7182
1777426980,7182,7182,7181.25,7181.75
1777427040,7181.75,7182,7181.5,7181.75
1777427100,7181.75,7182.25,7181,7181.25
1777427160,7181.25,7181.25,7180.5,7181
1777427220,7180.75,7181.5,7180.25,7180.5
1777427280,7180.25,7180.75,7179.5,7179.5
1777427340,7179.75,7180.5,7179.75,7180.25
1777427400,7180.25,7180.25,7178,7178.25
1777427460,7178.5,7179,7177.75,7178.25
1777427520,7178.5,7178.75,7177.25,7178
1777427580,7177.75,7178.25,7177.5,7178
1777427640,7178,7178.75,7178,7178.5
1777427700,7178.25,7178.5,7177.75,7178.5
1777427760,7178.5,7178.75,7177.75,7177.75
1777427820,7177.75,7178,7177.5,7178
1777427880,7178,7178,7177.25,7177.25
1777427940,7177.5,7178.75,7177.5,7178.25
1777428000,7178.5,7181.5,7178.5,7181
1777428060,7181,7182,7180.75,7181
1777428120,7181,7181,7179.75,7180
1777428180,7179.75,7180,7179,7179.5
1777428240,7179.5,7180,7179.25,7179.5
1777428300,7179.25,7179.5,7178.5,7178.75
1777428360,7179.25,7181.5,7179.25,7181.25
1777428420,7181.25,7182.25,7181.25,7182
1777428480,7182,7182.5,7182,7182
1777428540,7182,7182.5,7181.5,7182.5
1777428600,7182.5,7183,7182.25,7182.5
1777428660,7182.75,7183,7182,7182.25
1777428720,7182.25,7182.5,7181.5,7182.5
1777428780,7182.5,7182.75,7182,7182
1777428840,7182.25,7183,7182.25,7183
1777428900,7182.75,7183,7182.25,7182.5
1777428960,7182.25,7184,7182.25,7183.75
1777429020,7183.75,7184.75,7183.5,7184.25
1777429080,7184.75,7185.25,7184.25,7185
1777429140,7185,7185.25,7183.75,7183.75
1777429200,7183.75,7183.75,7182.75,7182.75
1777429260,7182.75,7182.75,7182.25,7182.75
1777429320,7182.5,7182.75,7182.5,7182.5
1777429380,7182.25,7182.75,7182.25,7182.25
1777429440,7182,7182.25,7181.75,7181.75
1777429500,7181.75,7183.75,7181.75,7183.75
1777429560,7183.5,7184.25,7183.25,7183.25
1777429620,7183,7183.5,7183,7183.25
1777429680,7183.25,7183.75,7183.25,7183.5
1777429740,7183.25,7183.25,7182.25,7182.25
1777429800,7182.5,7182.75,7181,7181.5
1777429860,7181.25,7181.25,7180.75,7181
1777429920,7180.75,7182,7180.75,7182
1777429980,7182,7182,7181.5,7181.75
1777430040,7181.75,7181.75,7181.5,7181.5
1777430100,7181.25,7181.25,7179.75,7180.25
1777430160,7180.25,7181,7180,7181
1777430220,7181,7181,7180.5,7180.75
1777430280,7180.75,7181,7180.25,7180.75
1777430340,7180.75,7181,7180.5,7180.5
1777430400,7180.5,7180.5,7179.25,7180
1777430460,7180,7180.25,7179.75,7180.25
1777430520,7180.25,7180.25,7179.75,7180.25
1777430580,7180,7180.75,7180,7180.75
1777430640,7181,7181.25,7180.25,7180.5
1777430700,7180.75,7180.75,7180,7180.5
1777430760,7180.25,7180.5,7180.25,7180.5
1777430820,7180.5,7181.25,7180.25,7181.25
1777430880,7181.25,7182,7181.25,7181.75
1777430940,7182,7182.75,7181.75,7182
1777431000,7182,7182.5,7181.75,7182.5
1777431060,7182.5,7182.5,7182.25,7182.5
1777431120,7182.25,7182.5,7181.75,7181.75
1777431180,7181.75,7182.25,7181.5,7181.5
1777431240,7181.25,7181.75,7181.25,7181.25
1777431300,7181,7181.5,7180.25,7181
1777431360,7181.25,7181.75,7181,7181.75
1777431420,7181.75,7182.25,7181.75,7181.75
1777431480,7181.5,7181.5,7181.25,7181.25
1777431540,7181.5,7181.75,7181.5,7181.5
1777431600,7181.75,7182,7181.75,7182
1777431660,7182,7182.25,7181.5,7181.75
1777431720,7181.75,7183,7181.75,7182.5
1777431780,7182.5,7183,7182.5,7183
1777431840,7183,7183.5,7182.75,7183
1777431900,7183,7183.25,7182.75,7183.25
1777431960,7183.25,7184.5,7183.25,7184.25
1777432020,7184.25,7184.25,7183.75,7183.75
1777432080,7183.75,7184.5,7183.5,7184.5
1777432140,7184.25,7184.75,7184,7184.5
1777432200,7184.75,7185.25,7183.5,7183.5
1777432260,7183.5,7184.25,7183.5,7184.25
1777432320,7184.25,7185,7184.25,7184.5
1777432380,7184.75,7184.75,7184.5,7184.5
1777432440,7184.75,7184.75,7184,7184.25
1777432500,7184,7184.25,7183.75,7184
1777432560,7184,7184.5,7184,7184.5
1777432620,7184.75,7185,7184.25,7184.25
1777432680,7184,7184.5,7184,7184.5
1777432740,7184.5,7184.5,7184.25,7184.5
1777432800,7184.25,7184.75,7184.25,7184.75
1777432860,7184.75,7185,7184.75,7184.75
1777432920,7184.75,7184.75,7184,7184
1777432980,7184,7184.5,7184,7184.25
1777433040,7184.5,7184.75,7184.25,7184.75
1777433100,7184.5,7185.25,7184.5,7185
1777433160,7185.25,7185.25,7184.75,7184.75
1777433220,7184.75,7184.75,7184.5,7184.5
1777433280,7184.5,7185.25,7184.5,7185
1777433340,7185,7185.25,7184.5,7184.75
1777433400,7184.5,7184.75,7184,7184
1777433460,7183.75,7184.25,7183.5,7184
1777433520,7184.25,7184.25,7183.75,7184
1777433580,7184,7184.25,7183.5,7183.5
1777433640,7183.5,7183.75,7183.5,7183.75
1777433700,7183.75,7183.75,7183.5,7183.75
1777433760,7183.5,7183.5,7183.25,7183.5
1777433820,7183.5,7183.75,7183.25,7183.25
1777433880,7183.5,7183.75,7183.5,7183.75
1777433940,7183.5,7183.75,7183.25,7183.5
1777434000,7183.25,7183.5,7182.75,7183.25
1777434060,7183.25,7183.75,7183.25,7183.5
1777434120,7183.5,7183.75,7183.25,7183.25
1777434180,7183.25,7183.25,7182,7182.5
1777434240,7182.75,7182.75,7182.5,7182.75
1777434300,7182.5,7183,7182.25,7182.75
1777434360,7182.75,7182.75,7182.75,7182.75
1777434420,7182.5,7182.5,7182,7182
1777434480,7182,7182,7181.75,7182
1777434540,7182,7182,7181.75,7181.75
1777434600,7182,7182.25,7181.75,7182
1777434660,7182,7182,7181.5,7182
1777434720,7182,7182.5,7181.25,7181.5
1777434780,7181.5,7181.75,7181.5,7181.75
1777434840,7181.75,7181.75,7181.5,7181.75
1777434900,7181.75,7181.75,7181.25,7181.25
1777434960,7181.25,7182,7181.25,7182
1777435020,7182.25,7182.5,7181.75,7182.25
1777435080,7182.5,7182.75,7182,7182.75
1777435140,7182.75,7182.75,7182.5,7182.5
1777435200,7182.5,7183.25,7182.5,7183.25
1777435260,7183.5,7184.25,7183.5,7183.75
1777435320,7183.75,7183.75,7183.25,7183.75
1777435380,7183.5,7183.5,7183.25,7183.25
1777435440,7183.25,7183.5,7183.25,7183.25
1777435500,7183.5,7183.75,7183.5,7183.5
1777435560,7183.5,7184,7183.5,7184
1777435620,7183.75,7184,7183.5,7184
1777435680,7183.75,7184,7183.75,7184
1777435740,7184,7184.5,7184,7184.5
1777435800,7184.25,7184.75,7184,7184.25
1777435860,7184.25,7184.25,7183.75,7183.75
1777435920,7183.75,7184.5,7183.75,7184.25
1777435980,7184.5,7184.75,7184.5,7184.75
1777436040,7184.5,7184.75,7184.5,7184.5
1777436100,7184.5,7184.75,7184.25,7184.25
1777436160,7184.25,7184.25,7184.25,7184.25
1777436220,7184.25,7184.5,7184.25,7184.25
1777436280,7184,7184,7183.75,7183.75
1777436340,7183.75,7184,7183.75,7184
1777436400,7184.25,7184.25,7183.75,7183.75
1777436460,7184,7184,7183.5,7184
1777436520,7184,7184.5,7183.75,7184.25
1777436580,7184.25,7184.25,7184,7184
1777436640,7184,7184,7183.75,7183.75
1777436700,7183.75,7184,7183.75,7184
1777436760,7184,7184.75,7183.75,7184.5
1777436820,7184.25,7184.5,7184.25,7184.5
1777436880,7184.5,7184.75,7184.25,7184.5
1777436940,7184.5,7184.5,7184.5,7184.5
1777437000,7184.25,7185.5,7184.25,7185.25
1777437060,7185.25,7185.5,7185,7185.5
1777437120,7185.5,7186.5,7185.5,7186.25
1777437180,7186,7186.75,7185.75,7186
1777437240,7186,7186.75,7186,7186.5
1777437300,7186.75,7187,7186.5,7186.5
1777437360,7186.5,7186.5,7186.25,7186.5
1777437420,7186.25,7186.75,7186.25,7186.25
1777437480,7186.25,7186.25,7185.75,7185.75
1777437540,7185.75,7185.75,7185.5,7185.75
1777437600,7185.75,7186,7185.5,7185.75
1777437660,7185.75,7185.75,7185.5,7185.5
1777437720,7185.25,7185.5,7185,7185.25
1777437780,7185.25,7185.5,7185.25,7185.5
1777437840,7185.25,7185.5,7185.25,7185.25
1777437900,7185,7185.25,7185,7185
1777437960,7185.25,7185.25,7185,7185
1777438020,7185,7185,7184.25,7184.75
1777438080,7185,7185,7185,7185
1777438140,7185,7185.75,7185,7185.75
1777438200,7185.5,7186,7185.5,7185.75
1777438260,7185.75,7185.75,7185.75,7185.75
1777438320,7185.75,7185.75,7185.5,7185.5
1777438380,7185.5,7185.5,7185,7185
1777438440,7185,7185,7184.5,7184.5
1777438500,7184.5,7184.75,7184.25,7184.25
1777438560,7184,7184.25,7184,7184.25
1777438620,7184.25,7184.5,7184.25,7184.25
1777438680,7184.5,7184.75,7184.25,7184.5
1777438740,7184.5,7184.5,7184.25,7184.5
1777438800,7184.75,7185,7184.5,7184.75
1777438860,7184.5,7184.75,7184,7184.75
1777438920,7184.75,7184.75,7184.5,7184.75
1777438980,7184.5,7185.25,7184.5,7185.25
1777439040,7185.5,7185.5,7185,7185.25
1777439100,7185,7185.75,7185,7185.75
1777439160,7185.75,7185.75,7184.75,7184.75
1777439220,7184.75,7184.75,7184,7184.25
1777439280,7184.25,7184.75,7184.25,7184.75
1777439340,7184.5,7184.5,7184,7184
1777439400,7183.75,7184,7183.25,7184
1777439460,7184,7184,7183.75,7184
1777439520,7184,7184,7183.25,7183.5
1777439580,7183.5,7183.75,7183.25,7183.5
1777439640,7183.25,7183.25,7182.5,7183
1777439700,7183,7183.25,7182.75,7183
1777439760,7183,7183.75,7183,7183.25
1777439820,7183.25,7183.5,7183,7183.25
1777439880,7183.25,7183.25,7182.75,7183
1777439940,7182.75,7182.75,7182.5,7182.75
1777440000,7183,7183.25,7183,7183
1777440060,7183,7183,7182.75,7182.75
1777440120,7182.5,7182.5,7182,7182.25
1777440180,7182.5,7183,7182.5,7183
1777440240,7183,7183.25,7182.25,7182.5
1777440300,7182.25,7182.75,7182,7182.5
1777440360,7182.5,7183,7182.5,7183
1777440420,7183,7183.5,7183,7183.5
1777440480,7183.5,7184.5,7183.5,7184.25
1777440540,7184.5,7185,7184.25,7184.75
1777440600,7184.75,7185.5,7184.75,7185.25
1777440660,7185,7185.25,7184.5,7184.5
1777440720,7184.5,7185,7184.5,7185
1777440780,7185,7185.5,7184.75,7184.75
1777440840,7184.75,7185,7184.5,7184.75
1777440900,7184.5,7184.75,7184.25,7184.5
1777440960,7184.5,7185.25,7184.5,7185.25
1777441020,7185.25,7185.75,7185.25,7185.75
1777441080,7185.75,7186.5,7185.5,7186
1777441140,7185.75,7186,7185.25,7186
1777441200,7186,7186,7185.5,7185.75
1777441260,7185.75,7186.25,7185.75,7186
1777441320,7186,7186.25,7185.75,7186.25
1777441380,7186.25,7186.5,7185.75,7186.25
1777441440,7186.25,7187,7186.25,7186.75
1777441500,7186.5,7187.25,7186.5,7187
1777441560,7186.75,7187.25,7186.25,7186.5
1777441620,7186.5,7187,7186.25,7187
1777441680,7187.25,7187.25,7186.5,7186.75
1777441740,7186.75,7187,7186.5,7186.5
1777441800,7186.5,7187,7186.5,7187
1777441860,7187,7187.25,7186.75,7186.75
1777441920,7187,7187,7186.75,7186.75
1777441980,7187,7187,7186.25,7186.25
1777442040,7186.25,7186.75,7186,7186.75
1777442100,7186.75,7187,7186.5,7186.75
1777442160,7186.75,7187.25,7186.75,7186.75
1777442220,7186.75,7187,7186,7186
1777442280,7185.75,7186,7185.25,7185.5
1777442340,7185.25,7185.5,7185,7185
1777442400,7185,7186.5,7184.75,7186.25
1777442460,7186.25,7188,7186.25,7187.5
1777442520,7187.25,7187.75,7186.75,7187.5
1777442580,7187.5,7187.75,7187.25,7187.25
1777442640,7187.25,7187.75,7187,7187.75
1777442700,7187.75,7188.5,7187.25,7188.25
1777442760,7188.25,7188.25,7187,7187.25
1777442820,7187.5,7187.5,7186.75,7186.75
1777442880,7186.75,7186.75,7186.25,7186.25
1777442940,7186.25,7186.75,7185.75,7186
1777443000,7186.25,7186.75,7186.25,7186.5
1777443060,7186.5,7186.5,7186,7186
1777443120,7186,7186,7185.25,7185.75
1777443180,7186,7186,7184.25,7184.25
1777443240,7184.5,7185,7184.25,7185
1777443300,7184.75,7184.75,7184,7184.5
1777443360,7184.25,7184.25,7183.25,7183.25
1777443420,7183.75,7184.5,7183.5,7184.5
1777443480,7184.5,7184.5,7184.25,7184.5
1777443540,7184.5,7184.5,7184.25,7184.25
1777443600,7184.25,7184.5,7183.5,7184.5
1777443660,7184.25,7184.5,7184.25,7184.25
1777443720,7184.25,7184.5,7183.75,7184.5
1777443780,7184.5,7184.5,7184,7184.25
1777443840,7184.5,7185,7183.75,7184
1777443900,7184,7184.5,7184,7184.25
1777443960,7184.25,7184.25,7183.5,7183.5
1777444020,7183.5,7184,7183.25,7183.5
1777444080,7183.5,7183.5,7182.5,7183.25
1777444140,7183.25,7184,7183.25,7183.25
1777444200,7183.25,7183.25,7182.75,7183
1777444260,7183,7183,7182.5,7183
1777444320,7183,7183.25,7182.75,7182.75
1777444380,7182.75,7183,7182,7182
1777444440,7182.25,7182.25,7181.75,7182.25
1777444500,7182.5,7182.5,7181.75,7182
1777444560,7181.75,7182.75,7181.75,7182.25
1777444620,7182.25,7182.25,7182,7182
1777444680,7181.75,7182,7181,7181.75
1777444740,7182,7183.5,7182,7183.25
1777444800,7183.25,7185.25,7183.25,7185.25
1777444860,7185.25,7185.25,7184.5,7184.5
1777444920,7184.5,7185.25,7183.5,7184.25
1777444980,7184,7184.5,7184,7184.25
1777445040,7184.25,7184.25,7183.75,7183.75
1777445100,7183.75,7184,7183.75,7184
1777445160,7183.75,7184.5,7182.75,7182.75
1777445220,7183,7184.25,7183,7184.25
1777445280,7184.25,7184.25,7183.5,7184
1777445340,7183.75,7184,7183.5,7183.75
1777445400,7183.5,7183.5,7181.75,7182
1777445460,7181.75,7181.75,7180.5,7180.75
1777445520,7180.75,7181,7179.75,7180.25
1777445580,7180.25,7180.5,7180,7180.25
1777445640,7180.25,7180.75,7180.25,7180.25
1777445700,7180,7180.5,7180,7180.25
1777445760,7180.25,7180.5,7180,7180.25
1777445820,7180.5,7180.5,7180.25,7180.5
1777445880,7180.25,7180.25,7179.75,7180.25
1777445940,7180,7180,7179.25,7179.75
1777446000,7179.5,7181.75,7179.5,7181
1777446060,7180.75,7181.5,7180.25,7181
1777446120,7181.25,7182.25,7181.25,7181.25
1777446180,7181.25,7182.25,7181.25,7181.25
1777446240,7181,7182.25,7181,7182
1777446300,7182,7183.5,7182,7182.5
1777446360,7182.5,7182.75,7181.5,7182
1777446420,7182,7183,7181.5,7182.5
1777446480,7182.25,7182.75,7181.75,7182
1777446540,7181.75,7181.75,7180.25,7180.25
1777446600,7180.25,7180.25,7178.75,7179
1777446660,7179,7179.25,7178,7178.75
1777446720,7178.75,7179,7178,7178
1777446780,7178.25,7178.25,7177,7177.5
1777446840,7177.5,7178,7177,7177.5
1777446900,7177.5,7177.75,7177.25,7177.5
1777446960,7177.5,7178.25,7177.25,7177.5
1777447020,7177.25,7178.25,7177,7178
1777447080,7178,7178,7176.75,7177.25
1777447140,7177.25,7177.5,7176,7176.25
1777447200,7176.25,7177.25,7175.75,7177.25
1777447260,7177.25,7177.5,7176.75,7177
1777447320,7177,7177.25,7176.25,7176.5
1777447380,7176.5,7177.25,7176.5,7177
1777447440,7176.75,7178.25,7176.25,7178
1777447500,7178,7179,7177.5,7177.75
1777447560,7177.5,7178,7176.5,7176.5
1777447620,7176.5,7177.5,7175.75,7177.5
1777447680,7177.5,7178.25,7177,7178.25
1777447740,7178.5,7178.75,7177.75,7178
1777447800,7178,7178.75,7177.75,7178.25
1777447860,7178,7179.75,7178,7179.25
1777447920,7178.75,7178.75,7177.75,7178
1777447980,7178,7178,7176.75,7177
1777448040,7177.25,7178.25,7176.75,7178.25
1777448100,7178.25,7178.25,7177.75,7178
1777448160,7178,7178.25,7177,7177.75
1777448220,7178,7179.5,7177.5,7179.25
1777448280,7179.25,7180.25,7178.75,7179.25
1777448340,7179,7179,7176,7176.75
1777448400,7177,7177.5,7176.5,7177.5
1777448460,7177.5,7178,7175.5,7176
1777448520,7175.75,7175.75,7174.75,7175
1777448580,7175,7175.75,7174.75,7175
1777448640,7175,7176.25,7174,7174.25
1777448700,7174.25,7174.5,7172.75,7173
1777448760,7172.75,7173,7169.5,7170.25
1777448820,7170.25,7172,7169.25,7172
1777448880,7172.25,7173.25,7172,7173
1777448940,7173,7174.25,7172.75,7173.5
1777449000,7173.5,7174.75,7173.25,7173.75
1777449060,7173.75,7173.75,7172,7172.5
1777449120,7172.5,7173,7171.25,7172.25
1777449180,7172.5,7174.5,7172,7173.5
1777449240,7173.5,7174.25,7173,7173.25
1777449300,7173.5,7174.5,7173.25,7174.5
1777449360,7174.75,7175.25,7174.25,7174.5
1777449420,7174.5,7175,7173.75,7175
1777449480,7175,7175.25,7174.25,7174.25
1777449540,7174.25,7174.75,7174.25,7174.5
1777449600,7174.75,7178.5,7174.75,7178
1777449660,7177.75,7179,7176.75,7179
1777449720,7179.25,7180.25,7176.25,7177.5
1777449780,7178,7178.75,7177.25,7177.75
1777449840,7177.5,7177.5,7175.75,7176.5
1777449900,7176.5,7177.25,7171.75,7172.75
1777449960,7173,7173.75,7170.75,7172.75
1777450020,7173,7173.25,7172.25,7173.25
1777450080,7173.5,7174.25,7171.5,7172.5
1777450140,7172.25,7172.5,7170.5,7172
1777450200,7172,7173.25,7171.25,7172.5
1777450260,7172.5,7173.25,7170.25,7170.5
1777450320,7170.5,7171.75,7169.25,7171.25
1777450380,7171.5,7172.25,7169.5,7169.5
1777450440,7169.75,7170.25,7169.5,7169.75
1777450500,7169.75,7170.25,7169,7169.75
1777450560,7169.5,7169.75,7166.5,7167.75
1777450620,7167.75,7170.25,7167,7169.5
1777450680,7169.5,7169.5,7167.75,7168.25
1777450740,7168.25,7171.25,7168.25,7171.25
1777450800,7171,7173.5,7171,7172.75
1777450860,7172.75,7174.25,7172.25,7173.75
1777450920,7174,7174.25,7173,7173.25
1777450980,7173.25,7173.75,7172.5,7173.75
1777451040,7173.5,7174.75,7173.25,7174
1777451100,7174.25,7176.5,7174,7176.25
1777451160,7176,7176.5,7175,7175.5
1777451220,7175.5,7176.25,7174.5,7174.75
1777451280,7174.75,7176.25,7174.5,7176
1777451340,7176,7176.5,7175.25,7175.5
1777451400,7175.5,7176,7174.5,7174.75
1777451460,7175,7175,7173.25,7173.5
1777451520,7173.75,7173.75,7170.5,7171.75
1777451580,7171.75,7171.75,7169.75,7170
1777451640,7170,7170,7167.25,7168.75
1777451700,7168.5,7170.5,7168.25,7168.75
1777451760,7168.75,7169.75,7167.75,7168.25
1777451820,7168,7169,7166.75,7167.25
1777451880,7167.75,7169,7167.75,7168.75
1777451940,7168.5,7169.5,7167,7168.75
1777452000,7169,7169.75,7167.5,7168
1777452060,7168,7169.75,7167.75,7169.75
1777452120,7170,7170,7169.25,7169.75
1777452180,7170,7172.25,7169.75,7171
1777452240,7171,7174.25,7171,7173.75
1777452300,7173.75,7175.5,7173.75,7173.75
1777452360,7174,7175.25,7173.5,7174.25
1777452420,7174.25,7174.5,7172.5,7172.75
1777452480,7172.75,7173.75,7171.75,7172
1777452540,7172,7172.5,7171.75,7172
1777452600,7172,7172.5,7171.25,7172.25
1777452660,7172.25,7173.5,7172.25,7173
1777452720,7173,7174,7171.75,7172
1777452780,7171.75,7172.5,7171,7171.75
1777452840,7171.75,7173,7171.75,7173
1777452900,7173,7173.75,7172.5,7173.25
1777452960,7173.25,7173.5,7172.5,7172.5
1777453020,7172.75,7172.75,7171.25,7171.5
1777453080,7171.75,7172.75,7171.25,7172.75
1777453140,7172.75,7174,7172.5,7172.75
1777453200,7172.75,7172.75,7171.75,7172
1777453260,7172,7173.5,7170.5,7173.5
1777453320,7173.25,7174.25,7172.25,7172.5
1777453380,7172.5,7173,7170.75,7171
1777453440,7171,7171.5,7170.5,7171.5
1777453500,7171.25,7171.5,7170,7171.25
1777453560,7171.5,7172.75,7171,7172.25
1777453620,7172,7172.75,7172,7172
1777453680,7171.75,7172.75,7171.75,7172.5
1777453740,7172.75,7173.5,7172,7173.25
1777453800,7173.25,7175,7173.25,7173.25
1777453860,7173.25,7174.5,7173.25,7174
1777453920,7173.75,7175.75,7173.75,7175.25
1777453980,7175,7175.5,7174.75,7175.5
1777454040,7175.5,7175.75,7174,7174.25
1777454100,7174,7174.75,7173.75,7174.5
1777454160,7174.75,7175.25,7174.75,7174.75
1777454220,7174.75,7175.5,7173.5,7175.5
1777454280,7175.5,7177,7175.25,7176.25
1777454340,7176,7177,7175.75,7176.75
1777454400,7176.75,7176.75,7175,7175
1777454460,7174.75,7175,7172.75,7173.5
1777454520,7173.25,7174.25,7173.25,7173.75
1777454580,7174,7174.75,7173.5,7174.5
1777454640,7174.25,7174.5,7174,7174.25
1777454700,7174,7174,7172.25,7172.5
1777454760,7172.5,7174,7172.5,7174
1777454820,7174,7174.75,7174,7174.25
1777454880,7174,7174.25,7173.75,7174
1777454940,7174.25,7174.5,7174,7174
1777455000,7174,7174.5,7173.5,7173.75
1777455060,7173.75,7174.25,7173.5,7174
1777455120,7174.5,7175.25,7174.5,7175
1777455180,7175.25,7176.5,7175,7175.5
1777455240,7175.5,7176.25,7175.25,7175.25
1777455300,7175.75,7177.75,7175.75,7177.25
1777455360,7177,7177.25,7175.5,7175.5
1777455420,7175.5,7176,7174.5,7176
1777455480,7176.25,7176.25,7175,7175.25
1777455540,7175.25,7175.5,7172,7173.5
1777455600,7173.5,7173.5,7171.25,7172.75
1777455660,7172.75,7173.25,7172,7172.25
1777455720,7172.5,7172.75,7171.5,7172
1777455780,7172,7172.75,7171.5,7172.75
1777455840,7172.75,7172.75,7171,7171.5
1777455900,7171.75,7172.5,7170.25,7172
1777455960,7171.75,7172.25,7171.5,7172
1777456020,7172,7172.5,7171,7171.25
1777456080,7171.25,7171.75,7170.5,7171.5
1777456140,7171,7172.75,7170,7172.5
1777456200,7172.5,7172.5,7171.25,7172.25
1777456260,7172,7173,7171.75,7172.5
1777456320,7172.5,7173,7172,7173
1777456380,7173,7173.5,7172.5,7172.75
1777456440,7173,7173.25,7172,7172.25
1777456500,7172.25,7172.25,7171,7171
1777456560,7171,7171,7167.5,7168
1777456620,7168.25,7170,7167.75,7170
1777456680,7170.25,7170.75,7169,7170
1777456740,7170.5,7170.5,7168.75,7169.5
1777456800,7169.25,7169.25,7167.25,7167.25
1777456860,7167.25,7168.25,7166.5,7167.75
1777456920,7168,7169.75,7168,7169
1777456980,7169.5,7172.75,7169.5,7171.75
1777457040,7172,7173,7171.25,7171.75
1777457100,7171.75,7172.25,7170.75,7171.5
1777457160,7171.25,7172.25,7171,7171.75
1777457220,7172,7172,7170,7170.25
1777457280,7170,7170.25,7169.5,7170.25
1777457340,7170.5,7172,7170.25,7172
1777457400,7171.75,7172.5,7171.75,7172
1777457460,7172,7172.25,7171.75,7172
1777457520,7172,7172,7171.75,7172
1777457580,7172,7173.5,7172,7173.25
1777457640,7173,7174,7173,7173.75
1777457700,7173.75,7174.75,7173.75,7174
1777457760,7174.25,7177,7174.25,7176.5
1777457820,7176.5,7177.25,7176.5,7176.75
1777457880,7176.75,7178.25,7176.75,7177.75
1777457940,7177.5,7179.25,7177.5,7178.75
1777458000,7178.75,7179,7177.75,7178
1777458060,7178,7178.25,7177,7177.75
1777458120,7178,7179.5,7178,7179.25
1777458180,7179.5,7180.25,7179,7179.75
1777458240,7179.75,7181,7178.75,7179.25
1777458300,7179.25,7179.5,7178.25,7178.5
1777458360,7178.5,7180,7178.25,7179.75
1777458420,7179.75,7180.5,7179.75,7180
1777458480,7180,7180,7179.25,7179.25
1777458540,7179.25,7179.25,7179,7179.25
1777458600,7179.25,7180.25,7179.25,7179.75
1777458660,7179.75,7180.5,7179.25,7180.25
1777458720,7180.25,7181,7180.25,7180.5
1777458780,7180.25,7180.5,7179,7179.5
1777458840,7179.25,7179.5,7178.75,7179
1777458900,7179,7179.5,7178.5,7179.5
1777458960,7179.5,7179.75,7179.25,7179.5
1777459020,7179.5,7179.5,7179,7179.25
1777459080,7179.25,7179.5,7178,7178.25
1777459140,7178.5,7179,7178,7178.5
1777459200,7178.5,7178.5,7177.5,7178
1777459260,7177.75,7178,7177,7177.5
1777459320,7177.5,7177.5,7176,7176.5
1777459380,7176.25,7176.75,7175.25,7176.75
1777459440,7176.75,7177,7176.25,7176.5
1777459500,7176.5,7177,7176,7176.5
1777459560,7176.5,7178,7176,7178
1777459620,7177.75,7177.75,7176.5,7177.25
1777459680,7177.25,7177.5,7175.75,7176.25
1777459740,7176,7177,7175.75,7177
1777459800,7177,7177.5,7176.5,7177.5
1777459860,7177.5,7177.75,7176.5,7176.75
1777459920,7176.5,7176.75,7176,7176.25
1777459980,7176.25,7177.25,7175.75,7177
1777460040,7177.25,7177.25,7176,7176.5
1777460100,7176.5,7176.5,7175,7175.5
1777460160,7175.5,7175.5,7174.75,7175
1777460220,7175.25,7175.25,7174.5,7175.25
1777460280,7175.25,7176,7175,7175
1777460340,7175,7176.5,7175,7176.5
1777460400,7176.25,7177.5,7176,7176.5
1777460460,7176.75,7177.75,7176.5,7177.5
1777460520,7177.25,7177.75,7176.5,7177.5
1777460580,7177.5,7178.5,7176.75,7177.75
1777460640,7177.75,7178,7177.25,7177.5
1777460700,7177.5,7177.5,7175,7175.75
1777460760,7175.5,7176,7173.5,7173.5
1777460820,7173.75,7175.25,7173,7175
1777460880,7175,7175.75,7174.75,7175.5
1777460940,7175.5,7175.5,7173.5,7174.75
1777461000,7174.75,7175.75,7174.5,7175.25
1777461060,7175.25,7176,7175,7176
1777461120,7176,7177,7176,7176.5
1777461180,7176.5,7177.5,7176.5,7176.75
1777461240,7176.75,7177,7176.25,7176.5
1777461300,7176.5,7177,7176,7176.5
1777461360,7176.25,7177.25,7176,7176.75
1777461420,7176.75,7177.5,7176.5,7177.25
1777461480,7177,7178,7176,7176
1777461540,7176,7176.75,7176,7176.25
1777461600,7176.5,7176.5,7175.5,7176
1777461660,7176.25,7177.5,7176.25,7176.25
1777461720,7176.25,7176.5,7174.75,7174.75
1777461780,7174.75,7175.5,7174.5,7175.5
1777461840,7175.5,7175.5,7175,7175.25
1777461900,7175.25,7175.75,7175,7175
1777461960,7175,7176,7175,7176
1777462020,7176,7176.75,7175.25,7175.75
1777462080,7175.75,7176.25,7175.25,7175.5
1777462140,7175.25,7175.25,7174,7174.75
1777462200,7174.5,7175.25,7174.25,7175
1777462260,7175,7175.25,7174.5,7174.75
1777462320,7174.75,7175.75,7174.75,7175.5
1777462380,7175.5,7176,7175.25,7175.5
1777462440,7175.25,7175.25,7173.75,7174.75
1777462500,7174.75,7178.25,7174.75,7178
1777462560,7177.5,7179.5,7177.5,7178.75
1777462620,7178.75,7180,7178,7179.25
1777462680,7179.25,7180,7177.25,7177.5
1777462740,7177.75,7177.75,7174,7174.5
1777462800,7174.5,7174.75,7171.5,7173.25
1777462860,7173,7175.25,7173,7174
1777462920,7173.75,7173.75,7172.25,7172.5
1777462980,7172.25,7173,7171,7171.5
1777463040,7171.5,7173.5,7171.5,7172.75
1777463100,7172.75,7173.5,7172,7173.5
1777463160,7173.5,7173.75,7171.75,7172
1777463220,7172.25,7172.25,7170.5,7170.75
1777463280,7171,7171.25,7169.75,7170.5
1777463340,7170.75,7172,7170.25,7171.5
1777463400,7171.75,7173.75,7171.75,7173.25
1777463460,7173.25,7174.5,7173,7174.25
1777463520,7174.25,7175.5,7174,7175.25
1777463580,7175.25,7175.25,7174.25,7174.5
1777463640,7174.75,7175,7173,7173.25
1777463700,7173.25,7173.75,7173.25,7173.75
1777463760,7173.75,7174.25,7172.5,7174.25
1777463820,7174.5,7174.5,7173.75,7174.5
1777463880,7174.75,7174.75,7173.75,7173.75
1777463940,7173.75,7173.75,7173,7173.5
1777464000,7173.25,7174,7172.5,7173.25
1777464060,7173,7173.25,7172.25,7173
1777464120,7172.75,7174,7172.5,7173.25
1777464180,7173.5,7173.5,7171.5,7171.75
1777464240,7172,7172,7171,7171.5
1777464300,7171.5,7173.25,7171.5,7172.5
1777464360,7172.5,7174.5,7172.25,7174.25
1777464420,7174,7174.25,7173.25,7174
1777464480,7174,7174.5,7172.75,7173.25
1777464540,7173.25,7173.5,7172.75,7173
1777464600,7173,7173.5,7172.75,7173.25
1777464660,7173,7173.5,7172.5,7172.75
1777464720,7173,7173.75,7172.75,7173.25
1777464780,7173.5,7174.5,7173,7173
1777464840,7173,7173.25,7170,7171
1777464900,7171.25,7172.5,7170.25,7172
1777464960,7172.25,7173.25,7172,7172.5
1777465020,7172.5,7173,7171.75,7172
1777465080,7172,7173.25,7172,7173.25
1777465140,7173,7173,7172.25,7172.25
1777465200,7172.25,7172.5,7171.5,7172.25
1777465260,7172.25,7173,7172,7172.5
1777465320,7172.5,7173.25,7167,7171
1777465380,7171.25,7172.75,7170.75,7172
1777465440,7172.5,7172.75,7171.5,7171.75
1777465500,7172,7173.25,7171.75,7172.25
1777465560,7172.5,7172.5,7171.75,7172.25
1777465620,7172.5,7174.75,7172.5,7174
1777465680,7173.75,7173.75,7172.5,7172.5
1777465740,7172.25,7172.25,7169.75,7170.75
1777465800,7171,7171,7165.5,7166.25
1777465860,7166,7167,7163.5,7166.25
1777465920,7166,7167.25,7164.75,7165.25
1777465980,7165,7165.75,7163.5,7164.75
1777466040,7164.5,7165,7161.25,7163
1777466100,7163,7166.5,7162.25,7166.5
1777466160,7166.25,7167,7165,7165.5
1777466220,7165.25,7166.75,7165,7166.5
1777466280,7166.75,7168,7166.25,7167
1777466340,7167,7168.25,7166.5,7168
1777466400,7168.25,7169.75,7167.25,7169.25
1777466460,7169.5,7170.75,7169,7169.5
1777466520,7169.75,7170.25,7169.25,7169.5
1777466580,7169.25,7170.75,7168.75,7170.5
1777466640,7170.75,7171.5,7169.75,7170
1777466700,7170,7170,7169,7169.75
1777466760,7170,7170.5,7169,7169.25
1777466820,7169.25,7170,7169,7169
1777466880,7168.75,7168.75,7167.25,7167.5
1777466940,7167.75,7168,7167.25,7167.5
1777467000,7167.5,7167.5,7166,7166.75
1777467060,7166.75,7168.25,7166.25,7167.5
1777467120,7167.75,7169.5,7167.5,7168.5
1777467180,7168.5,7169.5,7168.5,7169.25
1777467240,7169.25,7169.75,7167.5,7167.75
1777467300,7167.75,7168,7167,7167
1777467360,7167,7168,7167,7167.5
1777467420,7167.5,7168.75,7167.5,7168.5
1777467480,7168.25,7169,7168.25,7169
1777467540,7169,7169.25,7168.25,7169
1777467600,7169,7171,7169,7170.75
1777467660,7170.75,7171.75,7170,7171.25
1777467720,7171.25,7174,7170.75,7173.25
1777467780,7173,7173.25,7171.5,7172
1777467840,7172,7172.25,7170.25,7170.75
1777467900,7171,7172.5,7170.5,7172
1777467960,7171.75,7171.75,7171,7171.25
1777468020,7171.25,7172.5,7171,7172.5
1777468080,7172.5,7173,7172,7172.25
1777468140,7172.25,7172.5,7170.75,7171
1777468200,7171.25,7171.25,7170.5,7170.75
1777468260,7170.75,7172,7170.5,7171.75
1777468320,7171.75,7172,7171.5,7172
1777468380,7172,7172,7170.75,7171.25
1777468440,7171.25,7171.5,7170.25,7170.75
1777468500,7170.75,7171.75,7170.25,7170.25
1777468560,7170,7171.25,7169.75,7171
1777468620,7171,7171.5,7170.75,7171.25
1777468680,7171.25,7172,7170.75,7171
1777468740,7171,7171.5,7167.25,7167.5
1777468800,7167.75,7168.5,7165.25,7167
1777468860,7166.75,7167.75,7165.5,7165.5
1777468920,7165.75,7165.75,7163.75,7165.25
1777468980,7165.5,7165.5,7162.75,7164
1777469040,7164,7166,7163.25,7165.75
1777469100,7165.75,7166.25,7163,7164
1777469160,7163.75,7164.75,7162.75,7163.25
1777469220,7163.25,7164.25,7161.75,7163
1777469280,7163,7164.25,7162.5,7164
1777469340,7164,7165,7162.75,7163.25
1777469400,7163.25,7165,7157.25,7158.5
1777469460,7158.5,7160.25,7154.25,7156
1777469520,7155.75,7157.5,7152.5,7152.75
1777469580,7153,7157.5,7152.75,7157.25
1777469640,7157,7158,7154,7154.25
1777469700,7154.5,7156.75,7152.75,7156.5
1777469760,7156.5,7158.75,7154.75,7156.5
1777469820,7156.75,7159.75,7156.75,7158
1777469880,7158.25,7158.75,7155.75,7156.5
1777469940,7156.5,7159,7155.5,7158.5
1777470000,7158.75,7159.5,7156,7157
1777470060,7157,7159,7156.5,7157.25
1777470120,7157.25,7158,7155,7157.75
1777470180,7157.5,7157.75,7154.25,7154.5
1777470240,7154.75,7156.25,7153.25,7153.25
1777470300,7153.5,7153.5,7150.5,7150.75
1777470360,7150.75,7154,7149.5,7152.5
1777470420,7152.5,7155.75,7151.75,7152.5
1777470480,7152.5,7153.75,7150.75,7152.75
1777470540,7152.75,7154.25,7152.5,7152.75
1777470600,7152.75,7157.75,7152.25,7157
1777470660,7157.25,7157.5,7154.5,7157
1777470720,7156.75,7156.75,7154.25,7155
1777470780,7154.75,7159.75,7154.5,7159
1777470840,7159,7160.5,7158.5,7159.25
1777470900,7159.5,7161.25,7158.75,7160.5
1777470960,7160.5,7163.5,7160.5,7162.5
1777471020,7162.75,7162.75,7161.5,7161.5
1777471080,7161.5,7161.5,7158.75,7159.5
1777471140,7159.75,7162.25,7159,7160.75
1777471200,7160.75,7161.25,7156.75,7156.75
1777471260,7156.75,7158.75,7156,7156.25
1777471320,7156.25,7160,7155.75,7159.75
1777471380,7159.75,7160,7157.75,7157.75
1777471440,7157.75,7161,7157,7160.5
1777471500,7160.5,7161,7159,7161
1777471560,7161,7161.75,7159,7160.25
1777471620,7160.25,7161.25,7158.5,7160
1777471680,7159.75,7161.5,7158.5,7160
1777471740,7160,7162,7159.75,7161.75
1777471800,7161.5,7163.25,7160.5,7162.25
1777471860,7162.25,7163,7161,7161
1777471920,7161,7164.5,7160.75,7164
1777471980,7164,7166,7163.5,7165.25
1777472040,7165,7165.5,7164.25,7164.75
1777472100,7164.75,7165.75,7163,7165
1777472160,7165,7167,7164.5,7165
1777472220,7165,7166.5,7164.75,7164.75
1777472280,7165,7165.75,7163.75,7164
1777472340,7164,7164.5,7162.75,7163.5
1777472400,7163.5,7165,7163,7164.5
1777472460,7164.5,7165.25,7162.75,7164.5
1777472520,7164.75,7166.5,7164.75,7165.75
1777472580,7165.75,7167.5,7165.25,7166.75
1777472640,7166.75,7167.25,7165,7166.75
1777472700,7167,7168.25,7167,7167.25
1777472760,7167.25,7168.75,7167,7167
1777472820,7166.75,7169.25,7166.5,7167.75
1777472880,7168,7169.5,7167,7169
1777472940,7169,7169.75,7167.75,7168
1777473000,7168.25,7168.5,7166.25,7167.5
1777473060,7167.75,7169.25,7166.25,7169.25
1777473120,7169,7171.25,7169,7170.25
1777473180,7170.25,7171.75,7170.25,7171
1777473240,7171,7172.75,7170.5,7172.25
1777473300,7172.25,7174.25,7171.5,7173.25
1777473360,7173.5,7174.5,7172.75,7173.75
1777473420,7174,7175.25,7172.75,7173
1777473480,7173,7173.75,7172,7173.5
1777473540,7173.5,7173.75,7171.5,7172
1777473600,7172,7172,7170.25,7172
1777473660,7171.75,7172,7170.25,7170.5
1777473720,7170.25,7172.5,7170,7172
1777473780,7171.75,7171.75,7170,7170.5
1777473840,7170.5,7172,7170.25,7171.75
1777473900,7172,7172.5,7170.5,7170.75
1777473960,7170.5,7171.5,7170,7170.25
1777474020,7170,7170.25,7168.25,7169.25
1777474080,7169.25,7171.25,7169.25,7171.25
1777474140,7171.25,7171.5,7168.25,7168.25
1777474200,7168.25,7169.25,7167.5,7169
1777474260,7168.75,7169.5,7167.75,7168.75
1777474320,7168.5,7169.5,7167.75,7168.5
1777474380,7168.75,7169.75,7168.5,7169.25
1777474440,7169.5,7170.5,7169.5,7169.75
1777474500,7169.75,7169.75,7167.75,7168.5
1777474560,7168.25,7169.25,7167.5,7167.75
1777474620,7167.5,7169,7167.5,7168.75
1777474680,7168.75,7169.25,7167.25,7168
1777474740,7168,7168.75,7167.25,7168
1777474800,7167.75,7168.5,7167.25,7168.5
1777474860,7168.5,7168.5,7164.5,7165.5
1777474920,7165.5,7165.75,7164,7165.25
1777474980,7165,7165.5,7162.5,7163.25
1777475040,7163.25,7165,7162.75,7164.5
1777475100,7164.25,7165,7163.25,7164.75
1777475160,7164.5,7165.5,7164.25,7165.25
1777475220,7165.25,7165.25,7162.5,7163
1777475280,7162.75,7163,7161.5,7161.5
1777475340,7161.5,7161.75,7159.25,7159.5
1777475400,7159.25,7160,7158.5,7158.75
1777475460,7158.75,7159.5,7156.25,7156.75
1777475520,7156.75,7157,7154.75,7156.75
1777475580,7156.5,7157.75,7155.75,7156.5
1777475640,7156.25,7157,7155.5,7155.75
1777475700,7155.75,7158.75,7154.25,7157.75
1777475760,7157.75,7160.5,7157.75,7160.5
1777475820,7160.25,7162,7160,7161.5
1777475880,7161.5,7162,7158.75,7159.25
1777475940,7159.25,7160,7158.25,7160
1777476000,7160,7161,7159.25,7160.5
1777476060,7160.5,7161.25,7159.25,7161.25
1777476120,7161.25,7162,7160.25,7160.25
1777476180,7160,7161.25,7159.5,7161.25
1777476240,7161,7162.75,7161,7161.5
1777476300,7161.25,7163.25,7161.25,7163.25
1777476360,7163,7163.25,7162,7163
1777476420,7163,7163.75,7160.75,7162
1777476480,7162,7162.25,7159.25,7161
1777476540,7161,7164.5,7160.5,7162
1777476600,7161.75,7164,7161.75,7162.5
1777476660,7162.25,7163.25,7161.25,7163
1777476720,7162.75,7162.75,7158.25,7160.25
1777476780,7160.5,7161.25,7159.75,7161.25
1777476840,7161.25,7161.75,7158.75,7161.75
1777476900,7161.75,7162.75,7161,7162.5
1777476960,7162.25,7162.5,7160.25,7161.75
1777477020,7161.5,7162.25,7159.75,7160
1777477080,7160,7160,7158.5,7159.5
1777477140,7159.25,7160.25,7158.5,7160
1777477200,7159.75,7160.25,7158.25,7158.25
1777477260,7158.5,7158.75,7157.5,7157.5
1777477320,7157.5,7159.75,7157.25,7159.75
1777477380,7159.75,7161,7159,7159.5
1777477440,7159.5,7160,7157.25,7159
1777477500,7158.75,7162.5,7158.5,7162
1777477560,7162,7162.75,7161.25,7161.5
1777477620,7161.5,7162.75,7161,7161.5
1777477680,7161.5,7161.75,7160.5,7161
1777477740,7160.75,7162.5,7160.25,7162
1777477800,7162,7163.75,7162,7163
1777477860,7163.25,7163.5,7154,7159.5
1777477920,7159.5,7161.25,7154,7157.5
1777477980,7157.5,7157.75,7149,7150
1777478040,7150,7150.25,7145.25,7148.75
1777478100,7148.75,7152,7145.25,7152
1777478160,7151.75,7153,7148.75,7149.5
1777478220,7149.75,7150.75,7148,7149.25
1777478280,7149.25,7153.75,7149,7153.5
1777478340,7153.25,7154.75,7150.25,7153.5
1777478400,7153.75,7154.75,7152.25,7153.5
1777478460,7153.75,7156.75,7153,7156.25
1777478520,7156.5,7157.5,7155.25,7156.75
1777478580,7156.75,7157.25,7155,7156.5
1777478640,7156.5,7158,7156.25,7157.75
1777478700,7157.75,7158.25,7156.25,7157.75
1777478760,7157.5,7159.75,7157.25,7158
1777478820,7158,7159.25,7155.5,7159
1777478880,7158.75,7160,7158.75,7159.25
1777478940,7159.25,7160.25,7157.25,7158
1777479000,7158,7160.5,7157,7160
1777479060,7159.75,7160.75,7158,7158.25
1777479120,7158.25,7158.5,7156.75,7158.5
1777479180,7158.5,7158.75,7157.25,7157.5
1777479240,7157.25,7157.25,7155.5,7155.75
1777479300,7155.75,7158.75,7155.25,7157.5
1777479360,7157.25,7158,7156.25,7156.25
1777479420,7156.25,7156.25,7154.5,7154.75
1777479480,7154.75,7155.25,7152.75,7153.75
1777479540,7154,7154.5,7151.5,7152.25
1777479600,7152.25,7155,7151.75,7154.25
1777479660,7154.25,7155.5,7153,7153
1777479720,7153.25,7153.75,7152.5,7152.5
1777479780,7152.5,7155,7152.5,7154.75
1777479840,7155,7156.25,7154.5,7155.5
1777479900,7155.75,7156.75,7153,7153
1777479960,7153.25,7154.75,7152.75,7154
1777480020,7154,7155,7152.75,7153
1777480080,7153.25,7153.25,7151.75,7152.25
1777480140,7152,7152.75,7149,7150.75
1777480200,7150.75,7150.75,7147.5,7147.75
1777480260,7147.75,7148.25,7145.25,7146.75
1777480320,7146.75,7148.5,7145.25,7148
1777480380,7148,7148.75,7144.25,7144.75
1777480440,7144.75,7144.75,7142,7144
1777480500,7144,7145.5,7143,7145.25
1777480560,7145,7146.75,7143,7144.5
1777480620,7144.5,7146,7143.25,7144
1777480680,7144.25,7147.25,7144.25,7147
1777480740,7146.75,7148.25,7146.75,7147.5
1777480800,7147.75,7152,7147.75,7151
1777480860,7151,7151.25,7147.75,7149.5
1777480920,7149.5,7150.75,7148.75,7148.75
1777480980,7149,7151,7148.5,7150.75
1777481040,7150.75,7151.25,7150.25,7150.75
1777481100,7151,7151.25,7149,7150
1777481160,7150.25,7151.5,7150,7150.25
1777481220,7150.25,7151,7149.75,7150.25
1777481280,7150.25,7151.25,7148.75,7151
1777481340,7151.25,7152.5,7150.5,7151.25
1777481400,7151,7152.5,7150,7152.25
1777481460,7152.25,7153.75,7152,7153.25
1777481520,7153.25,7153.75,7151.75,7152.25
1777481580,7152.25,7152.75,7150,7150
1777481640,7150.25,7151.75,7149.75,7151
1777481700,7151.25,7152,7150.75,7151.5
1777481760,7151.75,7152,7149,7149
1777481820,7149,7149,7147.5,7148.75
1777481880,7148.75,7149.75,7148,7149.5
1777481940,7149.25,7150.25,7147.25,7150.25
1777482000,7150,7150.75,7148.75,7149.5
1777482060,7149.25,7149.5,7146.75,7147
1777482120,7146.75,7148,7146,7148
1777482180,7148,7148.5,7145.5,7146
1777482240,7145.75,7148.75,7145.25,7148.5
1777482300,7148.5,7150,7147.5,7149.5
1777482360,7149.5,7150.75,7149.25,7149.5
1777482420,7149.25,7151,7148.75,7150.25
1777482480,7150.25,7151,7149.5,7149.5
1777482540,7149.75,7150.25,7148.5,7150
1777482600,7150,7151,7149.75,7150.75
1777482660,7151,7151.5,7149.25,7149.5
1777482720,7149.5,7150.25,7148.25,7148.75
1777482780,7148.75,7149.25,7148.5,7149
1777482840,7149.25,7150,7148.25,7149.75
1777482900,7149.75,7149.75,7147,7148
1777482960,7148,7149.25,7148,7148.75
1777483020,7148.75,7151,7148.75,7150.75
1777483080,7150.75,7150.75,7149.5,7149.75
1777483140,7149.5,7150,7148.75,7149.5
1777483200,7149.25,7154.75,7149.25,7151.5
1777483260,7151.25,7152,7150.25,7151.25
1777483320,7151.25,7152.25,7150.5,7150.5
1777483380,7150.5,7152.5,7150.5,7152
1777483440,7152,7152,7149.75,7150.5
1777483500,7150.5,7150.5,7148.75,7149.5
1777483560,7149.75,7150.25,7148.75,7149.25
1777483620,7149.25,7149.5,7148.5,7149.25
1777483680,7149.25,7151.5,7148.75,7151
1777483740,7151,7152.5,7150.25,7152.25
1777483800,7152.5,7153.75,7152.25,7153
1777483860,7153,7155.75,7151.75,7153.5
1777483920,7153.25,7155.75,7152.25,7154.25
1777483980,7154.5,7155.5,7154,7155.5
1777484040,7155.75,7155.75,7152.75,7153
1777484100,7153,7153.5,7152.5,7153.25
1777484160,7153.25,7154.25,7152.75,7154
1777484220,7154.25,7154.25,7153,7154.25
1777484280,7154.25,7154.25,7152.75,7153.75
1777484340,7153.75,7154.75,7153.75,7153.75
1777484400,7154,7154.5,7152.25,7152.5
1777484460,7152.5,7152.75,7151,7151.75
1777484520,7151.75,7152.5,7151.75,7152
1777484580,7151.75,7152.25,7151.25,7152
1777484640,7152,7153.75,7151.75,7153.5
1777484700,7153.5,7155,7153.5,7154.25
1777484760,7154.5,7155,7153.5,7154
1777484820,7153.75,7155,7153,7155
1777484880,7155,7160.5,7154.5,7157.75
1777484940,7157.75,7159.75,7155.75,7158
1777485000,7158,7159.75,7157.25,7159.75
1777485060,7159.5,7160.75,7158.75,7159.5
1777485120,7159.5,7160.75,7158.25,7158.5
1777485180,7158.5,7158.75,7157.5,7157.5
1777485240,7157.5,7157.75,7156,7156.5
1777485300,7156.75,7157.25,7155.5,7157.25
1777485360,7157,7158.25,7156.75,7157
1777485420,7156.75,7157.5,7156,7157.5
1777485480,7157.25,7158,7156,7158
1777485540,7158.25,7159.5,7157.5,7159.25
1777485600,7159.25,7160.25,7150.5,7153.75
1777485660,7154,7157.25,7152.75,7154.5
1777485720,7154.5,7154.75,7151.25,7151.25
1777485780,7151.25,7151.25,7148.25,7148.75
1777485900,7147.75,7149,7146.5,7148.25
1777485960,7148,7149.5,7147.5,7148.25
1777486020,7148.5,7152,7146,7147.75
1777486080,7148,7148,7141.5,7142
1777486140,7142,7142.25,7140.5,7141.75
1777486200,7141.5,7142.25,7137.5,7141.5
1777486260,7141.5,7143.75,7141.5,7142.75
1777486320,7142.75,7144.75,7141.75,7143
1777486380,7143,7145.5,7142,7145
1777486440,7145,7145.25,7143.25,7143.5
1777486500,7143.75,7146.5,7142.75,7145.25
1777486560,7145.5,7149.75,7145.5,7148
1777486620,7148,7152.5,7147.75,7150.25
1777486680,7150.5,7152.25,7149.5,7151
1777486740,7151,7151,7148.25,7148.75
1777486800,7148.5,7152.5,7148,7152
1777486860,7151.75,7152.5,7149.75,7150
1777486920,7150,7150.5,7147.5,7148.25
1777486980,7148.25,7151,7147.5,7149.5
1777487040,7149.5,7150.75,7148.5,7148.75
1777487100,7148.75,7149,7145.5,7145.75
1777487160,7146,7146.5,7144.5,7145.25
1777487220,7145.25,7147.75,7145.25,7146.75
1777487280,7146.5,7146.75,7145.5,7146.25
1777487340,7146,7146.25,7145,7145.75
1777487400,7145.75,7146.25,7142.75,7142.75
1777487460,7142.75,7144.5,7140.75,7141.5
1777487520,7141.5,7144.25,7140.5,7144.25
1777487580,7144.25,7146.75,7144.25,7144.5
1777487640,7144.5,7145.5,7142.25,7143.75
1777487700,7143.75,7150.25,7143.25,7147
1777487760,7147,7155.25,7147,7151.5
1777487820,7151.25,7152.25,7143,7148.5
1777487880,7148.75,7149.75,7145,7146.5
1777487940,7146.25,7148.5,7146,7147.25
1777488000,7147.25,7147.75,7144,7147.25
1777488060,7147.25,7147.75,7144.5,7145.25
1777488120,7145.25,7147.5,7143.75,7147
1777488180,7146.75,7147.5,7144.75,7146.25
1777488240,7146.5,7146.75,7139.75,7140.25
1777488300,7140.25,7143,7137,7142.75
1777488360,7143,7144.25,7139,7142
1777488420,7142,7148.5,7141.75,7146.5
1777488480,7146.5,7147.75,7145.5,7146.5
1777488540,7146.75,7149.25,7146,7148
1777488600,7148.25,7152.5,7148.25,7151
1777488660,7151,7153.5,7150.5,7151
1777488720,7151,7152.75,7149.5,7152.5
1777488780,7152.75,7152.75,7149.75,7150.75
1777488840,7150.75,7150.75,7148.5,7149.25
1777488900,7149.25,7153.75,7148.75,7153
1777488960,7152.75,7155.5,7152.75,7153.5
1777489020,7153.5,7157.5,7153,7155.75
1777489080,7155.75,7159.25,7155.5,7157.75
1777489140,7157.75,7160,7157.75,7158.75
1777489200,7159,7161.25,7158.5,7159
1777489260,7158.75,7160.25,7157.75,7159
1777489320,7159,7159.25,7156.75,7157
1777489380,7157,7158.75,7155.75,7158
1777489440,7158,7160.25,7156.5,7157
1777489500,7157,7157.25,7153,7153.25
1777489560,7153,7156.75,7153,7156
1777489620,7156,7157.25,7155.5,7156.5
1777489680,7156.5,7159,7155.25,7157
1777489740,7157,7158.25,7156.5,7157.75
1777489800,7157.75,7161,7156.5,7159.25
1777489860,7159.25,7162.25,7159,7160.25
1777489920,7160.25,7163,7159,7162
1777489980,7162.25,7164.5,7162,7163.25
1777490040,7163.25,7166.25,7163,7165.5
1777490100,7165.75,7168.25,7165.5,7165.75
1777490160,7165.75,7166.5,7164,7164.75
1777490220,7164.5,7167.5,7163.75,7164.5
1777490280,7164.5,7166.75,7164.25,7165.25
1777490340,7165,7167,7165,7166
1777490400,7166,7166.5,7164,7164.25
1777490460,7164,7165,7162.5,7163.75
1777490520,7164,7165.25,7163.25,7163.5
1777490580,7163.5,7164.25,7162,7163.25
1777490640,7163.5,7166,7163,7165.25
1777490700,7165.5,7166.5,7164.75,7164.75
1777490760,7164.75,7164.75,7163.25,7164.5
1777490820,7164.5,7165.75,7164.5,7165.75
1777490880,7165.75,7166.5,7163,7163.25
1777490940,7163.25,7163.75,7162,7162
1777491000,7162,7162.5,7159.5,7159.75
1777491060,7159.5,7161,7158.5,7158.75
1777491120,7158.5,7159.5,7155.75,7156.75
1777491180,7156.5,7156.75,7154,7155
1777491240,7155.25,7157.75,7155,7157.25
1777491300,7157.25,7158,7156,7157.5
1777491360,7157.5,7159.75,7157.25,7159
1777491420,7159,7161.5,7158.75,7161
1777491480,7160.75,7163,7160.75,7162
1777491540,7162,7163.75,7161.75,7163.5
1777491600,7163.5,7164.25,7161.25,7161.5
1777491660,7161.25,7161.25,7158.75,7159
1777491720,7159,7161.25,7158.5,7160.75
1777491780,7161,7161,7158.75,7159
1777491840,7159,7159.5,7157.75,7159
1777491900,7159,7160.75,7158.5,7160.75
1777491960,7160.75,7161.5,7159.5,7160
1777492020,7160,7161.5,7159.75,7161
1777492080,7161.25,7161.25,7160.25,7160.75
1777492140,7160.75,7162.5,7160.5,7161
1777492200,7160.75,7161.25,7157.5,7158.5
1777492260,7158.75,7160,7157.75,7159.5
1777492320,7159.5,7161,7158.75,7161
1777492380,7160.75,7163.25,7160.25,7162.25
1777492440,7162.25,7164.25,7162.25,7163.75
1777492500,7163.75,7165.25,7162,7165
1777492560,7164.75,7165,7163.5,7164.75
1777492620,7164.5,7165.75,7163.5,7164
1777492680,7164.25,7165,7159.5,7160.25
1777492740,7160.25,7170.75,7159,7170.25
1777492800,7170.5,7176.75,7169.25,7172.5
1777492860,7173,7173.25,7154.75,7157
1777492920,7157.25,7184.75,7157,7184.25
1777492980,7184,7190.75,7181.5,7182.25
1777493040,7182.5,7182.75,7175.75,7178
1777493100,7177.5,7178,7165.25,7172.25
1777493160,7172,7178.75,7169.25,7177.5
1777493220,7177.75,7178,7172.5,7174.75
1777493280,7175,7177,7174.25,7174.25
1777493340,7174.5,7175,7168.5,7168.75
1777493400,7168.5,7169.75,7163.25,7163.25
1777493460,7163.25,7164.25,7158.25,7158.5
1777493520,7158.75,7159.75,7147.75,7148.5
1777493580,7148.75,7149,7141.25,7143.25
1777493640,7143.5,7144,7135.25,7137.75
1777493700,7137.75,7142,7133,7136.75
1777493760,7136.5,7139.5,7135,7139
1777493820,7139,7142.25,7133.75,7134
1777493880,7133.75,7139.25,7131.25,7137.5
1777493940,7137.25,7144.25,7135.75,7143.75
1777494000,7143.75,7151,7143.75,7150.5
1777494060,7150.5,7154.75,7149.75,7153.5
1777494120,7153.5,7155.5,7151.5,7153
1777494180,7153.25,7155,7150.5,7154.5
1777494240,7154.75,7158.75,7153.75,7158
1777494300,7158,7160.25,7154,7154
1777494360,7153.75,7158,7153.5,7157.75
1777494420,7158,7158,7154.75,7157.25
1777494480,7157.5,7159.75,7156.5,7159.25
1777494540,7159.5,7162.75,7158,7162
1777494600,7161.75,7163.75,7161.25,7163.25
1777494660,7163.25,7164.25,7160.25,7160.25
1777494720,7160.5,7160.5,7156,7156.75
1777494780,7157,7158,7155.5,7157.25
1777494840,7157.25,7160.25,7156.75,7160.25
1777494900,7160.25,7162.25,7159.25,7161.75
1777494960,7161.5,7164.25,7161.5,7163.25
1777495020,7163,7165.75,7161.25,7161.5
1777495080,7161.75,7163.25,7161.25,7161.75
1777495140,7161.75,7165.75,7161,7165.25
1777495200,7165,7167.5,7164.25,7164.25
1777495260,7164.25,7166,7163.25,7163.75
1777495320,7163.75,7165,7163.5,7163.5
1777495380,7163.5,7163.75,7161,7162.25
1777495440,7162.25,7164,7161.5,7161.5
1777495500,7161.75,7163.75,7161.25,7163.25
1777495560,7163.25,7164.5,7162.5,7164.5
1777495620,7164.25,7164.25,7161.25,7161.5
1777495680,7161.5,7162,7160.5,7160.75
1777495740,7160.75,7161.5,7157.75,7157.75
1777495800,7157.75,7158.25,7152.5,7152.75
1777495860,7153,7153.75,7151,7153.5
1777495920,7153.5,7155.5,7152.5,7154.5
1777495980,7154.25,7155,7152.75,7154.25
1777496040,7154,7154.75,7150,7150.5
1777496100,7150.5,7152.75,7150,7152.25
1777496160,7152.25,7152.75,7148.5,7148.75
1777496220,7148.75,7149,7144,7144.5
1777496280,7144.5,7144.75,7141,7142.5
1777496340,7142,7144.25,7140.75,7141.5
1777500000,7150,7154.25,7148.5,7153.75
1777500060,7153.75,7158.25,7153.75,7157.75
1777500120,7157.75,7164,7157.75,7162.5
1777500180,7162.5,7165.5,7161.75,7164.5
1777500240,7164,7165.25,7159,7164.75
1777500300,7165.25,7174,7164.5,7173.75
1777500360,7173.5,7176,7172.25,7173
1777500420,7173.25,7174.25,7172.75,7174.25
1777500480,7174.25,7177.5,7173.75,7176.5
1777500540,7176.25,7180,7176,7179.5
1777500600,7179.25,7181,7178,7180.25
1777500660,7180.5,7183.25,7177.75,7178.25
1777500720,7178.5,7179.5,7177.25,7178.25
1777500780,7178.25,7183,7178.25,7182.5
1777500840,7182.75,7186.25,7182.75,7185.75
1777500900,7186,7188,7184,7187.5
1777500960,7187.5,7194,7186.5,7192.25
1777501020,7192.75,7194.75,7191,7191.75
1777501080,7191.5,7192.5,7189.75,7191.75
1777501140,7191.75,7196.5,7191.5,7195.25
1777501200,7195.25,7196,7193.5,7194.5
1777501260,7194.5,7195,7191.75,7191.75
1777501320,7192,7192.25,7190,7190.25
1777501380,7190.25,7190.25,7187.5,7188.75
1777501440,7188.75,7191.25,7188,7190.75
1777501500,7190.75,7190.75,7188.25,7188.25
1777501560,7188.25,7189.25,7187,7187.25
1777501620,7187.25,7187.75,7185.75,7186
1777501680,7186,7187.5,7185.75,7186
1777501740,7186,7188.75,7185.75,7188
1777501800,7188,7190.75,7187.75,7188.5
1777501860,7188.5,7190.25,7188.5,7190
1777501920,7190,7191.5,7189.25,7190
1777501980,7189.75,7190.75,7189,7189
1777502040,7188.75,7189.5,7188.5,7189.25
1777502100,7189.25,7190,7188.5,7189.25
1777502160,7189,7189.5,7187.5,7188
1777502220,7188.25,7188.5,7187.5,7188.25
1777502280,7188.5,7188.75,7187.25,7187.25
1777502340,7187.5,7187.5,7185.5,7186
1777502400,7185.75,7185.75,7183.75,7184.75
1777502460,7184.75,7185.25,7184.5,7184.5
1777502520,7184.5,7186.25,7183.75,7186
1777502580,7185.75,7187.5,7185.5,7187
1777502640,7186.75,7187.5,7186.25,7187.25
1777502700,7187.25,7189,7187,7188.75
1777502760,7188.5,7191.5,7188.5,7190.5
1777502820,7190.75,7191,7188.75,7189.25
1777502880,7189.25,7190.25,7188.5,7188.75
1777502940,7188.5,7188.5,7187.75,7188
1777503000,7188,7188.75,7188,7188.5
1777503060,7188.75,7189,7188,7188.25
1777503120,7188.25,7189.75,7188.25,7189.5
1777503180,7189.5,7189.75,7189,7189.25
1777503240,7189.25,7189.75,7187.25,7187.25
1777503300,7187.5,7187.75,7187,7187.5
1777503360,7187.25,7187.25,7186.25,7186.25
1777503420,7186.25,7186.25,7184.5,7185
1777503480,7185,7185.25,7183.75,7184
1777503540,7183.75,7185,7183.5,7184.25
1777503600,7184.5,7186,7184.25,7185
1777503660,7185.25,7185.5,7184.25,7185.25
1777503720,7185,7186.5,7185,7185.5
1777503780,7185.25,7186,7184,7184.75
1777503840,7184.75,7185.75,7184.75,7185
1777503900,7184.75,7185,7183.75,7184.5
1777503960,7184.5,7185.25,7184.25,7185
1777504020,7185.25,7185.25,7183.5,7183.75
1777504080,7183.5,7183.75,7183,7183.25
1777504140,7183,7184,7183,7183.5
1777504200,7183.75,7184,7183.5,7183.75
1777504260,7183.5,7185,7183.5,7184.75
1777504320,7184.75,7185.75,7184.75,7185
1777504380,7185,7185.25,7184,7184.5
1777504440,7184.5,7185.75,7184.25,7185.5
1777504500,7185.25,7185.25,7184.25,7184.25
1777504560,7184.25,7184.25,7182.75,7183
1777504620,7183,7183.25,7182,7182.75
1777504680,7182.75,7183,7182.5,7182.75
1777504740,7182.75,7182.75,7182,7182.25
1777504800,7182.25,7182.25,7180.5,7181.5
1777504860,7181.5,7181.5,7180.75,7180.75
1777504920,7180.75,7180.75,7180,7180.5
1777504980,7180.75,7181,7180.5,7181
1777505040,7181.25,7181.5,7181,7181.5
1777505100,7181.25,7182.75,7181.25,7182.5
1777505160,7182.5,7182.75,7182.5,7182.75
1777505220,7182.75,7182.75,7182.25,7182.5
1777505280,7182.75,7183.5,7182.75,7183
1777505340,7183,7183.5,7183,7183.5
1777505400,7183.75,7185.5,7183.75,7185.25
1777505460,7185.25,7185.75,7184.5,7184.75
1777505520,7184.75,7184.75,7184.25,7184.5
1777505580,7184.25,7185.25,7184.25,7184.25
1777505640,7184.5,7185.25,7184,7185
1777505700,7185,7185.5,7184.75,7185.25
1777505760,7185.25,7186.25,7185.25,7185.75
1777505820,7185.75,7186.75,7185.75,7186.5
1777505880,7186.5,7188,7186.25,7187.5
1777505940,7187.75,7187.75,7186.75,7187.5
1777506000,7187.75,7189,7187.25,7187.5
1777506060,7187.75,7189.75,7187.5,7189.5
1777506120,7189.5,7189.75,7188.75,7188.75
1777506180,7189,7189.75,7189,7189.25
1777506240,7189.5,7189.75,7189,7189.25
1777506300,7189.5,7190.25,7189,7189
1777506360,7189,7189.25,7187.5,7188.25
1777506420,7188.25,7190.5,7188,7189.75
1777506480,7189.75,7190.75,7189.5,7189.5
1777506540,7189.25,7189.75,7188.75,7188.75
1777506600,7188.75,7189.75,7188.5,7189.5
1777506660,7189.5,7190.5,7189.5,7190.5
1777506720,7190.5,7191.25,7190.25,7190.5
1777506780,7190.75,7192.25,7190.5,7192
1777506840,7192.25,7193.25,7191,7191.25
1777506900,7191.25,7191.25,7189.75,7189.75
1777506960,7189.75,7191.25,7189.5,7190.5
1777507020,7190.5,7192,7190.5,7191.25
1777507080,7191.5,7193.25,7191.5,7192.5
1777507140,7192.25,7193,7191.75,7192.75
1777507200,7192.75,7196,7192.75,7195.75
1777507260,7195.5,7195.5,7193.5,7194
1777507320,7194,7195,7193.75,7194.75
1777507380,7195,7196,7192.75,7193
1777507440,7193.25,7194.25,7191.75,7192.25
1777507500,7192,7193.25,7191,7191.75
1777507560,7192,7193.25,7192,7193.25
1777507620,7193.25,7195.25,7193.25,7195.25
1777507680,7195.25,7197.5,7195,7196.25
1777507740,7196.5,7197.75,7195.75,7197.25
1777507800,7197.5,7197.5,7196.25,7197
1777507860,7196.75,7197.5,7195.25,7195.5
1777507920,7195.75,7197.75,7195.75,7197.75
1777507980,7197.5,7198.5,7195.75,7196
1777508040,7195.75,7196,7194,7195.25
1777508100,7195.5,7196.25,7194,7196
1777508160,7196,7196.75,7195.25,7196
1777508220,7196,7196,7194,7195
1777508280,7194.75,7197,7194.75,7196.75
1777508340,7197,7197,7195.5,7196.5
1777508400,7196.5,7197.25,7195.75,7196
1777508460,7196,7196.5,7195.75,7196.25
1777508520,7195.75,7196.25,7195,7196
1777508580,7196,7196.5,7195.75,7196.25
1777508640,7196.25,7197,7196.25,7196.75
1777508700,7197,7197.75,7196.75,7197.5
1777508760,7197.5,7198.25,7196.75,7197
1777508820,7196.75,7197.25,7196.25,7197.25
1777508880,7197.25,7197.25,7195.25,7195.5
1777508940,7195.75,7196.5,7195.75,7196.5
1777509000,7196.5,7198.75,7196.5,7198.25
1777509060,7198.25,7198.75,7197.25,7198.5
1777509120,7198.5,7198.5,7197.75,7197.75
1777509180,7197.5,7198.75,7197.25,7198.75
1777509240,7198.75,7198.75,7197.5,7197.5
1777509300,7198,7198,7197.5,7197.5
1777509360,7197.5,7198,7197.5,7198
1777509420,7198,7198.5,7197.75,7198.5
1777509480,7198.5,7199.25,7198,7198.75
1777509540,7198.5,7200.5,7198.25,7200.25
1777509600,7200,7200.25,7199.5,7200
1777509660,7200,7200,7198.5,7198.5
1777509720,7198.25,7198.75,7198,7198.75
1777509780,7198.75,7199,7198.25,7198.75
1777509840,7198.75,7198.75,7198.25,7198.25
1777509900,7198.25,7199.75,7198.25,7199.75
1777509960,7199.75,7200,7199.25,7199.25
1777510020,7199.25,7200.5,7199.25,7200.5
1777510080,7200.5,7200.5,7199.75,7199.75
1777510140,7199.5,7199.5,7199,7199
1777510200,7199,7199.75,7198.5,7199.25
1777510260,7199,7201,7199,7200
1777510320,7200,7200,7198.75,7199.5
1777510380,7199.75,7200,7199.25,7199.75
1777510440,7200,7200.25,7199.25,7199.5
1777510500,7199.5,7201.5,7199.25,7199.75
1777510560,7200.25,7200.25,7198,7199
1777510620,7198.75,7199.25,7198.25,7199
1777510680,7199,7199.5,7199,7199.25
1777510740,7199.25,7199.5,7199,7199.25
1777510800,7199,7199.75,7198.5,7199
1777510860,7198.75,7199.5,7197.5,7199
1777510920,7199,7199,7197.25,7197.25
1777510980,7197.5,7198.25,7196.75,7198
1777511040,7197.75,7197.75,7197,7197.5
1777511100,7197.25,7197.5,7196,7196.25
1777511160,7196.5,7197.25,7196.25,7197.25
1777511220,7197.25,7198,7196,7197
1777511280,7197,7197.5,7196.5,7196.75
1777511340,7196.75,7197.25,7196.25,7197.25
1777511400,7197.25,7197.25,7196,7196.75
1777511460,7196.75,7196.75,7195.75,7196
1777511520,7196.25,7197,7196.25,7196.5
1777511580,7196.5,7196.5,7195.75,7196.5
1777511640,7196.5,7196.75,7196.25,7196.5
1777511700,7196.75,7197.75,7196.5,7197.5
1777511760,7197.25,7198,7197.25,7197.25
1777511820,7197,7197.25,7196.5,7197.25
1777511880,7197.5,7197.75,7197,7197.25
1777511940,7197.25,7197.75,7196.75,7197.75
1777512000,7197.75,7198,7197.25,7197.75
1777512060,7197.5,7197.75,7197.25,7197.75
1777512120,7197.75,7197.75,7197,7197.25
1777512180,7197.25,7197.25,7196.25,7197
1777512240,7197.25,7197.75,7197,7197.25
1777512300,7197.25,7197.75,7197,7197.25
1777512360,7197.25,7197.5,7196.5,7196.75
1777512420,7196.75,7197.75,7196.5,7197.75
1777512480,7197.75,7198.5,7197.75,7198
1777512540,7197.75,7198,7197.5,7198
1777512600,7198,7199,7198,7198
1777512660,7198.25,7199.25,7197.25,7198.75
1777512720,7198.75,7199.25,7198.25,7199
1777512780,7199.25,7200.5,7199,7200
1777512840,7199.75,7200,7199.5,7199.75
1777512900,7199.75,7199.75,7196.25,7196.75
1777512960,7196.5,7196.5,7193.75,7195
1777513020,7195,7196,7194.75,7195.75
1777513080,7196,7197,7195.25,7196.75
1777513140,7196.75,7197,7195.75,7195.75
1777513200,7195.75,7196.25,7195,7195.5
1777513260,7195.75,7197,7195.5,7196.75
1777513320,7196.75,7196.75,7195.5,7196.25
1777513380,7196.25,7196.75,7195.75,7196.5
1777513440,7196.25,7196.5,7196,7196.25
1777513500,7196.25,7196.25,7195.25,7195.25
1777513560,7195.25,7195.5,7194.75,7195.25
1777513620,7195,7195.5,7194.25,7194.75
1777513680,7194.75,7195.5,7194.5,7195
1777513740,7195,7196,7194.75,7195.75
1777513800,7195.75,7196,7195,7195
1777513860,7194.75,7195.75,7194.5,7195.75
1777513920,7195.5,7196.5,7195.5,7196.5
1777513980,7196.75,7198.25,7196.75,7198
1777514040,7198,7199.5,7197.75,7198.75
1777514100,7198.5,7199.75,7197.75,7199.25
1777514160,7199,7199,7198,7198.25
1777514220,7198.25,7198.75,7197.5,7198.5
1777514280,7198.75,7199.25,7198.75,7199
1777514340,7198.75,7199.5,7198.5,7199.25
1777514400,7199.25,7199.75,7199,7199.5
1777514460,7199.5,7199.75,7198.5,7198.5
1777514520,7198.5,7199,7198.5,7198.5
1777514580,7198.75,7198.75,7196.5,7197.25
1777514640,7197.25,7197.5,7196.25,7196.75
1777514700,7196.75,7196.75,7195.75,7196.5
1777514760,7196.25,7197,7196,7197
1777514820,7197,7197.25,7196.25,7196.75
1777514880,7196.75,7197.75,7196.5,7197.25
1777514940,7197.25,7198,7197.25,7197.75
1777515000,7197.75,7197.75,7197.25,7197.25
1777515060,7197.25,7198,7197,7197.25
1777515120,7197,7197.5,7197,7197.5
1777515180,7197.75,7198,7197.75,7198
1777515240,7198,7198.25,7197.75,7197.75
1777515300,7197.5,7197.75,7197.25,7197.5
1777515360,7197.75,7197.75,7196.5,7197
1777515420,7197,7197,7195.5,7195.75
1777515480,7195.75,7195.75,7195,7195.25
1777515540,7195.25,7195.25,7194.25,7194.75
1777515600,7194.5,7195.25,7194,7194
1777515660,7193.75,7194.25,7193,7194
1777515720,7194,7194.5,7194,7194.25
1777515780,7194.25,7194.5,7193.5,7193.5
1777515840,7193.5,7193.5,7193.25,7193.5
1777515900,7193.5,7193.75,7193,7193
1777515960,7193,7193,7192,7192
1777516020,7191.75,7192.5,7191.5,7192.25
1777516080,7192,7192,7191.5,7191.5
1777516140,7191.75,7192,7187.5,7189.75
1777516200,7189.5,7189.5,7172.75,7173
1777516260,7173,7176.25,7165.5,7169.5
1777516320,7169.5,7180.25,7168.25,7179
1777516380,7179,7182.25,7176,7177.75
1777516440,7177.5,7179.25,7177.25,7179
1777516500,7179.25,7180.75,7178.5,7178.75
1777516560,7179.25,7181.25,7177.75,7180
1777516620,7180.25,7182.5,7179.25,7180.25
1777516680,7180,7180.5,7177,7177.75
1777516740,7178,7180.25,7177.5,7180
1777516800,7179.75,7182,7179,7181
1777516860,7180.75,7181.25,7179.5,7180
1777516920,7180,7180.5,7179.25,7180.25
1777516980,7180.25,7180.5,7178.5,7178.5
1777517040,7178.25,7178.5,7176.5,7176.75
1777517100,7177,7177.75,7174.25,7175.75
1777517160,7175.75,7176.5,7174.75,7175
1777517220,7174.75,7175.5,7172.25,7172.25
1777517280,7172,7172.75,7171,7172.75
1777517340,7173,7173.25,7170.75,7171
1777517400,7171.25,7174.5,7170.25,7174.5
1777517460,7174.75,7175.25,7173.75,7174
1777517520,7174,7175,7173.25,7174.5
1777517580,7174.25,7176.75,7174.25,7176.75
1777517640,7176.5,7177,7175,7175.5
1777517700,7175.5,7177,7175.5,7176
1777517760,7176,7176.5,7174,7174.5
1777517820,7174.25,7176.75,7173.75,7176.75
1777517880,7176.75,7177.5,7176.5,7177.5
1777517940,7177.5,7179,7177.25,7177.25
1777518000,7177,7179.75,7176.75,7179.5
1777518060,7179.5,7180,7179.25,7179.75
1777518120,7180,7180.75,7178.5,7180
1777518180,7180,7180,7179.5,7180
1777518240,7180,7180.75,7179,7180.75
1777518300,7180.75,7181.5,7180.25,7180.75
1777518360,7180.5,7181.25,7179.75,7181
1777518420,7180.75,7180.75,7178,7178
1777518480,7178,7179,7177.25,7179
1777518540,7178.75,7179.25,7178.25,7179.25
1777518600,7179,7180,7179,7179.75
1777518660,7180,7180.5,7178.5,7178.75
1777518720,7178.75,7180,7177,7177
1777518780,7177,7177,7173.5,7174.5
1777518840,7174.75,7174.75,7172.75,7174.5
1777518900,7174.5,7175,7172.25,7172.75
1777518960,7172.75,7174,7171.75,7173.25
1777519020,7173.5,7173.75,7173,7173.25
1777519080,7173.25,7175,7173.25,7175
1777519140,7175,7175.5,7174.5,7174.75
1777519200,7174.5,7174.5,7172.5,7173.75
1777519260,7173.75,7175.25,7173.5,7174.75
1777519320,7174.75,7175.5,7174,7174.5
1777519380,7174.5,7174.5,7173.75,7174
1777519440,7174,7174.5,7173.25,7174.5
1777519500,7174.5,7175.25,7173.25,7173.25
1777519560,7173.25,7174,7173.25,7174
1777519620,7174,7174.25,7173.5,7174
1777519680,7174,7175.5,7174,7175.25
1777519740,7175.25,7175.5,7174.5,7174.75
1777519800,7175,7175.75,7174,7175
1777519860,7175.25,7175.5,7173.75,7174
1777519920,7173.75,7175.5,7173,7175
1777519980,7174.75,7175.5,7174,7175.5
1777520040,7175.5,7176.5,7174,7175
1777520100,7175,7176,7175,7175.5
1777520160,7175.5,7175.75,7175,7175.75
1777520220,7176,7176.25,7175.5,7176
1777520280,7176,7177.75,7176,7177.25
1777520340,7177.25,7177.25,7176.25,7176.5
1777520400,7176.25,7176.25,7174,7175.75
1777520460,7175.75,7176.5,7175.25,7176.5
1777520520,7176.5,7177.25,7175.5,7175.5
1777520580,7175.5,7175.75,7175,7175.25
1777520640,7175.25,7176,7175,7175.75
1777520700,7175.75,7175.75,7174.5,7174.75
1777520760,7175,7175.25,7174.75,7175
1777520820,7174.75,7175.5,7174.75,7175.25
1777520880,7175.25,7175.75,7174.75,7175.5
1777520940,7175.5,7175.75,7174.5,7175.25
1777521000,7175.5,7175.75,7175,7175.75
1777521060,7175.75,7176,7175,7175.5
1777521120,7175.25,7176.25,7173.75,7174.25
1777521180,7174,7174.25,7173.5,7174
1777521240,7173.75,7174.5,7173.75,7174
1777521300,7173.75,7173.75,7171.75,7173.5
1777521360,7173.5,7173.5,7172.25,7172.75
1777521420,7172.5,7173,7172.25,7172.75
1777521480,7172.75,7173.25,7172.25,7172.5
1777521540,7172.5,7172.5,7171.75,7172
1777521600,7172,7172,7170.5,7171.5
1777521660,7171.25,7171.5,7170.25,7170.75
1777521720,7170.75,7171,7169.25,7170.25
1777521780,7170,7170.5,7167,7167.75
1777521840,7168,7168.75,7167.25,7167.5
1777521900,7167.75,7168.5,7165,7166
1777521960,7166,7166,7161,7163.75
1777522020,7164,7165.5,7164,7164.5
1777522080,7164.5,7166.25,7163.25,7165.75
1777522140,7165.75,7167.25,7164,7164.5
1777522200,7164.75,7165,7163,7163.75
1777522260,7163.75,7164.25,7162.5,7162.75
1777522320,7162.75,7162.75,7160.25,7161.5
1777522380,7161.75,7162,7160,7161.5
1777522440,7161.75,7163.5,7161.75,7163
1777522500,7163.25,7164.25,7162.25,7162.75
1777522560,7162.25,7162.5,7159.75,7160.25
1777522620,7160,7160.25,7158,7159
1777522680,7159,7159,7157,7157.5
1777522740,7157.75,7158.5,7156.75,7157.5
1777522800,7158,7158.5,7156.25,7156.75
1777522860,7156.5,7157.75,7154.75,7157.5
1777522920,7157.5,7157.75,7155.25,7155.5
1777522980,7155.5,7155.75,7153.75,7154.75
1777523040,7155,7157,7154.75,7156.25
1777523100,7156.25,7159,7155.5,7158.5
1777523160,7158.25,7158.75,7157,7157
1777523220,7156.75,7157.5,7155,7156
1777523280,7156,7156,7155,7155.75
1777523340,7156,7158,7155,7155
1777523400,7155,7155.25,7151.5,7151.5
1777523460,7151.5,7151.75,7148.25,7149
1777523520,7148.75,7149.5,7147.25,7147.75
1777523580,7148,7148.75,7146.75,7147.5
1777523640,7147.5,7149.25,7147,7148.75
1777523700,7148.5,7149.75,7147,7149.25
1777523760,7149.25,7150.5,7148.5,7149.25
1777523820,7149.25,7149.5,7148,7148.5
1777523880,7148.5,7150.25,7148,7149.5
1777523940,7149.75,7149.75,7147.25,7147.5
1777524000,7147.5,7149.5,7146.5,7149.25
1777524060,7149.5,7150,7148,7148
1777524120,7148,7149.5,7147,7149.5
1777524180,7149.5,7151,7149,7150.75
1777524240,7150.5,7151.25,7149.5,7150.5
1777524300,7150.75,7153,7150.5,7152.75
1777524360,7152.5,7153,7150.75,7150.75
1777524420,7151,7151.5,7149.75,7151.5
1777524480,7151.25,7151.75,7150.75,7151.5
1777524540,7151.5,7152.25,7150.75,7151
1777524600,7151,7151.5,7150.25,7151
1777524660,7151,7151,7149,7149.25
1777524720,7149.25,7150,7148.25,7149.75
1777524780,7149.75,7151,7149.5,7150
1777524840,7149.75,7150,7148.5,7149
1777524900,7148.75,7149,7147.75,7148
1777524960,7148.25,7148.75,7148,7148.25
1777525020,7148,7149.25,7147.75,7148.75
1777525080,7148.75,7148.75,7145.75,7146
1777525200,7145.5,7149.25,7145.25,7148
1777525260,7148,7151.5,7148,7150.25
1777525320,7150.25,7152.5,7150.25,7151
1777525380,7151,7152.5,7151,7152
1777525440,7151.25,7151.5,7149,7150.5
1777525500,7150.5,7152.75,7149.75,7152.25
1777525560,7152.25,7152.75,7152,7152.25
1777525620,7152,7153.5,7151.75,7153.5
1777525680,7153.25,7156,7153.25,7155.25
1777525740,7155.5,7156.25,7155.25,7155.5
1777525800,7155.5,7156.25,7155,7156.25
1777525860,7156.25,7157,7155.75,7156
1777525920,7156.25,7156.75,7156.25,7156.5
1777525980,7156.25,7157,7155.75,7156.75
1777526040,7157,7158.25,7156.75,7158
1777526100,7157.75,7158.75,7156.5,7156.5
1777526160,7157,7157.5,7156.75,7156.75
1777526220,7156.75,7157,7155.5,7156
1777526280,7156,7156.5,7155.5,7156.25
1777526340,7156.25,7156.25,7155.25,7155.75
1777526400,7155.75,7156.25,7153.25,7154.25
1777526460,7154.5,7155.75,7153.75,7155.25
1777526520,7155.5,7156.5,7155.25,7155.5
1777526580,7155.25,7155.25,7153.5,7154.5
1777526640,7154.75,7155.5,7153.25,7155.5
1777526700,7155.5,7155.5,7151.25,7152
1777526760,7151.75,7151.75,7150.25,7150.5
1777526820,7150.5,7151,7148.75,7151
1777526880,7151,7151.5,7150.25,7151.25
1777526940,7151.5,7151.75,7150.25,7150.5
1777527000,7150.5,7153,7150.5,7152
1777527060,7151.75,7153.5,7151.25,7153
1777527120,7152.75,7155.5,7152.5,7154.5
1777527180,7154.5,7156.25,7154,7155.5
1777527240,7155.5,7156.75,7154.75,7156.5
1777527300,7156.5,7157.5,7156.5,7157.5
1777527360,7157.5,7157.5,7155.75,7156.5
1777527420,7156.5,7157,7155.25,7155.5
1777527480,7155.5,7156.5,7154.75,7156
1777527540,7156,7156.5,7155.75,7155.75
1777527600,7155.75,7157.5,7155.5,7157.5
1777527660,7157.25,7157.5,7156.25,7156.75
1777527720,7156.75,7157.5,7156.25,7156.75
1777527780,7156.75,7156.75,7153.25,7153.25
1777527840,7153.25,7154.25,7153.25,7153.5
1777527900,7153.25,7154,7153.25,7153.75
1777527960,7153.75,7153.75,7151.25,7152
1777528020,7152.5,7153.25,7151.25,7152
1777528080,7152,7152.25,7151.5,7152
1777528140,7151.75,7152.5,7151.5,7151.5
1777528200,7151.5,7152.5,7151.25,7151.5
1777528260,7151.25,7152.25,7151,7152.25
1777528320,7152.25,7152.25,7150.5,7150.5
1777528380,7150.5,7150.5,7149.25,7150
1777528440,7150.5,7150.5,7148.75,7148.75
1777528500,7148.5,7148.75,7146.75,7147.75
1777528560,7147.75,7148.25,7147,7148.25
1777528620,7148.25,7148.25,7146,7146.25
1777528680,7146,7146.5,7145.25,7146.5
1777528740,7146.75,7147,7143,7143.5
1777528800,7143.25,7144.5,7140.75,7141.5
1777528860,7141.5,7143.75,7140.5,7142.75
1777528920,7142.75,7144,7140.75,7141.5
1777528980,7141.5,7141.75,7140.5,7140.75
1777529040,7141,7141.75,7140.25,7140.75
1777529100,7141,7141.75,7140.25,7140.5
1777529160,7140.5,7142.25,7139.5,7141.5
1777529220,7141.5,7141.75,7139,7139.5
1777529280,7139.75,7140,7138,7138.75
1777529340,7138.5,7139.75,7138.25,7138.75
1777529400,7138.75,7138.75,7135.5,7136.75
1777529460,7137,7137,7133.75,7134.5
1777529520,7134.25,7137.75,7134.25,7136.75
1777529580,7136.75,7137,7135,7136.25
1777529640,7136,7137.75,7135,7137.25
1777529700,7137.5,7139,7136.75,7137.75
1777529760,7138,7139.5,7137,7138
1777529820,7138.25,7138.75,7137.25,7138.25
1777529880,7138.25,7139.5,7137.5,7138.5
1777529940,7138.75,7140.25,7138.5,7139.5
1777530000,7139.5,7141,7139,7141
1777530060,7141,7141,7137.75,7138.25
1777530120,7138.5,7138.75,7137,7138.5
1777530180,7138.75,7139.25,7138.25,7138.5
1777530240,7138.25,7138.75,7137.5,7138.5
1777530300,7138.5,7142,7138.5,7142
1777530360,7142,7143,7140.75,7140.75
1777530420,7140.75,7141.75,7140.25,7141.5
1777530480,7141.5,7143,7140.75,7142.5
1777530540,7142.75,7143.25,7141.75,7142.5
1777530600,7142.5,7145.75,7142.5,7144.75
1777530660,7144.5,7147.75,7144.5,7147
1777530720,7147.25,7151.25,7146.75,7150.5
1777530780,7150.5,7153.75,7150.5,7152.5
1777530840,7152.5,7155.75,7152,7154.25
1777530900,7154.25,7156.75,7154,7154
1777530960,7154,7158,7153.5,7157.25
1777531020,7157.25,7158,7156.5,7156.5
1777531080,7156.25,7156.5,7154.25,7155.5
1777531140,7155.25,7155.5,7153.75,7154
1777531200,7154.5,7155,7151.25,7152
1777531260,7152.25,7153.25,7150.25,7150.25
1777531320,7150.75,7151,7149,7150.25
1777531380,7150.25,7150.75,7149,7150
1777531440,7150.25,7151.5,7150.25,7151.5
1777531500,7151.25,7152.25,7149.75,7151.5
1777531560,7151.5,7151.75,7150.75,7151.25
1777531620,7151,7151,7148.5,7148.5
1777531680,7148.25,7148.25,7146.25,7147.5
1777531740,7147.5,7147.75,7146.75,7147.25
1777531800,7147.5,7149,7146.75,7148
1777531860,7148,7150,7147.75,7149.75
1777531920,7149.5,7151.5,7149.25,7151.25
1777531980,7151,7152,7150.75,7151.5
1777532040,7151.5,7152.75,7151.25,7152
1777532100,7152,7154.25,7151.75,7152.25
1777532160,7151.75,7151.75,7150.5,7150.75
1777532220,7150.5,7151.5,7150.5,7151.25
1777532280,7150.75,7152,7150.75,7151.5
1777532340,7151.5,7153.75,7151.5,7153.25
1777532400,7153.25,7154.25,7151,7151
1777532460,7151,7154.25,7150.25,7153.75
1777532520,7153.25,7153.5,7149.75,7152.25
1777532580,7152.25,7155.25,7151.75,7153.75
1777532640,7153.5,7156.25,7153.5,7155.25
1777532700,7155.25,7157,7153.25,7153.5
1777532760,7153.75,7156.5,7153.5,7156.25
1777532820,7156,7156.75,7155.25,7156.5
1777532880,7156.25,7157.75,7156,7156.75
1777532940,7156.75,7160,7156.25,7159.75
1777533000,7159.5,7161.5,7159.25,7160.75
1777533060,7160.75,7162.25,7160.75,7161
1777533120,7161,7161.75,7160.25,7160.5
1777533180,7160.5,7160.75,7158.25,7158.25
1777533240,7158,7159.25,7157,7158.5
1777533300,7158.25,7159,7157.25,7157.75
1777533360,7158.25,7159,7157.25,7158.5
1777533420,7158.25,7158.75,7155.5,7156.25
1777533480,7156.5,7158,7156.25,7157
1777533540,7157.25,7157.75,7155.75,7155.75
1777533600,7156,7156.5,7154.75,7156
1777533660,7155.5,7157.75,7155.5,7157.5
1777533720,7157.5,7158.25,7156.75,7156.75
1777533780,7156.75,7160,7156.75,7159.5
1777533840,7159.25,7159.75,7158.75,7159.25
1777533900,7159.5,7160,7158.25,7159
1777533960,7158.75,7160.25,7158,7160
1777534020,7160,7163.5,7159.25,7162.75
1777534080,7162.75,7163.25,7161.25,7161.75
1777534140,7162,7163.5,7162,7163.25
1777534200,7163.25,7163.75,7162.25,7163
1777534260,7163.25,7163.25,7161.25,7161.75
1777534320,7161.75,7162,7161,7162
1777534380,7161.75,7165.75,7161.75,7164.5
1777534440,7164.5,7165,7163.5,7163.5
1777534500,7163.5,7163.5,7161.75,7162
1777534560,7161.5,7163.25,7161,7161.25
1777534620,7161.25,7163.75,7161,7163.75
1777534680,7163.75,7164.25,7162,7162.25
1777534740,7162.5,7163.75,7162.5,7163.25
1777534800,7163.25,7164.25,7162.5,7163.25
1777534860,7163.75,7165,7163,7164
1777534920,7164,7164,7162.75,7163.75
1777534980,7163.5,7164.5,7162.5,7164.25
1777535040,7164.5,7165.25,7163,7163.5
1777535100,7163.25,7165.5,7162.75,7164.5
1777535160,7164.25,7164.5,7162.25,7162.5
1777535220,7162.5,7163.5,7162.5,7162.75
1777535280,7163,7164,7162.5,7162.75
1777535340,7162.75,7162.75,7160.75,7161.75
1777535400,7162,7162,7158.25,7158.5
1777535460,7158.5,7158.75,7158,7158.75
1777535520,7158.75,7159,7157.75,7158.5
1777535580,7158.5,7162.25,7158.5,7162.25
1777535640,7162,7162.25,7158.75,7159.5
1777535700,7159.75,7159.75,7158.5,7159.25
1777535760,7159,7160.75,7159,7160.75
1777535820,7161,7162.25,7159.75,7160.25
1777535880,7160.25,7161,7158.75,7159.25
1777535940,7159.5,7161.25,7159.5,7161.25
1777536000,7160.75,7163.25,7160.5,7163
1777536060,7162.75,7166.25,7162.75,7163.25
1777536120,7163,7164.25,7162.25,7164
1777536180,7164,7166.25,7164,7166
1777536240,7166,7167.5,7166,7167.25
1777536300,7167,7169,7166,7166.25
1777536360,7166.5,7167.75,7164.5,7167.25
1777536420,7167.25,7167.75,7166,7166
1777536480,7165.75,7166,7163.25,7164.5
1777536540,7164.5,7164.5,7162.75,7164
1777536600,7164,7166,7164,7166
1777536660,7166.25,7167,7165.75,7165.75
1777536720,7166,7166.25,7164.75,7166
1777536780,7166,7167,7164.5,7165
1777536840,7165,7166.25,7165,7165.5
1777536900,7165.25,7165.25,7162,7163.5
1777536960,7163.5,7164,7162.75,7163
1777537020,7163,7164.75,7162.5,7164.25
1777537080,7164.25,7165,7163,7163.25
1777537140,7163.25,7164,7162.25,7163.75
1777537200,7163.75,7164,7162.25,7162.5
1777537260,7162.5,7162.75,7159.25,7160
1777537320,7160,7161,7159.5,7159.75
1777537380,7159.75,7162.5,7159.75,7161.5
1777537440,7161.5,7162.75,7161.25,7162.25
1777537500,7162.25,7165,7162.25,7164
1777537560,7164.25,7164.75,7162.5,7162.5
1777537620,7162.75,7163.5,7162.25,7162.25
1777537680,7162,7164,7161.75,7163.5
1777537740,7163.25,7165.25,7163.25,7165
1777537800,7165,7168,7165,7165.75
1777537860,7166,7167.25,7165.5,7166.25
1777537920,7166.25,7167.5,7166.25,7166.25
1777537980,7166.5,7167.5,7166,7167.5
1777538040,7167.5,7168.75,7166,7167.25
1777538100,7167.25,7167.25,7164,7164.5
1777538160,7164.5,7165,7163.75,7164.25
1777538220,7164,7166,7164,7165
1777538280,7165.25,7168.75,7165,7168.25
1777538340,7168,7169,7167.5,7168.75
1777538400,7169,7170.5,7167.25,7169.25
1777538460,7169.25,7169.75,7168.75,7169.25
1777538520,7169.25,7170.5,7168.5,7168.75
1777538580,7168.5,7169.25,7167.25,7167.75
1777538640,7167.5,7168.75,7166.25,7168.5
1777538700,7168.5,7168.75,7167,7168.5
1777538760,7168.5,7168.75,7168,7168
1777538820,7168,7168.25,7166.5,7168.25
1777538880,7168.5,7169.25,7168,7168.25
1777538940,7168.5,7169,7168,7169
1777539000,7168.75,7168.75,7167.5,7168.75
1777539060,7168.5,7171,7168.5,7170.25
1777539120,7170.25,7170.5,7167,7167.75
1777539180,7167.5,7168.25,7166.25,7168
1777539240,7167.75,7169.25,7167.25,7167.75
1777539300,7167.5,7168,7165.75,7166.5
1777539360,7166.25,7167.5,7165.5,7167.5
1777539420,7167.25,7167.25,7165.5,7166
1777539480,7166.25,7166.25,7165,7165.75
1777539540,7165.75,7166,7165,7165
1777539600,7164.75,7166.75,7164.75,7166.75
1777539660,7166.75,7168,7166.5,7167.25
1777539720,7167.25,7167.25,7165,7165.75
1777539780,7165.5,7167,7165,7166.25
1777539840,7166.5,7167.5,7166,7167
1777539900,7167,7168.25,7167,7167.5
1777539960,7167.25,7168.25,7167,7167
1777540020,7167,7167.5,7165.5,7165.75
1777540080,7165.75,7165.75,7163,7164.25
1777540140,7164.25,7168.5,7163.75,7167.75
1777540200,7167.75,7167.75,7162.5,7163.75
1777540260,7164.25,7164.25,7162.25,7162.5
1777540320,7162.75,7163.75,7162.75,7163.5
1777540380,7163.75,7163.75,7162.25,7162.75
1777540440,7163,7164.25,7163,7163.75
1777540500,7163.75,7166,7163.75,7166
1777540560,7166,7166.25,7165.25,7165.75
1777540620,7166,7166.5,7162,7163.25
1777540680,7163.25,7164.25,7162.25,7164.25
1777540740,7164.25,7164.25,7161.75,7161.75
1777540800,7161.5,7161.5,7158.5,7160
1777540860,7159.75,7160.25,7159,7160.25
1777540920,7160.25,7162.25,7160.25,7162.25
1777540980,7162.25,7164,7161.5,7161.75
1777541040,7161.75,7162.25,7160.75,7161.25
1777541100,7160.5,7163,7160.5,7162.75
1777541160,7163,7165,7163,7164
1777541220,7164.25,7166,7164,7166
1777541280,7166,7169.75,7165.75,7169.75
1777541340,7170,7173.5,7170,7172.75
1777541400,7172.5,7178.75,7172.5,7178.75
1777541460,7178.75,7184.75,7178.5,7178.75
1777541520,7178.25,7179.5,7174,7175
1777541580,7174.5,7176.5,7174,7175.75
1777541640,7175.75,7177.25,7175.25,7175.25
1777541700,7175.25,7178.25,7174.5,7176.25
1777541760,7176.5,7177.75,7176.25,7176.25
1777541820,7176.5,7178,7176,7176
1777541880,7176.25,7176.25,7174.5,7175.25
1777541940,7175.25,7177.5,7173.75,7177.25
1777542000,7177,7178,7175.5,7176
1777542060,7176,7177,7175.25,7175.25
1777542120,7175,7175.75,7173.75,7174.25
1777542180,7174.25,7174.25,7172.5,7172.5
1777542240,7172.75,7173.5,7171,7172.75
1777542300,7172.75,7175,7172.5,7174.5
1777542360,7175,7175.75,7173.5,7173.75
1777542420,7173.75,7176,7173.75,7174.75
1777542480,7174.5,7177,7174.25,7176.25
1777542540,7176.25,7177.75,7175.75,7175.75
1777542600,7175.75,7176,7174,7175
1777542660,7174.75,7175,7172.25,7172.75
1777542720,7172.75,7173.5,7171.75,7172
1777542780,7172.25,7173,7171.25,7172.5
1777542840,7172.5,7174.5,7172.25,7173.25
1777542900,7173.25,7173.25,7171.5,7172
1777542960,7172,7172,7170,7170.25
1777543020,7170.5,7170.75,7169.25,7170.25
1777543080,7170.25,7172.5,7169.75,7172.5
1777543140,7172.75,7173,7171,7171.25
1777543200,7171,7173,7171,7173
1777543260,7172.75,7175.75,7172.75,7175.75
1777543320,7176,7177,7175,7175.25
1777543380,7175.25,7177.5,7175.25,7176.75
1777543440,7176.75,7177.5,7175.25,7175.25
1777543500,7175,7178,7174.25,7177.25
1777543560,7177,7177.5,7175.25,7175.75
1777543620,7176,7177,7176,7176.25
1777543680,7176,7177.75,7176,7176.75
1777543740,7176.75,7178,7176.5,7178
1777543800,7177.75,7178.5,7177.25,7178
1777543860,7177.75,7180,7177.75,7179.5
1777543920,7179.25,7180,7178.75,7179.5
1777543980,7179.5,7179.5,7176,7176
1777544040,7176,7176.5,7174.25,7175
1777544100,7175,7175,7173.5,7174.5
1777544160,7174.25,7177.5,7173.75,7177
1777544220,7176.75,7178.25,7176.5,7177.25
1777544280,7177,7178.75,7177,7178.5
1777544340,7178.5,7179.25,7177.25,7177.25
1777544400,7177.25,7178.25,7177,7177.5
1777544460,7177.5,7179.25,7177.25,7179.25
1777544520,7179.25,7181,7179.25,7180.75
1777544580,7181,7181,7180.25,7180.5
1777544640,7180.5,7180.5,7179.25,7179.5
1777544700,7179,7179,7177.5,7179
1777544760,7178.75,7181.75,7178.75,7181.25
1777544820,7181.25,7183,7180.75,7182.25
1777544880,7182.25,7182.5,7180.75,7181.25
1777544940,7181.25,7182.25,7180.5,7181.75
1777545000,7181.5,7187.25,7181.5,7184
1777545060,7184,7185,7182,7182.5
1777545120,7182.25,7185,7181,7184
1777545180,7184,7185.75,7183.25,7183.25
1777545240,7183.25,7183.5,7182,7182.25
1777545300,7182,7185.25,7180.75,7182.75
1777545360,7182.5,7182.75,7179.75,7180
1777545420,7179.75,7179.75,7176.75,7178.75
1777545480,7178.75,7179,7176,7177.75
1777545540,7178,7178,7175.25,7177
1777545600,7177.25,7179.25,7176.5,7178.25
1777545660,7178.25,7179.25,7177,7178
1777545720,7178,7178.25,7176.75,7177.25
1777545780,7176.5,7178.25,7175.5,7177.5
1777545840,7177.5,7178.5,7176.75,7177
1777545900,7176.75,7182.5,7176.75,7181.75
1777545960,7181.5,7183,7180.75,7180.75
1777546020,7180.75,7183.25,7180.75,7181.25
1777546080,7181,7183,7181,7182.75
1777546140,7182.75,7183.75,7177.5,7179
1777546200,7179,7179.25,7175.25,7177.5
1777546260,7177,7178.25,7176.5,7178.25
1777546320,7178,7179.5,7175.5,7176
1777546380,7176,7178,7175.75,7178
1777546440,7178,7178.5,7177.25,7178
1777546500,7178.25,7179.25,7178,7178.25
1777546560,7178,7178.75,7178,7178.75
1777546620,7178.5,7182.25,7178.5,7181.5
1777546680,7181.5,7181.5,7180,7180.5
1777546740,7180.5,7182.75,7179.5,7180.5
1777546800,7180.75,7182.75,7180,7181.25
1777546860,7181,7182.75,7181,7181.75
1777546920,7181.5,7184.5,7181,7182.25
1777546980,7182.25,7182.5,7180,7181.75
1777547040,7181.5,7184.5,7181.5,7184
1777547100,7184,7184.75,7183.25,7184.25
1777547160,7184.25,7185,7183.25,7183.5
1777547220,7183.25,7184,7182.5,7183.25
1777547280,7183.25,7185.75,7182.75,7185.75
1777547340,7185.75,7196,7185.5,7188.5
1777547400,7188.25,7190.25,7188,7188.75
1777547460,7188.5,7190.5,7188.25,7190
1777547520,7189.5,7191,7188.75,7191
1777547580,7191,7191.25,7187.75,7188
1777547640,7188,7189.75,7187.5,7188
1777547700,7188,7190.25,7187.25,7189.75
1777547760,7189.5,7190,7188.25,7188.75
1777547820,7188.75,7191,7188,7189.75
1777547880,7189.5,7192.25,7189.25,7191.75
1777547940,7191.75,7194.25,7191.75,7193.5
1777548000,7193.25,7194,7191.75,7193
1777548060,7193,7194.25,7191.75,7194
1777548120,7193.75,7195,7193.5,7194.75
1777548180,7194.75,7195,7193,7193.25
1777548240,7193.25,7194.5,7192.75,7193
1777548300,7193,7195,7192.75,7194.5
1777548360,7194.75,7196.5,7194.5,7196
1777548420,7196,7196.75,7195.75,7196
1777548480,7196,7198.5,7195.75,7197.75
1777548540,7197.75,7200.5,7197.75,7199.5
1777548600,7199.75,7199.75,7196.5,7198
1777548660,7198,7199,7196,7196.25
1777548720,7196.25,7196.5,7194,7194.25
1777548780,7194.25,7195.25,7193.5,7194.5
1777548840,7194.5,7195.5,7193.75,7195.5
1777548900,7195.5,7195.75,7194.25,7194.5
1777548960,7194.5,7196,7193.75,7195.75
1777549020,7195.75,7197.25,7195.25,7195.75
1777549080,7195.5,7196,7194.75,7195.5
1777549140,7195.25,7195.75,7193.25,7193.75
1777549200,7193.75,7194,7191,7191.5
1777549260,7191.5,7193.25,7190.75,7193
1777549320,7193,7193.75,7191.25,7191.75
1777549380,7192,7193.25,7191.25,7193
1777549440,7193,7193,7192,7192
1777549500,7192,7194.5,7191.25,7193.5
1777549560,7193.5,7195,7193,7194.5
1777549620,7194.75,7195.25,7194,7194.75
1777549680,7194.75,7197,7194.5,7196.5
1777549740,7196.5,7196.75,7195.5,7195.75
1777549800,7196,7196.75,7193,7193.25
1777549860,7193.5,7194.25,7192.75,7193.5
1777549920,7193.5,7193.75,7193,7193.5
1777549980,7193.5,7193.75,7192.5,7193
1777550040,7193,7194.5,7192.5,7194.5
1777550100,7194.5,7196.5,7194.25,7195.75
1777550160,7195.75,7196.75,7195.5,7196
1777550220,7196,7197.75,7196,7196.5
1777550280,7196.5,7197,7195.5,7195.5
1777550340,7195.5,7196,7193.25,7194.5
1777550400,7194.5,7195.5,7194,7195
1777550460,7195,7195.75,7194,7195.25
1777550520,7195.25,7195.25,7193.25,7193.5
1777550580,7193.5,7194.25,7193.25,7194
1777550640,7194,7196.25,7193.5,7196.25
1777550700,7196.25,7196.25,7193.5,7194.5
1777550760,7194.5,7198.25,7194.25,7197.5
1777550820,7197.5,7198.5,7197.25,7198.5
1777550880,7198.25,7199.25,7197.5,7198.25
1777550940,7198.5,7198.75,7197.25,7197.75
1777551000,7198,7199.25,7197.25,7199.25
1777551060,7199,7201,7198.5,7200.5
1777551120,7200.75,7201.5,7199.75,7200.75
1777551180,7200.75,7202.5,7200,7201.75
1777551240,7201.75,7202.5,7201.5,7201.5
1777551300,7201.5,7207.75,7201.5,7203.25
1777551360,7203.25,7206,7202.75,7206
1777551420,7205.75,7208,7205.5,7207
1777551480,7207,7208.5,7206.5,7207.25
1777551540,7207,7208.25,7206.5,7207.5
1777551600,7207.75,7208.75,7207.5,7208
1777551660,7208,7211.5,7208,7210.25
1777551720,7210,7210.5,7207.25,7208
1777551780,7208,7208,7206.75,7207.25
1777551840,7207.25,7210,7207.25,7209.25
1777551900,7209.25,7209.75,7208.5,7209
1777551960,7208.75,7209.5,7207.5,7209.5
1777552020,7209.75,7210.5,7208.75,7208.75
1777552080,7208.5,7208.5,7206.25,7207.75
1777552140,7208,7210,7207.75,7209.25
1777552200,7209.75,7210.25,7207,7208.5
1777552260,7208.75,7209.5,7205,7205
1777552320,7205,7206,7202,7204.25
1777552380,7204.25,7204.25,7202.25,7202.75
1777552440,7202.75,7203,7200.25,7200.75
1777552500,7200.75,7201.25,7199.75,7200.75
1777552560,7201,7202.5,7199.25,7200.25
1777552620,7200.25,7201.25,7199.25,7200.25
1777552680,7200.25,7202,7200,7201.75
1777552740,7201.75,7202.5,7201.5,7201.75
1777552800,7201.75,7202.5,7199.5,7200.5
1777552860,7200.75,7200.75,7199.25,7200.25
1777552920,7200.25,7202.25,7200,7201.5
1777552980,7201.5,7201.5,7199.5,7199.75
1777553040,7199.75,7200.25,7197,7199.5
1777553100,7199.5,7201.25,7198.25,7201.25
1777553160,7201.25,7202.75,7200.75,7202.25
1777553220,7202.5,7203.5,7201.5,7203
1777553280,7203,7205,7202.25,7202.75
1777553340,7202.5,7202.5,7200,7201
1777553400,7200.75,7201.75,7200.25,7201.25
1777553460,7201,7204,7201,7203
1777553520,7203,7205,7202.5,7204.5
1777553580,7204.5,7205,7203,7203.25
1777553640,7203.25,7204.25,7203.25,7203.5
1777553700,7203.25,7204.5,7202.75,7203.75
1777553760,7203.5,7205.5,7203.5,7204.75
1777553820,7205,7205,7204,7204.5
1777553880,7204.25,7204.5,7203,7204.5
1777553940,7204.25,7204.75,7203.75,7204
1777554000,7204,7206.5,7204,7205.25
1777554060,7205.25,7207.25,7205,7206.25
1777554120,7206,7207.25,7205.75,7207
1777554180,7206.75,7208.5,7206.5,7207.75
1777554240,7207.5,7209.25,7207,7207.75
1777554300,7207.75,7208.25,7205.75,7207.25
1777554360,7207.5,7208,7206,7206.5
1777554420,7206.5,7207.25,7206.25,7206.75
1777554480,7206.75,7207.5,7206.25,7207.5
1777554540,7207.5,7209.75,7207.5,7208.5
1777554600,7208.25,7208.25,7202,7202.5
1777554660,7202.75,7204,7202.25,7203.75
1777554720,7203.75,7204,7200.75,7202.25
1777554780,7202.25,7202.75,7201.75,7202.25
1777554840,7202.25,7202.5,7201.75,7202
1777554900,7202.25,7203.25,7202,7202.75
1777554960,7203,7204,7202.5,7203
1777555020,7203,7203.75,7202.75,7203
1777555080,7203,7204.5,7203,7203.75
1777555140,7203.5,7204,7202.75,7203.25
1777555200,7203.5,7204,7202.75,7203.5
1777555260,7203.75,7203.75,7201.5,7202.75
1777555320,7203,7204.25,7203,7203.75
1777555380,7204,7204.25,7202,7202
1777555440,7202,7203,7201.25,7201.25
1777555500,7201.25,7203,7200.5,7202.5
1777555560,7202.5,7202.75,7201.25,7201.75
1777555620,7201.5,7201.5,7200.25,7200.5
1777555680,7200.5,7201,7199.25,7200
1777555740,7200,7201,7199.25,7200.25
1777555800,7200,7200.75,7189.25,7189.75
1777555860,7190,7190.75,7184.5,7185.25
1777555920,7185,7189.5,7184.75,7187.25
1777555980,7187.25,7190,7183.5,7183.75
1777556040,7183.75,7184.5,7180.75,7181.25
1777556100,7181.25,7182,7175.25,7176.75
1777556160,7176.75,7181,7176.5,7180.5
1777556220,7180.75,7183.5,7174.5,7176
1777556280,7176.25,7177.25,7174,7176.25
1777556340,7176.5,7176.75,7170.75,7171
1777556400,7171.25,7171.75,7166.75,7170
1777556460,7170.25,7173,7168.5,7169.25
1777556520,7169.25,7173.75,7168.75,7173.25
1777556580,7173.5,7179,7172.75,7178
1777556640,7178,7182.25,7177.25,7181.5
1777556700,7181.25,7184.5,7178.5,7184
1777556760,7184,7185,7175.25,7176
1777556820,7176,7178.75,7173.25,7178.25
1777556880,7178.5,7179.5,7174.75,7177.25
1777556940,7177.25,7179,7174.75,7177.75
1777557000,7178,7181,7176.5,7176.75
1777557060,7176.75,7176.75,7172.25,7172.75
1777557120,7172.5,7174.75,7166.75,7169.25
1777557180,7169.25,7173.75,7169,7169.75
1777557240,7169.75,7170.5,7167,7167.25
1777557300,7167,7167.25,7164,7165.25
1777557360,7165.25,7167.25,7163.75,7165.25
1777557420,7165.25,7167.5,7161.5,7161.75
1777557480,7161.75,7165.75,7160.25,7165
1777557540,7164.75,7168.25,7164.25,7165.25
1777557600,7165.25,7171,7164.75,7169.75
1777557660,7169.75,7172.5,7169.5,7171
1777557720,7171.25,7175,7170.75,7173
1777557780,7173.25,7173.75,7171.5,7172.75
1777557840,7173,7173,7168.5,7171.75
1777557900,7171.75,7174.25,7170.75,7170.75
1777557960,7170.75,7175.5,7168,7168.25
1777558020,7168.5,7171.25,7167,7169.25
1777558080,7169.25,7169.75,7160.5,7160.5
1777558140,7160.75,7165,7159.25,7164.75
1777558200,7164.75,7166.25,7161.25,7163.5
1777558260,7163.5,7164.5,7162,7162.75
1777558320,7163,7168,7162.75,7166
1777558380,7166.25,7172.5,7165.25,7170.75
1777558440,7170.75,7171.25,7167.5,7169.25
1777558500,7169.5,7169.75,7165.75,7167.5
1777558560,7167.5,7167.5,7157.75,7158.5
1777558620,7158.5,7163.75,7157.25,7161
1777558680,7161.25,7167.75,7159.75,7166.25
1777558740,7166.5,7169.5,7165.25,7168.5
1777558800,7168.5,7172,7168.25,7170.75
1777558860,7171,7172.25,7168.75,7170.5
1777558920,7170.5,7176.5,7168.75,7175
1777558980,7175,7176,7171.5,7172
1777559040,7172.25,7172.75,7169.5,7172.5
1777559100,7172.5,7173,7169.5,7169.75
1777559160,7170,7170.25,7166.5,7166.5
1777559220,7166.5,7168.25,7165.75,7168
1777559280,7168,7171.25,7167,7169.75
1777559340,7169.75,7174,7169,7173.25
1777559400,7173.25,7175.25,7169.5,7175
1777559460,7175,7180.5,7175,7179
1777559520,7179,7181.25,7178.25,7179
1777559580,7179.25,7180.25,7172.25,7173.5
1777559640,7173.5,7173.5,7168.25,7171.5
1777559700,7171.5,7173,7169.25,7172.25
1777559760,7172.25,7172.5,7165.25,7167.5
1777559820,7167.5,7169.25,7165.25,7168.25
1777559880,7168.25,7170.5,7166.75,7168.25
1777559940,7168.5,7168.5,7164.75,7166.25
1777560000,7166.5,7172.5,7166.5,7172
1777560060,7172,7173.75,7169.5,7173.75
1777560120,7173.75,7174.5,7172,7173.25
1777560180,7173,7176.5,7173,7175.75
1777560240,7175.75,7177,7174.25,7175.5
1777560300,7175.5,7179.75,7175.25,7178
1777560360,7178.25,7182.5,7178.25,7181.75
1777560420,7181.75,7183.5,7181,7182.5
1777560480,7182.5,7184.5,7181.5,7182
1777560540,7182,7183.25,7180.5,7181.5
1777560600,7181.5,7184,7180.25,7182.5
1777560660,7182.5,7188.75,7181.75,7188
1777560720,7188,7190.75,7187.75,7190
1777560780,7190,7190.25,7188,7189.75
1777560840,7189.75,7192.25,7189.25,7190.5
1777560900,7190.25,7194.25,7190,7194
1777560960,7194,7194.5,7191.75,7192.5
1777561020,7192.25,7194.5,7192,7193.75
1777561080,7194,7194.25,7192,7193.5
1777561140,7193.75,7194.75,7192,7192
1777561200,7192,7196.5,7192,7194.25
1777561260,7194.5,7198,7194,7197.25
1777561320,7197.25,7197.5,7192.75,7193.5
1777561380,7193.5,7194.75,7192.25,7192.75
1777561440,7193,7193.5,7190.75,7192.25
1777561500,7192,7192.5,7189.5,7189.5
1777561560,7189.75,7191.75,7188.75,7190
1777561620,7190.25,7195.75,7189.5,7194.5
1777561680,7194.5,7195.5,7193.75,7194.25
1777561740,7194.25,7197.5,7193.75,7197.25
1777561800,7197.25,7198.75,7195.75,7197.75
1777561860,7197.75,7198.75,7196.75,7197.5
1777561920,7197.75,7198.5,7193.75,7194.5
1777561980,7194.75,7194.75,7192,7194.75
1777562040,7194.75,7197,7193.75,7196.5
1777562100,7196.75,7198.25,7196,7196.5
1777562160,7196.5,7196.75,7195.25,7195.75
1777562220,7195.75,7197.25,7193.75,7195.5
1777562280,7195.75,7196.25,7194.25,7194.5
1777562340,7194.75,7195.75,7193.25,7195.5
1777562400,7195.5,7196,7194.75,7195.25
1777562460,7195.5,7196,7192.25,7192.5
1777562520,7192.75,7193.75,7191,7193
1777562580,7193,7194.5,7192.5,7194.25
1777562640,7194.25,7196.5,7193.75,7196
1777562700,7196.25,7199.25,7195,7197.75
1777562760,7198,7198.75,7196.75,7197
1777562820,7197,7198,7195.5,7197.5
1777562880,7197.5,7197.75,7196.5,7196.5
1777562940,7196.5,7199.5,7196.5,7197.75
1777563000,7197.5,7199.75,7197.25,7199.5
1777563060,7199.5,7202.75,7198.75,7201
1777563120,7201.25,7203,7199,7200
1777563180,7200,7200.5,7197.5,7198.25
1777563240,7198.5,7199.5,7197.25,7197.75
1777563300,7197.5,7197.75,7195,7195.5
1777563360,7195.5,7196.75,7193,7196.75
1777563420,7196.75,7196.75,7192.75,7193.5
1777563480,7193.5,7194.75,7192,7194
1777563540,7194.25,7194.75,7192.75,7193.25
1777563600,7193.25,7193.5,7190.75,7191.5
1777563660,7191.75,7194.25,7191.5,7193.5
1777563720,7193.5,7193.5,7190.75,7191.5
1777563780,7191.25,7193.5,7191.25,7192.75
1777563840,7192.5,7193.25,7191.5,7192.5
1777563900,7192.25,7192.75,7189,7189.75
1777563960,7189.75,7191,7188.25,7190
1777564020,7189.75,7190.25,7187.75,7188.75
1777564080,7188.5,7193.25,7188,7192.5
1777564140,7192.5,7194,7192.25,7194
1777564200,7194,7197.25,7193.25,7196.75
1777564260,7196.5,7199.5,7195.75,7198.25
1777564320,7198.25,7199,7196.5,7198.5
1777564380,7198.5,7199.5,7196.75,7199
1777564440,7198.75,7201,7198.75,7200.75
1777564500,7200.75,7203.75,7200.5,7203
1777564560,7203.25,7204.25,7201.5,7202.25
1777564620,7202.25,7202.75,7200.5,7201
1777564680,7200.75,7202,7200.25,7201
1777564740,7200.75,7201.25,7199.25,7199.25
1777564800,7199.5,7200.25,7197.5,7199
1777564860,7199,7200,7196.5,7196.75
1777564920,7196.75,7197,7194.25,7195.25
1777564980,7195.25,7197.5,7194.75,7197.5
1777565040,7197.5,7200,7197.5,7198.75
1777565100,7199,7200.75,7198.75,7200.75
1777565160,7200.75,7202.25,7198.75,7201.75
1777565220,7201.5,7201.5,7200.25,7201.5
1777565280,7201.75,7203,7201.25,7202
1777565340,7202,7202,7200.25,7200.75
1777565400,7200.5,7201.75,7199.75,7201
1777565460,7200.75,7202.5,7200.75,7202.25
1777565520,7202.5,7204.5,7202.5,7203.75
1777565580,7204,7207.5,7203.75,7206
1777565640,7206.25,7207,7205.5,7206.75
1777565700,7206.5,7207.25,7204.25,7204.5
1777565760,7204.5,7204.5,7202.5,7203.5
1777565820,7203.5,7204.75,7203,7204.75
1777565880,7204.75,7205.75,7204.25,7205.25
1777565940,7205,7205.75,7204,7205.25
1777566000,7205.25,7206.25,7204.25,7204.75
1777566060,7204.75,7205.25,7203.5,7204
1777566120,7203.75,7205.75,7203.5,7205.5
1777566180,7205.25,7205.25,7202.75,7203
1777566240,7203,7204,7202.5,7203
1777566300,7202.75,7203,7201,7203
1777566360,7202.75,7204.75,7202.75,7203.5
1777566420,7203.5,7204.25,7202.75,7203.5
1777566480,7203.25,7204.75,7203,7204.5
1777566540,7204.25,7206,7203.75,7205.5
1777566600,7205.5,7207,7205.25,7205.75
1777566660,7205.5,7205.5,7203.75,7204.75
1777566720,7204.5,7206.5,7204.25,7206
1777566780,7205.75,7206,7205,7205.5
1777566840,7205.5,7205.5,7203.75,7204.25
1777566900,7204,7204.5,7203,7204.5
1777566960,7204.5,7204.75,7203,7204.25
1777567020,7204.25,7204.75,7202.5,7203.25
1777567080,7203.25,7204.25,7203,7204
1777567140,7204,7205.5,7203,7205.25
1777567200,7205.25,7206,7204,7204
1777567260,7204,7204.5,7202.5,7202.75
1777567320,7203,7203.75,7202.5,7203.5
1777567380,7203.5,7204,7202.75,7202.75
1777567440,7202.75,7203.75,7199.5,7201
1777567500,7201.25,7201.25,7198,7199.25
1777567560,7199,7201.25,7198,7201.25
1777567620,7201,7202.5,7200,7200.75
1777567680,7200.75,7201.5,7199.25,7200.25
1777567740,7200,7202.5,7200,7201.75
1777567800,7201.5,7201.75,7200,7200
1777567860,7200,7200.25,7197,7197.75
1777567920,7197.75,7198.25,7196.5,7197.25
1777567980,7197.5,7198,7196.25,7197
1777568040,7197,7197.75,7195.25,7197.25
1777568100,7197.25,7197.5,7194.5,7194.75
1777568160,7194.5,7195.75,7194,7194.25
1777568220,7194.25,7194.25,7192.5,7193.25
1777568280,7193.25,7196.25,7193,7196
1777568340,7196.25,7197.5,7196.25,7197
1777568400,7197.25,7202.25,7196.75,7201.5
1777568460,7201.75,7205,7201,7204.75
1777568520,7204.75,7205.25,7201.25,7201.75
1777568580,7201.75,7202.5,7200.75,7201.75
1777568640,7201.5,7203.25,7201.25,7203.25
1777568700,7203.25,7204,7203,7203.5
1777568760,7203.5,7204.25,7202,7203.5
1777568820,7203.5,7204.75,7202.5,7204.5
1777568880,7204.25,7205.5,7204,7205.25
1777568940,7205.25,7206.25,7205,7205.75
1777569000,7205.75,7208,7205,7207.5
1777569060,7207.5,7208,7206.5,7208
1777569120,7208,7209,7206.5,7207
1777569180,7207.25,7210,7207,7209
1777569240,7209,7210,7208.5,7209
1777569300,7209,7209,7207,7207.25
1777569360,7207.25,7207.75,7206.75,7207.5
1777569420,7207.5,7207.75,7206,7206
1777569480,7206,7208,7205.5,7208
1777569540,7208,7209,7207.5,7208.25
1777569600,7208.25,7209.75,7208,7209.25
1777569660,7209.5,7209.75,7208.75,7208.75
1777569720,7208.75,7209.25,7207.75,7208.25
1777569780,7208.25,7209.25,7206,7209
1777569840,7208.75,7211.25,7207.75,7210.5
1777569900,7210.75,7211,7209.25,7210.25
1777569960,7210.25,7211.25,7208.25,7209.5
1777570020,7209.25,7210.5,7209,7209.5
1777570080,7209.5,7210,7208.75,7209.75
1777570140,7209.5,7213,7209,7212
1777570200,7212,7220,7212,7219
1777570260,7218.75,7220.75,7215,7216
1777570320,7215.75,7217,7214.75,7215.25
1777570380,7215.25,7215.75,7214.5,7215.25
1777570440,7215,7216.75,7214.5,7216
1777570500,7216.25,7218.75,7216.25,7217
1777570560,7217,7218.25,7216.25,7218
1777570620,7218,7218.75,7217.25,7218.5
1777570680,7218.25,7218.75,7217.25,7217.5
1777570740,7217.5,7219,7216.75,7218.75
1777570800,7218.5,7218.75,7217,7217.25
1777570860,7217,7218.75,7217,7218.5
1777570920,7218.5,7218.75,7216.5,7217.25
1777570980,7217.5,7218.5,7216.75,7218.5
1777571040,7218.5,7219,7217.5,7218.25
1777571100,7218.25,7221.25,7218,7221
1777571160,7221,7222.5,7220.5,7222.25
1777571220,7222,7222.5,7221.25,7221.25
1777571280,7221,7222.25,7220.5,7221.75
1777571340,7221.75,7222,7221,7221.5
1777571400,7221.5,7222.25,7220.75,7221.75
1777571460,7222,7222,7219.75,7220.5
1777571520,7220.5,7221,7219.5,7220.25
1777571580,7220.25,7221.75,7219.75,7221.25
1777571640,7221.25,7221.25,7220.5,7220.75
1777571700,7221,7221.25,7220.25,7221.25
1777571760,7221.5,7222.75,7221.25,7222.25
1777571820,7222.25,7224,7222.25,7223.25
1777571880,7223.25,7224.75,7223,7224.5
1777571940,7224.75,7225.5,7224,7224.75
1777572000,7224.75,7231,7224.25,7230.75
1777572060,7231,7231.75,7229.5,7231.25
1777572120,7231.25,7233.25,7230.75,7232
1777572180,7232.25,7233.25,7231.25,7232.25
1777572240,7232.25,7232.25,7230.25,7231.75
1777572300,7232,7232,7229.25,7229.75
1777572360,7230,7232,7230,7230.75
1777572420,7230.75,7231,7229.75,7229.75
1777572480,7230,7230.75,7228.75,7230.5
1777572540,7230.5,7231,7229,7229.25
1777572600,7229.25,7230.25,7228.5,7229.25
1777572660,7229.5,7230.75,7229,7229.75
1777572720,7230,7232,7229.75,7231.5
1777572780,7231.75,7232.5,7231,7232
1777572840,7232,7232.25,7231.5,7231.5
1777572900,7231.75,7232.75,7231.5,7232
1777572960,7232.25,7235,7231.75,7234.5
1777573020,7234.5,7235,7232.75,7233.5
1777573080,7233.75,7234.25,7233.5,7234.25
1777573140,7234,7234.75,7232.25,7232.5
1777573200,7232.5,7233.5,7231.25,7233
1777573260,7233,7233.5,7231.5,7232.25
1777573320,7232.25,7233,7231.75,7232.25
1777573380,7232.25,7233.25,7231.75,7232.25
1777573440,7232.25,7232.5,7230.5,7231
1777573500,7231,7232,7230.25,7231.75
1777573560,7231.75,7231.75,7230.5,7230.75
1777573620,7230.75,7231.5,7230,7231
1777573680,7230.75,7231.75,7230,7231.75
1777573740,7232,7232.75,7231.5,7232.5
1777573800,7232.5,7237.25,7232.25,7234.5
1777573860,7234.75,7235.5,7233.75,7235
1777573920,7234.75,7235.25,7233.25,7235
1777573980,7234.75,7235,7233.5,7234.25
1777574040,7234.25,7235,7234,7234.75
1777574100,7234.5,7237.5,7234.5,7236.25
1777574160,7236.25,7238.75,7235.5,7238
1777574220,7237.75,7239.25,7237,7239
1777574280,7239,7239.5,7238.25,7238.25
1777574340,7238.5,7239,7237.75,7238.75
1777574400,7238.75,7240.5,7238.5,7239.5
1777574460,7239.5,7240.5,7238.75,7240
1777574520,7239.75,7240.75,7238.5,7239.25
1777574580,7239.25,7240.75,7239,7239.75
1777574640,7239.75,7240.25,7239,7239.5
1777574700,7239.25,7240.25,7239,7240
1777574760,7240,7240.25,7239.25,7239.5
1777574820,7239.75,7240.5,7239.25,7240.25
1777574880,7240.25,7240.75,7240,7240.75
1777574940,7240.75,7241.25,7240,7240.25
1777575000,7240.25,7242,7239.75,7241
1777575060,7240.75,7241,7238.75,7239.75
1777575120,7239.75,7240.75,7239.5,7239.75
1777575180,7239.75,7240,7238,7238.25
1777575240,7238.25,7239.5,7238,7238.5
1777575300,7238.75,7239.75,7238.25,7238.75
1777575360,7238.5,7238.5,7237.25,7237.75
1777575420,7237.75,7238.75,7237.25,7237.75
1777575480,7238,7238,7236.5,7237.5
1777575540,7237.5,7238.5,7237,7237.5
1777575600,7237.5,7239.75,7236.25,7239.75
1777575660,7239.75,7241.25,7239.5,7240.25
1777575720,7240.5,7242,7240.25,7241.5
1777575780,7241.75,7242,7240.25,7240.5
1777575840,7240.75,7241.25,7239.75,7241.25
1777575900,7241.25,7241.75,7240,7240.25
1777575960,7240.5,7245,7240,7241.25
1777576020,7241.5,7242.25,7240.25,7242.25
1777576080,7242.25,7242.25,7240.75,7241
1777576140,7241.25,7242.75,7240.75,7242.75
1777576200,7242.75,7245.75,7242.25,7243.75
1777576260,7244,7245,7243.5,7244.25
1777576320,7244.5,7245.75,7244.25,7245
1777576380,7245.25,7247.5,7245,7247
1777576440,7247,7247,7246.25,7246.5
1777576500,7246.5,7246.5,7245.5,7245.5
1777576560,7245.75,7247.5,7245.5,7246.5
1777576620,7246.5,7248,7246.25,7246.75
1777576680,7246.75,7247.25,7245.75,7246
1777576740,7246,7246.5,7245,7245.25
1777576800,7245.25,7245.5,7243.75,7245.25
1777576860,7245.25,7245.5,7244,7245.25
1777576920,7245.25,7245.75,7244.75,7245
1777576980,7245.25,7246.25,7245,7245.75
1777577040,7245.75,7247,7245.5,7246.75
1777577100,7246.75,7247.5,7246,7247
1777577160,7247.25,7247.75,7245.75,7246.25
1777577220,7246.25,7247,7245.75,7245.75
1777577280,7245.5,7246.5,7245.25,7246
1777577340,7245.75,7246.75,7244.25,7245
1777577400,7245,7245.25,7242.75,7243.25
1777577460,7243,7244.5,7242.5,7243.25
1777577520,7243.25,7243.5,7241.25,7242.25
1777577580,7242,7244,7241.75,7243.75
1777577640,7243.5,7244.5,7243,7243.75
1777577700,7243.5,7244.5,7243,7243
1777577760,7243,7244.75,7242.75,7244.25
1777577820,7244,7244.5,7242.5,7243.75
1777577880,7243.75,7244.25,7243.25,7244
1777577940,7243.75,7246.5,7243.75,7246
1777578000,7245.75,7246.25,7243.5,7243.75
1777578060,7243.5,7245,7242.75,7244.75
1777578120,7244.5,7246.25,7244.25,7246
1777578180,7245.75,7247.5,7245.75,7247
1777578240,7246.75,7248.5,7246.5,7248.25
1777578300,7248,7248.5,7245.75,7245.75
1777578360,7246,7247.5,7245.75,7247
1777578420,7247,7247.5,7246.25,7246.75
1777578480,7246.75,7248,7246.25,7247
1777578540,7247,7249.75,7246.5,7249.25
1777578600,7249,7251.25,7247,7248
1777578660,7248,7248.25,7246,7246.5
1777578720,7246.25,7246.25,7242.25,7244
1777578780,7243.75,7247,7243.75,7246
1777578840,7246,7248.25,7245.25,7246.75
1777578900,7246.75,7247,7243.5,7244.5
1777578960,7244.25,7244.5,7241.5,7243.25
1777579020,7243.25,7244.25,7241.75,7243.75
1777579080,7243.75,7245,7241.5,7243.25
1777579140,7243.25,7251.75,7237.25,7238.25
1777579200,7238,7243.75,7238,7242
1777579260,7242,7243,7239.75,7241.5
1777579320,7241.25,7243.25,7240.75,7241.5
1777579380,7241.25,7245.25,7240.75,7244.25
1777579440,7244.25,7245.25,7240.75,7241.5
1777579500,7241.25,7247,7241.25,7244.75
1777579560,7244.75,7244.75,7242.25,7244
1777579620,7244,7244,7241.5,7242
1777579680,7242,7244,7241.5,7243
1777579740,7243.25,7245,7242.25,7243.75
1777579800,7243.75,7245,7243.5,7244.5
1777579860,7244.5,7244.75,7243.25,7244.75
1777579920,7244.75,7245.5,7243.75,7244.75
1777579980,7244.75,7246.25,7244.25,7246
1777580040,7245.75,7246.25,7244.5,7245
1777580100,7245,7247.5,7245,7246.25
1777580160,7246,7246.5,7243.75,7244.5
1777580220,7244.5,7245,7244,7244.5
1777580280,7244.5,7246.5,7244,7245.25
1777580340,7245,7246.5,7245,7246.25
1777580400,7246.5,7248,7246.25,7246.5
1777580460,7246.5,7246.75,7246,7246.25
1777580520,7246.25,7247,7246.25,7246.75
1777580580,7246.75,7249,7246.75,7248.75
1777580640,7248.5,7250,7248.5,7249.5
1777580700,7249.25,7251,7249.25,7250.25
1777580760,7250.25,7251.5,7249,7250
1777580820,7250,7250.75,7250,7250
1777580880,7250,7250.5,7249,7249
1777580940,7249,7250,7248.75,7249.5
1777581000,7249.25,7249.25,7242.5,7246.25
1777581060,7246,7249.5,7244.75,7246
1777581120,7245.5,7249.5,7245,7249
1777581180,7249,7253.5,7248.75,7250.25
1777581240,7250.5,7250.5,7248,7248.75
1777581300,7248.5,7250.25,7247.75,7247.75
1777581360,7248,7249,7247,7247
1777581420,7246.75,7247.25,7245.75,7246
1777581480,7246.25,7246.25,7244.5,7245
1777581540,7245,7246.25,7244.75,7246
1777581600,7246,7246.5,7245.25,7245.25
1777581660,7245,7246.25,7244.75,7245.25
1777581720,7245.25,7245.25,7244,7244.75
1777581780,7244.75,7245.25,7244,7244
1777581840,7244,7244.75,7243.75,7244.25
1777581900,7244.25,7244.5,7243.75,7244.25
1777581960,7244.5,7244.75,7243.75,7244.25
1777582020,7244,7245.25,7244,7245.25
1777582080,7245.25,7246.75,7245.25,7246
1777582140,7246,7246.75,7245.75,7246.5
1777582200,7246.25,7247,7246.25,7246.25
1777582260,7246.25,7246.5,7245.75,7246
1777582320,7246,7247,7246,7246.75
1777582380,7246.5,7247.5,7245.5,7246.5
1777582440,7246.25,7248,7246.25,7247.75
1777582500,7247.5,7249,7246.75,7247
1777582560,7246.75,7247.75,7246.5,7247.25
1777582620,7247,7248,7244.75,7246.25
1777582680,7246.25,7247.75,7246,7247
1777582740,7247.25,7247.75,7246.5,7246.75
1777586400,7256,7258,7252,7254.75
1777586460,7254.25,7256.25,7254,7255.25
1777586520,7255,7255.75,7254.25,7255.25
1777586580,7255.25,7255.5,7253,7253.5
1777586640,7253.5,7254.5,7252.75,7254.25
1777586700,7254.25,7255.75,7253.75,7255
1777586760,7255,7258.75,7254.75,7257.75
1777586820,7257.75,7258.75,7257.5,7258.5
1777586880,7258.5,7260.75,7258.25,7260.25
1777586940,7260.25,7262.25,7259.75,7262
1777587000,7261.75,7262,7260.5,7261.25
1777587060,7261.25,7261.25,7259.75,7260.5
1777587120,7260.25,7262,7260.25,7262
1777587180,7261.75,7263.5,7261.75,7262.75
1777587240,7262.5,7263,7261,7261.5
1777587300,7261.75,7262.25,7260.75,7261.75
1777587360,7261.75,7262.25,7261,7261.5
1777587420,7261.5,7262,7261,7261.75
1777587480,7261.5,7262,7260.5,7260.75
1777587540,7260.5,7260.5,7258,7258
1777587600,7258,7259,7257.75,7259
1777587660,7259.25,7259.25,7258.75,7259
1777587720,7259,7259.25,7258.75,7258.75
1777587780,7258.75,7258.75,7257.75,7258
1777587840,7257.75,7258,7256.5,7256.5
1777587900,7256.75,7257.5,7256.5,7257.25
1777587960,7257,7257.5,7257,7257
1777588020,7256.75,7257,7256.25,7256.5
1777588080,7256.5,7257.25,7256.5,7257
1777588140,7257.25,7258,7257.25,7257.5
1777588200,7257.5,7257.75,7256.75,7257.25
1777588260,7257.25,7257.5,7256.5,7257.25
1777588320,7257.25,7257.5,7256,7256
1777588380,7256,7256.5,7255.25,7255.5
1777588440,7255.5,7256.25,7255.5,7256.25
1777588500,7256.5,7256.75,7255.5,7255.5
1777588560,7255.75,7255.75,7254.5,7254.75
1777588620,7255,7255.5,7254.75,7255.25
1777588680,7255,7256.75,7255,7256.75
1777588740,7256.5,7257.25,7256.25,7256.25
1777588800,7256.25,7256.5,7256,7256.5
1777588860,7256.75,7257.75,7256.5,7257
1777588920,7256.75,7257.25,7256.5,7257
1777588980,7257,7257,7256,7256.75
1777589040,7256.75,7256.75,7256,7256.25
1777589100,7256.25,7256.25,7255.75,7256
1777589160,7256,7256.25,7254.75,7255
1777589220,7254.75,7254.75,7253.25,7253.5
1777589280,7253.25,7253.5,7252.25,7252.75
1777589340,7252.75,7253.25,7252.5,7253
1777589400,7253,7253.25,7252.75,7252.75
1777589460,7253,7253.5,7251.25,7251.75
1777589520,7251.75,7252.5,7251.25,7252
1777589580,7252,7252,7247.5,7249
1777589640,7248.75,7250,7248.5,7249.5
1777589700,7249.25,7250,7249,7250
1777589760,7250,7250,7248,7248.5
1777589820,7248.5,7248.75,7246.25,7247.75
1777589880,7247.75,7248.75,7247.75,7248.75
1777589940,7248.75,7250,7248.75,7250
1777590000,7250,7250.75,7249,7250.75
1777590060,7251,7251.5,7250,7251
1777590120,7250.75,7250.75,7250.25,7250.5
1777590180,7250.25,7250.75,7250,7250.75
1777590240,7250.75,7251.75,7250.75,7251.75
1777590300,7251.75,7252.75,7251.75,7252.25
1777590360,7252,7252.5,7251.25,7251.5
1777590420,7251.75,7252,7251.5,7251.75
1777590480,7251.75,7252,7250.75,7251
1777590540,7251,7251,7249,7249
1777590600,7249.25,7250,7249.25,7249.75
1777590660,7249.75,7250.75,7249.25,7250.75
1777590720,7250.5,7251.25,7250,7250.5
1777590780,7250.25,7250.5,7249.75,7249.75
1777590840,7249.5,7250,7249.25,7249.75
1777590900,7249.75,7251,7249,7251
1777590960,7250.5,7251,7250.5,7250.75
1777591020,7251,7251.75,7250.75,7251.25
1777591080,7251.25,7254.75,7250.75,7252.75
1777591140,7252.5,7253,7252,7252.25
1777591200,7252,7252,7251.25,7251.75
1777591260,7252,7252.5,7252,7252
1777591320,7252,7252.75,7251.75,7252.75
1777591380,7252.75,7252.75,7252.25,7252.5
1777591440,7252.5,7252.5,7252.5,7252.5
1777591500,7252.75,7253.25,7252.5,7253
1777591560,7252.75,7253.25,7252.75,7253.25
1777591620,7253.25,7253.5,7253.25,7253.5
1777591680,7253.5,7253.75,7253,7253.75
1777591740,7253.75,7254.25,7253.5,7254
1777591800,7254,7254.75,7252.5,7253
1777591860,7253,7253.5,7252.75,7253
1777591920,7253.25,7254.75,7253.25,7254.5
1777591980,7254.5,7255.5,7254.5,7255
1777592040,7254.75,7255.5,7254.75,7255.25
1777592100,7255,7257,7255,7256.25
1777592160,7256,7257.25,7255.75,7256.25
1777592220,7256.5,7256.75,7256,7256.25
1777592280,7256.25,7256.25,7255.5,7256
1777592340,7256,7256,7255.25,7256
1777592400,7256,7256.25,7256,7256
1777592460,7256,7256,7255.25,7255.25
1777592520,7255.25,7255.25,7254.75,7255
1777592580,7255,7255,7254.25,7254.5
1777592640,7254.5,7255,7254.25,7254.25
1777592700,7254,7255.5,7253,7255.5
1777592760,7255.5,7256,7255.25,7256
1777592820,7255.5,7255.75,7255,7255.5
1777592880,7255.75,7255.75,7255,7255
1777592940,7255,7255.5,7255,7255.25
1777593000,7255.5,7256.25,7255,7256
1777593060,7256,7256.25,7255.25,7255.25
1777593120,7255.25,7255.25,7254.25,7254.5
1777593180,7254.5,7255.5,7254,7254
1777593240,7254,7254.25,7253.25,7253.75
1777593300,7253.75,7254,7249.75,7253.5
1777593360,7253.5,7254.25,7250.25,7252.5
1777593420,7252.75,7253.75,7252.5,7253.25
1777593480,7253,7253.75,7253,7253.25
1777593540,7253,7253,7252,7252.75
1777593600,7252.75,7254.25,7252.75,7253.5
1777593660,7253.25,7256,7253.25,7254.75
1777593720,7254.75,7257.25,7254.25,7256.75
1777593780,7256.75,7257.25,7256,7256.5
1777593840,7256.5,7258,7256.5,7257.5
1777593900,7257.25,7257.75,7255.75,7256.25
1777593960,7256.5,7256.5,7253.75,7253.75
1777594020,7254,7255.5,7254,7255
1777594080,7254.75,7255,7254.25,7255
1777594140,7255,7256.75,7254,7255.25
1777594200,7255.5,7255.75,7253.75,7254.25
1777594260,7254.25,7254.5,7252,7253
1777594320,7253,7254.25,7252.75,7254
1777594380,7253.75,7253.75,7251.25,7251.5
1777594440,7251.75,7252.25,7250.5,7252.25
1777594500,7252,7255.25,7252,7255.25
1777594560,7255,7256,7254.5,7255.25
1777594620,7255.25,7255.75,7255,7255.25
1777594680,7255,7257.75,7255,7256.75
1777594740,7256.75,7257.25,7256.25,7257
1777594800,7257,7258.25,7256.25,7258.25
1777594860,7258.25,7258.75,7257.75,7257.75
1777594920,7257.75,7258,7257.25,7257.25
1777594980,7257.5,7258.5,7257,7257.25
1777595040,7257.25,7257.75,7257,7257.25
1777595100,7257,7258.25,7257,7257.75
1777595160,7257.5,7258.25,7257.5,7257.5
1777595220,7257.75,7258.25,7257.5,7258.25
1777595280,7258,7258.5,7257.75,7258.5
1777595340,7258.25,7259,7258.25,7259
1777595400,7258.75,7259.25,7258,7258.5
1777595460,7258.25,7259.5,7258.25,7258.75
1777595520,7258.75,7258.75,7258.25,7258.5
1777595580,7258.5,7259.5,7258.5,7259.25
1777595640,7259,7259.25,7258.25,7259.25
1777595700,7259,7260,7258.75,7259.5
1777595760,7259.25,7259.75,7257.5,7257.5
1777595820,7257.75,7258.5,7257.5,7258.5
1777595880,7258.5,7259,7258.25,7259
1777595940,7259,7259.5,7258.5,7258.5
1777596000,7258.75,7258.75,7258.5,7258.75
1777596060,7259,7259.5,7258.75,7259
1777596120,7259,7259,7257.75,7257.75
1777596180,7257.5,7258.25,7257,7258.25
1777596240,7258.25,7258.75,7258.25,7258.75
1777596300,7259,7259.75,7258.5,7259.5
1777596360,7259.75,7261,7259.75,7260
1777596420,7260,7260.25,7259.5,7259.5
1777596480,7259.25,7260.5,7259,7260.5
1777596540,7260.25,7260.25,7259.25,7259.25
1777596600,7259.25,7259.25,7258.5,7258.5
1777596660,7258.5,7259,7257.75,7258
1777596720,7257.75,7258,7257.5,7257.5
1777596780,7257.5,7257.75,7257.25,7257.75
1777596840,7257.75,7258,7257.25,7258
1777596900,7258,7258.5,7258,7258.5
1777596960,7258.5,7258.5,7258,7258
1777597020,7258,7258.25,7258,7258.25
1777597080,7258.25,7258.25,7257.75,7257.75
1777597140,7258,7258,7257.5,7258
1777597200,7257.75,7258,7257.25,7258
1777597260,7258,7258.25,7255.75,7256.25
1777597320,7256.25,7256.75,7255.75,7256.25
1777597380,7256.25,7256.75,7255.5,7255.75
1777597440,7255.75,7256.5,7255.75,7256.25
1777597500,7256.5,7258.5,7256.5,7258
1777597560,7258.5,7258.75,7257.75,7257.75
1777597620,7257.5,7258.25,7257.5,7257.75
1777597680,7258,7258.5,7257.5,7257.5
1777597740,7257.5,7258.5,7257.25,7258.5
1777597800,7258.5,7259.5,7258.5,7258.5
1777597860,7258.5,7259.5,7258.5,7259.25
1777597920,7259.5,7260.25,7259.25,7260
1777597980,7260.25,7260.25,7260,7260
1777598040,7260.25,7260.75,7260,7260.5
1777598100,7260.75,7261.75,7260.5,7260.5
1777598160,7260.5,7260.75,7260,7260.25
1777598220,7260.25,7260.5,7259.5,7259.5
1777598280,7259.5,7260.25,7259.5,7259.5
1777598340,7259.5,7259.75,7259.5,7259.5
1777598400,7259.5,7260.75,7259.5,7260.5
1777598460,7260.5,7261.25,7260.5,7261.25
1777598520,7261.25,7261.75,7261,7261
1777598580,7261.25,7262,7261.25,7262
1777598640,7262,7262,7261.5,7261.75
1777598700,7261.75,7262.75,7261.75,7262.5
1777598760,7262.5,7262.5,7261.25,7261.5
1777598820,7261.75,7261.75,7261.25,7261.25
1777598880,7261.25,7261.75,7261,7261.75
1777598940,7261.75,7262,7261.5,7261.75
1777599000,7262,7263,7262,7262.5
1777599060,7262.5,7263.75,7262.25,7263.5
1777599120,7263.75,7264,7262.25,7262.25
1777599180,7262.5,7264,7262.25,7263.25
1777599240,7263.5,7263.5,7262.75,7263
1777599300,7263.25,7264,7263.25,7264
1777599360,7264,7264,7263,7263.25
1777599420,7263,7263.5,7263,7263.25
1777599480,7263.25,7263.5,7263,7263
1777599540,7263.25,7263.5,7263.25,7263.5
1777599600,7263.5,7263.75,7262.75,7263
1777599660,7263,7263,7261.75,7262.25
1777599720,7262.25,7262.75,7262,7262.5
1777599780,7262.5,7262.75,7262.5,7262.5
1777599840,7262.25,7262.75,7262.25,7262.25
1777599900,7262.25,7262.25,7261.25,7262.25
1777599960,7262.25,7263.25,7262,7263
1777600020,7263,7263,7262.75,7262.75
1777600080,7262.75,7263,7262.5,7262.75
1777600140,7262.75,7263,7262.25,7262.5
1777600200,7262.25,7263.25,7262.25,7263.25
1777600260,7263,7263,7262.25,7262.5
1777600320,7262.75,7263,7262.5,7262.75
1777600380,7262.75,7263,7262.5,7262.75
1777600440,7262.75,7262.75,7262,7262.25
1777600500,7262.25,7262.5,7262.25,7262.25
1777600560,7262.25,7262.5,7262.25,7262.25
1777600620,7262.25,7263,7262.25,7262.75
1777600680,7263,7263,7262.75,7262.75
1777600740,7262.75,7263,7262.25,7262.75
1777600800,7262.75,7263,7262.25,7262.25
1777600860,7262,7262.5,7262,7262.5
1777600920,7262.5,7263,7262.5,7263
1777600980,7263,7263,7262.5,7262.5
1777601040,7262.75,7263,7262.75,7262.75
1777601100,7262.75,7263,7262.75,7263
1777601160,7263,7263,7262.25,7262.25
1777601220,7262.5,7262.5,7262.25,7262.25
1777601280,7262.25,7262.75,7262.25,7262.5
1777601340,7262.75,7262.75,7262.5,7262.5
1777601400,7262.75,7263,7262.25,7263
1777601460,7263,7263,7262.5,7262.75
1777601520,7262.75,7262.75,7262.5,7262.5
1777601580,7262.25,7262.75,7262.25,7262.5
1777601640,7262.5,7262.5,7261,7261.25
1777601700,7261.25,7261.75,7261,7261.5
1777601760,7261.5,7262,7261.5,7262
1777601820,7262,7262.25,7262,7262.25
1777601880,7262,7262,7261.5,7261.75
1777601940,7261.5,7261.75,7261.5,7261.75
1777602000,7261.75,7262.5,7261.5,7262.25
1777602060,7262.25,7262.5,7262,7262.25
1777602120,7262.25,7262.25,7261,7261.5
1777602180,7261.25,7261.5,7260.5,7260.5
1777602240,7260.5,7260.75,7260.5,7260.5
1777602300,7260.5,7261.25,7260.5,7261.25
1777602360,7261,7261.25,7260.25,7260.5
1777602420,7260.5,7260.75,7260.25,7260.5
1777602480,7260.5,7260.5,7260,7260.5
1777602540,7260.5,7261,7260.5,7260.75
1777602600,7260.5,7260.75,7260.25,7260.5
1777602660,7260.5,7260.75,7260,7260.25
1777602720,7260.25,7260.5,7260,7260.5
1777602780,7260.5,7260.5,7259.5,7259.5
1777602840,7259.5,7260,7259.5,7260
1777602900,7260.25,7260.25,7259.75,7260
1777602960,7260,7260.5,7260,7260.25
1777603020,7260.25,7260.25,7260,7260
1777603080,7260,7260,7259.25,7259.5
1777603140,7259.25,7259.5,7259,7259.25
1777603200,7259,7259.75,7258.75,7259.75
1777603260,7259.75,7259.75,7259.25,7259.75
1777603320,7259.5,7259.5,7258.75,7259.25
1777603380,7259,7259.75,7259,7259.75
1777603440,7259.75,7259.75,7259.75,7259.75
1777603500,7259.5,7259.5,7259,7259
1777603560,7259,7259,7258.25,7258.5
1777603620,7258.75,7259,7258.5,7258.75
1777603680,7258.75,7259,7258.75,7259
1777603740,7259,7259.5,7259,7259.25
1777603800,7259.5,7259.75,7259.25,7259.5
1777603860,7259.75,7260,7259.5,7259.75
1777603920,7259.5,7259.5,7259,7259.25
1777603980,7259.5,7259.5,7259.25,7259.25
1777604040,7259.5,7259.75,7259.5,7259.75
1777604100,7259.5,7259.5,7259.25,7259.25
1777604160,7259.5,7259.75,7259.5,7259.5
1777604220,7259.5,7259.75,7259.5,7259.5
1777604280,7259.5,7261.25,7259.5,7261.25
1777604340,7261.25,7261.25,7260.5,7260.75
1777604400,7261,7261,7260.5,7260.5
1777604460,7260.5,7260.5,7260,7260.25
1777604520,7260.25,7263.25,7260,7261.5
1777604580,7261.75,7262,7261.25,7261.75
1777604640,7261.75,7261.75,7261.5,7261.5
1777604700,7261.5,7261.75,7260.75,7260.75
1777604760,7260.75,7261.5,7260.75,7261.5
1777604820,7261.75,7262,7261.5,7261.75
1777604880,7261.75,7261.75,7261.75,7261.75
1777604940,7262,7262.5,7262,7262
1777605000,7262,7262.25,7262,7262.25
1777605060,7262,7262,7261.75,7261.75
1777605120,7261.75,7262,7261.75,7261.75
1777605180,7261.5,7262,7261.5,7262
1777605240,7262,7262.25,7262,7262.25
1777605300,7262,7262.25,7262,7262.25
1777605360,7262,7262.25,7262,7262.25
1777605420,7262.25,7262.5,7262.25,7262.25
1777605480,7262.25,7262.25,7261.75,7262
1777605540,7262.25,7262.25,7262.25,7262.25
1777605600,7262.25,7262.5,7262.25,7262.5
1777605660,7262.5,7262.75,7262.25,7262.25
1777605720,7262.5,7263.5,7262.5,7263.5
1777605780,7263.5,7264,7263.5,7263.5
1777605840,7263.75,7264,7263.5,7264
1777605900,7264,7264,7263.5,7263.5
1777605960,7263.5,7263.5,7263.25,7263.25
1777606020,7263.25,7263.25,7262.75,7262.75
1777606080,7263,7263.25,7263,7263.25
1777606140,7263.25,7263.5,7263.25,7263.5
1777606200,7263.5,7265,7263.5,7264.5
1777606260,7264.75,7265.75,7264.5,7264.75
1777606320,7264.5,7264.5,7263,7264
1777606380,7264,7264.25,7263.75,7263.75
1777606440,7263.75,7264,7263.5,7263.75
1777606500,7264,7264.5,7264,7264.25
1777606560,7264,7264,7263.25,7264
1777606620,7264,7264,7263.75,7263.75
1777606680,7264,7264,7263.25,7263.25
1777606740,7263,7263,7261.75,7261.75
1777606800,7261.75,7262.25,7261.5,7262
1777606860,7262,7262.25,7261.75,7262
1777606920,7262,7262,7260.25,7260.25
1777606980,7260.5,7260.75,7259.75,7260.25
1777607040,7260.5,7260.75,7260,7260.5
1777607100,7260.25,7260.5,7259.75,7260
1777607160,7260,7260.75,7260,7260.5
1777607220,7260.5,7260.5,7259.75,7259.75
1777607280,7259.5,7260,7259.25,7259.75
1777607340,7259.75,7259.75,7259.25,7259.75
1777607400,7259.75,7260.5,7259.75,7260
1777607460,7260,7260.5,7260,7260.5
1777607520,7260.25,7260.75,7260.25,7260.75
1777607580,7260.75,7261.25,7260.5,7261
1777607640,7261,7261.25,7260.25,7260.25
1777607700,7260,7260.75,7260,7260.25
1777607760,7260.5,7260.5,7260,7260.25
1777607820,7260.25,7260.5,7260.25,7260.5
1777607880,7260.5,7260.75,7260.5,7260.75
1777607940,7260.75,7260.75,7259.75,7260.25
1777608000,7260.25,7260.5,7259.75,7260
1777608060,7260,7260.5,7260,7260.25
1777608120,7260,7260.5,7260,7260
1777608180,7259.75,7259.75,7257.25,7258.25
1777608240,7258.75,7259,7258.5,7258.75
1777608300,7259,7259.25,7258.5,7259
1777608360,7259,7259.25,7258.75,7259
1777608420,7259,7259,7258.75,7259
1777608480,7259,7259.5,7259,7259
1777608540,7259,7259,7258.5,7258.75
1777608600,7258.5,7258.75,7258,7258.25
1777608660,7258.25,7259,7258.25,7258.75
1777608720,7258.75,7259,7258.75,7258.75
1777608780,7258.75,7259.25,7258.75,7259.25
1777608840,7259.25,7259.25,7259,7259
1777608900,7259,7259,7258.5,7258.75
1777608960,7259,7259,7258.75,7259
1777609020,7259.25,7259.75,7258.75,7259
1777609080,7259,7259.25,7259,7259.25
1777609140,7259.5,7259.75,7259.25,7259.25
1777609200,7259,7259.25,7259,7259
1777609260,7258.75,7259,7258.75,7259
1777609320,7259,7259.5,7259,7259.5
1777609380,7259.5,7259.75,7259.5,7259.5
1777609440,7259.75,7259.75,7259.25,7259.25
1777609500,7259.5,7259.5,7259,7259.5
1777609560,7259.5,7259.75,7259.25,7259.5
1777609620,7259.25,7259.25,7259,7259
1777609680,7259,7259.25,7258.75,7259.25
1777609740,7259,7259.25,7258.75,7258.75
1777609800,7258.75,7258.75,7258.25,7258.75
1777609860,7258.75,7258.75,7258.5,7258.5
1777609920,7258.75,7259.25,7258.75,7258.75
1777609980,7258.5,7258.75,7258.25,7258.75
1777610040,7258.75,7258.75,7258.25,7258.5
1777610100,7258.5,7258.75,7258.5,7258.75
1777610160,7258.75,7258.75,7258.75,7258.75
1777610220,7259,7259,7258.25,7258.5
1777610280,7258.5,7258.5,7258,7258.25
1777610340,7258.25,7258.5,7257.75,7258
1777610400,7258,7258,7257.5,7257.5
1777610460,7257.5,7257.75,7257.25,7257.25
1777610520,7257.25,7257.5,7257.25,7257.25
1777610580,7257.25,7257.5,7256.75,7257.25
1777610640,7257.5,7258,7257.5,7258
1777610700,7258,7258.25,7258,7258.25
1777610760,7258.25,7258.5,7258,7258
1777610820,7258.25,7258.5,7258,7258.25
1777610880,7258,7258,7257.75,7258
1777610940,7258.25,7258.25,7257.75,7258
1777611000,7257.75,7257.75,7257.5,7257.75
1777611060,7257.75,7257.75,7257.75,7257.75
1777611120,7258,7258,7257.75,7257.75
1777611180,7258,7258,7257.75,7258
1777611240,7258,7258.25,7257.75,7258.25
1777611300,7258.25,7258.25,7258,7258.25
1777611360,7258.5,7259,7258.25,7258.25
1777611420,7258.25,7258.5,7258.25,7258.5
1777611480,7258.75,7258.75,7258.5,7258.75
1777611540,7258.75,7259,7258,7258
1777611600,7258,7258,7257.5,7257.5
1777611660,7257.75,7257.75,7256.75,7257
1777611720,7257,7257.5,7256.75,7257.5
1777611780,7257.75,7258,7257.5,7257.5
1777611840,7257.75,7258.25,7257.5,7258.25
1777611900,7258.5,7259.25,7258.25,7259.25
1777611960,7259.5,7260,7259.25,7259.25
1777612020,7259,7259.5,7258.75,7258.75
1777612080,7258.75,7259.25,7258.25,7259
1777612140,7259,7259.25,7259,7259
1777612200,7259.25,7259.25,7258.75,7259
1777612260,7258.75,7259.75,7258.75,7259.75
1777612320,7259.5,7259.5,7259.5,7259.5
1777612380,7259.5,7259.75,7259.25,7259.75
1777612440,7259.75,7260.25,7259.75,7260.25
1777612500,7260,7260.25,7259.5,7259.5
1777612560,7259.25,7259.5,7259.25,7259.25
1777612620,7259.25,7259.5,7258.5,7258.5
1777612680,7258.25,7258.5,7258.25,7258.25
1777612740,7258.25,7258.25,7257.5,7258.25
1777612800,7258.5,7258.5,7258,7258.25
1777612860,7258.5,7258.75,7258.5,7258.75
1777612920,7258.75,7259.5,7258.75,7259.5
1777612980,7259.5,7259.5,7259,7259
1777613040,7259,7259.25,7259,7259.25
1777613100,7259.5,7259.5,7259,7259.25
1777613160,7259.5,7260,7259.5,7259.5
1777613220,7259.5,7259.5,7259.25,7259.5
1777613280,7259.25,7260,7259.25,7260
1777613340,7260,7260,7259.75,7260
1777613400,7260,7260.25,7260,7260
1777613460,7260,7260,7259.75,7259.75
1777613520,7259.75,7259.75,7259.25,7259.25
1777613580,7259.5,7259.75,7259.5,7259.75
1777613640,7259.5,7259.5,7259,7259.25
1777613700,7259,7259.25,7259,7259.25
1777613760,7259.5,7259.5,7258.25,7258.75
1777613820,7258.75,7259,7258.5,7259
1777613880,7259,7259.25,7258.5,7258.75
1777613940,7258.75,7259,7258.75,7259
1777614000,7259,7259,7258,7258.25
1777614060,7258.5,7258.5,7258.25,7258.5
1777614120,7258.5,7259,7258.5,7259
1777614180,7259,7259.25,7258.75,7259.25
1777614240,7259,7259.25,7259,7259.25
1777614300,7259,7259,7258,7258
1777614360,7258,7258.25,7258,7258
1777614420,7258.25,7258.5,7258.25,7258.5
1777614480,7258.5,7258.75,7258.5,7258.5
1777614540,7258.75,7259,7258.5,7258.75
1777614600,7258.5,7258.5,7258,7258.25
1777614660,7258.5,7258.75,7258.25,7258.5
1777614720,7258.75,7258.75,7258.25,7258.25
1777614780,7258.25,7258.5,7258.25,7258.5
1777614840,7258.5,7258.75,7258.5,7258.75
1777614900,7258.5,7258.5,7257.5,7257.75
1777614960,7257.75,7258.25,7257.75,7257.75
1777615020,7258,7258.25,7257.75,7258
1777615080,7257.75,7258,7256.75,7256.75
1777615140,7256.75,7257.25,7256.25,7257
1777615200,7257.25,7257.75,7256,7257.25
1777615260,7257.25,7257.25,7256,7256.75
1777615320,7256.75,7257.5,7256.75,7257.5
1777615380,7257.5,7257.5,7257,7257.25
1777615440,7257.25,7257.5,7257,7257
1777615500,7257.25,7257.25,7256.5,7256.75
1777615560,7256.75,7256.75,7256.25,7256.75
1777615620,7256.5,7257.5,7256.5,7257.25
1777615680,7256.75,7256.75,7256.75,7256.75
1777615740,7256.75,7257.25,7256.75,7257.25
1777615800,7257.5,7257.5,7256.75,7257
1777615860,7257,7257.25,7256.75,7256.75
1777615920,7256.75,7258,7256.75,7257.75
1777615980,7257.5,7257.5,7256.75,7257
1777616040,7257,7257.5,7257,7257.5
1777616100,7257.5,7258.25,7257.5,7258
1777616160,7258,7258.25,7257.75,7257.75
1777616220,7257.5,7257.75,7257.25,7257.25
1777616280,7257.5,7257.75,7257.25,7257.75
1777616340,7257.5,7257.5,7256.75,7257
1777616400,7257,7257,7256.25,7256.75
1777616460,7256.5,7256.5,7255.5,7255.5
1777616520,7255.5,7256.25,7255.5,7256
1777616580,7256.25,7256.75,7256,7256
1777616640,7256,7256.5,7256,7256.5
1777616700,7256.5,7256.75,7256.25,7256.25
1777616760,7256.25,7256.25,7255.25,7255.5
1777616820,7255.75,7256.25,7255.5,7256.25
1777616880,7256.25,7256.5,7256,7256
1777616940,7256.25,7256.5,7255,7255.25
1777617000,7255.5,7256,7254.5,7254.75
1777617060,7254.75,7255.75,7254.5,7255.75
1777617120,7255.75,7255.75,7254.5,7255
1777617180,7255,7255,7254.25,7254.5
1777617240,7254.75,7254.75,7254.25,7254.25
1777617300,7254.25,7254.5,7254,7254.25
1777617360,7254.25,7254.5,7254,7254.25
1777617420,7254.25,7254.25,7253.25,7253.25
1777617480,7253.5,7253.75,7252.75,7253.25
1777617540,7253,7253.25,7252.25,7252.75
1777617600,7253,7253,7252.25,7252.75
1777617660,7252.5,7253,7252.25,7253
1777617720,7252.75,7252.75,7252.25,7252.75
1777617780,7252.75,7253,7251.75,7251.75
1777617840,7252,7253,7252,7253
1777617900,7253.25,7253.25,7252.25,7252.25
1777617960,7252.5,7252.75,7251,7251.25
1777618020,7251.25,7252,7251,7252
1777618080,7252.25,7252.75,7252,7252.5
1777618140,7252.5,7253.5,7252.5,7252.5
1777618200,7252.5,7252.75,7252.25,7252.25
1777618260,7252.25,7253,7252.25,7252.5
1777618320,7252.5,7252.75,7252.5,7252.75
1777618380,7253,7253.25,7252.25,7252.25
1777618440,7252,7252.25,7252,7252
1777618500,7252,7252.5,7251.75,7252.25
1777618560,7252.25,7252.25,7251.25,7251.5
1777618620,7251.5,7251.75,7251.25,7251.75
1777618680,7251.5,7251.75,7251.25,7251.5
1777618740,7251.5,7252.75,7251.25,7252
1777618800,7252,7253,7251.5,7252.75
1777618860,7253,7253.5,7251.75,7252.75
1777618920,7252.75,7253.25,7252.25,7252.75
1777618980,7252.75,7252.75,7252.25,7252.5
1777619040,7252.5,7253,7252.25,7253
1777619100,7253,7254,7253,7253.25
1777619160,7253.5,7254.75,7252.75,7254.5
1777619220,7254.75,7255,7254.25,7254.75
1777619280,7255,7255.5,7254.25,7254.75
1777619340,7254.75,7256,7254.75,7255.75
1777619400,7255.75,7256.25,7255.25,7256.25
1777619460,7256.25,7256.5,7255.5,7256.25
1777619520,7256.25,7256.5,7255.25,7255.75
1777619580,7256,7256.25,7255.75,7255.75
1777619640,7255.75,7256.25,7255.5,7256.25
1777619700,7256.25,7256.25,7255.25,7255.25
1777619760,7255.25,7255.5,7254.75,7255.25
1777619820,7255.25,7257,7255.25,7257
1777619880,7257,7257,7256.25,7256.25
1777619940,7256.25,7256.75,7255.5,7255.5
1777620000,7255.5,7256.75,7255.5,7256.75
1777620060,7256.5,7257,7256,7256
1777620120,7256,7256.5,7255,7255
1777620180,7254.75,7254.75,7254,7254.75
1777620240,7254.75,7254.75,7254.25,7254.25
1777620300,7254.25,7254.25,7253.25,7254
1777620360,7254,7254.25,7253.25,7253.75
1777620420,7254,7254.5,7253.5,7254.25
1777620480,7254,7254.75,7254,7254.5
1777620540,7254.5,7254.5,7254.25,7254.25
1777620600,7254.25,7254.25,7253,7253.5
1777620660,7253.75,7254.25,7253.25,7253.25
1777620720,7253,7253,7252,7252.5
1777620780,7252.25,7253.25,7252,7253
1777620840,7253.25,7253.25,7252.75,7252.75
1777620900,7252.75,7253,7252,7253
1777620960,7253,7253.75,7252.75,7253
1777621020,7253,7253,7252,7252.75
1777621080,7252.75,7253,7252.5,7252.75
1777621140,7252.5,7252.5,7251,7251
1777621200,7251,7251.25,7250,7250.25
1777621260,7250.25,7251,7250,7250.75
1777621320,7250.75,7250.75,7250.25,7250.25
1777621380,7250.5,7251.25,7250.5,7250.75
1777621440,7250.5,7250.5,7250,7250.25
1777621500,7250.25,7250.5,7250,7250.25
1777621560,7250.5,7251.5,7250.5,7251.25
1777621620,7251.25,7251.75,7251.25,7251.25
1777621680,7251.25,7251.75,7251,7251.5
1777621740,7251.5,7253,7251.5,7253
1777621800,7253,7253,7252.5,7252.75
1777621860,7253,7253.5,7250.75,7251.75
1777621920,7251.75,7254,7251.75,7253.5
1777621980,7253.5,7253.75,7252,7252
1777622040,7252,7252.75,7251.25,7251.5
1777622100,7251.75,7252,7249.5,7249.5
1777622160,7249.75,7250,7249.25,7249.75
1777622220,7249.5,7250.25,7248.5,7250
1777622280,7250.25,7250.75,7249.75,7249.75
1777622340,7249.75,7250,7249.25,7249.75
1777622400,7249.75,7250.75,7249.25,7250.75
1777622460,7250.75,7251.25,7250,7250
1777622520,7250,7250.25,7249.5,7250
1777622580,7249.75,7250,7249,7249.25
1777622640,7249.25,7250,7249.25,7250
1777622700,7250,7250.5,7249.5,7250.5
1777622760,7250.5,7250.75,7249.75,7250.25
1777622820,7250.25,7250.75,7250.25,7250.25
1777622880,7250,7250.25,7249.5,7249.75
1777622940,7249.75,7250.25,7249.75,7250
1777623000,7249.75,7249.75,7249.25,7249.75
1777623060,7249.5,7251.75,7249.5,7251.75
1777623120,7251.75,7251.75,7251.25,7251.25
1777623180,7251.25,7252.5,7251.25,7252
1777623240,7252,7252,7251,7251.5
1777623300,7251.5,7252.5,7251.5,7252.5
1777623360,7252.75,7253,7252,7252.5
1777623420,7252.25,7252.75,7252.25,7252.5
1777623480,7252.75,7252.75,7252,7252
1777623540,7252,7252,7251.25,7251.75
1777623600,7251.75,7252.25,7251.25,7251.5
1777623660,7251.75,7252,7251.5,7251.5
1777623720,7251.5,7251.5,7250.75,7251.25
1777623780,7251.5,7251.5,7250.75,7250.75
1777623840,7251,7251.5,7251,7251.5
1777623900,7251.5,7252.75,7251.5,7252.25
1777623960,7252.25,7252.5,7251.75,7252.25
1777624020,7252,7252.75,7252,7252
1777624080,7252,7252.75,7252,7252.5
1777624140,7252.5,7252.75,7251.5,7251.5
1777624200,7251.75,7251.75,7250.5,7250.75
1777624260,7250.75,7251.25,7250.25,7250.75
1777624320,7250.75,7250.75,7249.75,7250
1777624380,7250.25,7250.75,7250,7250.75
1777624440,7251,7251.5,7251,7251
1777624500,7251.25,7251.25,7251,7251
1777624560,7250.75,7250.75,7249.5,7250
1777624620,7250,7250.5,7249.75,7250.25
1777624680,7250.25,7250.25,7250,7250
1777624740,7250,7250.25,7249,7249.5
1777624800,7249.5,7249.75,7249,7249.25
1777624860,7249.25,7250,7249.25,7249.5
1777624920,7249.5,7249.75,7249.5,7249.5
1777624980,7249.5,7249.75,7248.5,7249.25
1777625040,7249.5,7249.5,7249,7249.25
1777625100,7249.25,7249.25,7248.75,7249.25
1777625160,7249,7249.25,7249,7249.25
1777625220,7249,7249.25,7248.25,7249
1777625280,7248.75,7249,7247.75,7248
1777625340,7248,7249,7248,7249
1777625400,7249,7249.25,7248.75,7249
1777625460,7249.25,7249.5,7248.75,7249.25
1777625520,7249.25,7249.5,7249,7249.5
1777625580,7249.5,7249.5,7249,7249.25
1777625640,7249.25,7250.25,7249.25,7249.75
1777625700,7249.75,7250.25,7249.75,7249.75
1777625760,7249.75,7249.75,7249.5,7249.5
1777625820,7249.5,7250,7249.25,7250
1777625880,7250,7250.25,7249.75,7250
1777625940,7250.25,7250.5,7250,7250.25
1777626000,7250.25,7250.25,7249.5,7249.75
1777626060,7249.5,7249.75,7249.5,7249.75
1777626120,7249.5,7249.5,7249,7249.25
1777626180,7249.25,7249.5,7246.5,7246.75
1777626240,7247,7247.25,7246.5,7247
1777626300,7246.75,7248.25,7246.5,7248.25
1777626360,7248.25,7248.5,7247.5,7248
1777626420,7247.75,7248.25,7247.75,7247.75
1777626480,7248,7248.25,7247.75,7247.75
1777626540,7247.75,7248.25,7247.75,7248.25
1777626600,7248.25,7248.25,7248,7248.25
1777626660,7248.25,7248.25,7247.75,7248
1777626720,7248,7249,7248,7249
1777626780,7248.75,7249,7248.25,7249
1777626840,7249,7249,7248.75,7249
1777626900,7249,7249.75,7249,7249.75
1777626960,7249.75,7249.75,7249.25,7249.5
1777627020,7249.5,7250,7249,7249
1777627080,7249,7249.5,7249,7249.5
1777627140,7249.5,7249.75,7249.25,7249.5
1777627200,7249.5,7250.25,7249.5,7250.25
1777627260,7250.25,7250.25,7250,7250
1777627320,7250,7251.5,7250,7251.5
1777627380,7251.25,7252,7251.25,7251.25
1777627440,7251.5,7252.25,7251.5,7251.75
1777627500,7252,7252.25,7252,7252.25
1777627560,7252.25,7252.25,7251,7251
1777627620,7251,7251.25,7250.5,7250.75
1777627680,7251,7251.5,7251,7251.5
1777627740,7251.5,7251.5,7251.25,7251.25
1777627800,7251.25,7251.25,7250.25,7251
1777627860,7250.75,7250.75,7250.25,7250.25
1777627920,7250.75,7251,7250.75,7250.75
1777627980,7250.75,7251.5,7250.75,7251.25
1777628040,7251.25,7251.5,7250.5,7251.5
1777628100,7251.25,7251.5,7250.75,7251.25
1777628160,7251.5,7251.75,7251.25,7251.75
1777628220,7251.75,7251.75,7251.25,7251.75
1777628280,7252,7252.75,7252,7252.5
1777628340,7252.75,7253.25,7252.5,7253
1777628400,7252.75,7252.75,7252,7252
1777628460,7252.25,7252.75,7252,7252.5
1777628520,7252.5,7253,7252.5,7253
1777628580,7253,7253,7252.25,7252.25
1777628640,7252.25,7252.75,7252.25,7252.25
1777628700,7252,7252.25,7252,7252
1777628760,7252,7252,7251.75,7252
1777628820,7252,7252,7251.5,7251.5
1777628880,7251.75,7252.5,7251.75,7252.5
1777628940,7252.25,7252.5,7252.25,7252.25
1777629000,7252.25,7252.75,7252.25,7252.75
1777629060,7252.75,7253.5,7252.5,7253.25
1777629120,7253.5,7253.5,7253.25,7253.25
1777629180,7253.5,7254.25,7253.5,7254
1777629240,7254.25,7254.25,7252.25,7252.25
1777629300,7252.5,7253.25,7252.25,7253
1777629360,7253.25,7253.5,7252.75,7253
1777629420,7253,7253.25,7252.75,7253
1777629480,7252.75,7253.5,7252.25,7253.5
1777629540,7253.5,7253.5,7253.25,7253.25
1777629600,7253.25,7253.75,7253,7253.25
1777629660,7253.25,7253.25,7252.5,7252.5
1777629720,7252.5,7253,7252.5,7252.75
1777629780,7252.75,7253,7252.5,7252.5
1777629840,7252.75,7253,7252.5,7252.75
1777629900,7252.5,7253,7252.5,7253
1777629960,7253,7253,7252.5,7252.5
1777630020,7252.5,7252.5,7252,7252.25
1777630080,7252.25,7252.5,7252,7252.5
1777630140,7252.5,7252.5,7251.75,7251.75
1777630200,7251.75,7252,7251.25,7252
1777630260,7252,7252.25,7251.75,7252
1777630320,7252,7252,7251.75,7252
1777630380,7251.75,7252.25,7251.75,7252
1777630440,7252.25,7253,7252,7253
1777630500,7253.25,7253.75,7253,7253.5
1777630560,7253.5,7254,7253,7253
1777630620,7253,7254.5,7253,7254.25
1777630680,7254.25,7254.25,7253.75,7254
1777630740,7254,7254.25,7254,7254.25
1777630800,7254.25,7254.25,7253.75,7254.25
1777630860,7254.25,7254.25,7253.25,7253.5
1777630920,7253.5,7254,7253.5,7254
1777630980,7253.75,7254.25,7253.5,7253.75
1777631040,7253.75,7254,7253.25,7253.25
1777631100,7253,7253,7252.5,7253
1777631160,7253,7253,7252.5,7253
1777631220,7253,7253.75,7253,7253.5
1777631280,7253.5,7253.5,7252.75,7252.75
1777631340,7252.75,7252.75,7252,7252.5
1777631400,7252.5,7253.25,7252.5,7253.25
1777631460,7253.25,7253.25,7252.75,7253.25
1777631520,7253.25,7253.5,7252.75,7252.75
1777631580,7252.5,7253,7252.25,7252.75
1777631640,7252.5,7253,7252.5,7252.5
1777631700,7252.5,7252.75,7251,7251.5
1777631760,7251.5,7252,7251.25,7251.75
1777631820,7251.75,7251.75,7250.75,7250.75
1777631880,7250.75,7251.25,7250.5,7251
1777631940,7251,7251,7249.5,7249.5
1777632000,7249.5,7249.75,7248.75,7249.5
1777632060,7249.75,7250,7249,7250
1777632120,7249.75,7250.5,7249.75,7250.25
1777632180,7250.25,7250.25,7249.75,7250.25
1777632240,7250,7251,7249.75,7250.75
1777632300,7250.5,7251,7250.25,7250.5
1777632360,7250.5,7250.75,7250.25,7250.25
1777632420,7250.25,7251.25,7250.25,7251.25
1777632480,7251,7251.5,7251,7251.5
1777632540,7251.5,7252,7251,7251
1777632600,7251,7252,7251,7251.5
1777632660,7251.5,7252,7251.25,7251.5
1777632720,7251.5,7252.5,7251.25,7252
1777632780,7252.25,7252.25,7251.75,7251.75
1777632840,7252,7252,7251.75,7251.75
1777632900,7251.75,7253.5,7251.5,7253.5
1777632960,7253.5,7254,7253.25,7253.75
1777633020,7253.75,7254,7253.5,7253.75
1777633080,7253.75,7254,7253,7253
1777633140,7253.25,7254.25,7253.25,7254
1777633200,7254.25,7254.75,7253.75,7254.5
1777633260,7254.75,7255,7252.5,7253
1777633320,7253,7254,7252.5,7254
1777633380,7254,7254.25,7253,7253
1777633440,7253,7253.25,7252.75,7253
1777633500,7253,7253,7251.25,7251.25
1777633560,7251.5,7252,7251.25,7251.5
1777633620,7251.25,7251.5,7250.25,7250.75
1777633680,7250.75,7250.75,7250,7250.25
1777633740,7250.25,7251,7250,7250.75
1777633800,7250.5,7250.5,7249.5,7250
1777633860,7250.25,7250.25,7249.25,7249.25
1777633920,7249.25,7250,7249,7249.75
1777633980,7250,7250,7249.5,7249.75
1777634040,7249.75,7250.5,7249.5,7250.5
1777634100,7250.25,7250.5,7249,7250
1777634160,7250.25,7251.5,7250,7251.25
1777634220,7251.5,7253.25,7251,7253.25
1777634280,7253.25,7253.25,7252.5,7253.25
1777634340,7253.25,7253.75,7253,7253
1777634400,7253.5,7253.75,7253,7253.75
1777634460,7253.75,7254.5,7253.25,7253.5
1777634520,7253.5,7253.5,7252.5,7252.75
1777634580,7253,7253.75,7253,7253.5
1777634640,7253.5,7253.75,7253.25,7253.5
1777634700,7253.25,7254,7252.75,7254
1777634760,7254,7254.5,7253.75,7254.5
1777634820,7254.25,7254.75,7254,7254.25
1777634880,7254,7254,7253.25,7253.75
1777634940,7253.75,7254,7253,7253
1777635000,7252.75,7253.75,7252.5,7253.75
1777635060,7253.75,7254,7252.25,7252.5
1777635120,7252.5,7253,7252,7252.25
1777635180,7252.5,7253.25,7252.25,7253.25
1777635240,7253,7253,7252.5,7252.75
1777635300,7253,7253,7252,7252
1777635360,7252,7253.5,7252,7253.25
1777635420,7253.25,7253.25,7252.75,7252.75
1777635480,7253.25,7253.25,7252.5,7252.5
1777635540,7252.5,7252.75,7252.25,7252.75
1777635600,7252.75,7253,7252.5,7252.5
1777635660,7252.5,7253.5,7252.5,7252.75
1777635720,7252.5,7252.5,7251,7251.75
1777635780,7251.5,7252.25,7251.5,7252.25
1777635840,7252,7253,7251.75,7253
1777635900,7253,7253.25,7252.5,7253.25
1777635960,7253.25,7253.75,7252.75,7252.75
1777636020,7253,7253.5,7252.75,7253.5
1777636080,7253.5,7254.25,7253.25,7253.75
1777636140,7253.75,7255.25,7253.25,7254.25
1777636200,7254.25,7254.5,7254,7254.5
1777636260,7254.5,7255.75,7254.5,7255.25
1777636320,7255.25,7255.75,7254,7254
1777636380,7254,7254.5,7253.5,7254.25
1777636440,7254.5,7254.75,7253.75,7254.25
1777636500,7254,7254.75,7253.75,7254.5
1777636560,7254.75,7255,7254.25,7254.75
1777636620,7254.75,7255,7254.25,7255
1777636680,7255,7256,7255,7255.5
1777636740,7255.5,7257,7255.5,7256.25
1777636800,7256.25,7258.25,7256.25,7258.25
1777636860,7258,7258.75,7256.5,7257
1777636920,7257.25,7258,7257,7257.25
1777636980,7257.25,7257.75,7256.75,7257.25
1777637040,7257.5,7258,7257.25,7258
1777637100,7258,7258.5,7257.75,7257.75
1777637160,7257.75,7257.75,7257.25,7257.75
1777637220,7258,7258,7255.25,7256.25
1777637280,7256,7256.75,7254.75,7255
1777637340,7255,7255.5,7254.75,7255.25
1777637400,7255.25,7256,7254.5,7255.75
1777637460,7255.75,7256.25,7255,7255.25
1777637520,7255.25,7261.5,7254.75,7259
1777637580,7259.25,7265,7259.25,7263.25
1777637640,7263,7271.5,7262.75,7266
1777637700,7266,7266.5,7264.75,7266
1777637760,7266,7267.5,7263.25,7263.5
1777637820,7263,7265.25,7262.5,7264.5
1777637880,7264.5,7265.75,7264.5,7265.25
1777637940,7265.25,7266.75,7264.75,7266.25
1777638000,7266,7266.25,7263.25,7263.75
1777638060,7263.75,7267,7263,7266.25
1777638120,7266.5,7266.75,7265.25,7266
1777638180,7266,7268.5,7265.5,7268.5
1777638240,7268.5,7268.75,7266.5,7267
1777638300,7266.75,7268.25,7266.75,7267.5
1777638360,7267.25,7267.75,7266.25,7266.75
1777638420,7266.75,7267,7265.75,7265.75
1777638480,7266,7267.25,7266,7266.75
1777638540,7266.75,7267,7266.25,7266.25
1777638600,7266,7266.5,7264.75,7265
1777638660,7265,7265.75,7264.5,7264.5
1777638720,7264.25,7264.75,7263.25,7263.75
1777638780,7263.75,7264.75,7263.5,7264.25
1777638840,7264.25,7265,7264,7264.5
1777638900,7264.25,7265.25,7264,7264
1777638960,7263.75,7264.25,7263.75,7264
1777639020,7263.75,7264.25,7263.5,7263.5
1777639080,7263.75,7264,7263,7263.25
1777639140,7263,7263.75,7262,7263
1777639200,7262.75,7263.75,7262.5,7262.5
1777639260,7262.5,7262.75,7258.5,7259
1777639320,7259,7260,7258,7259.75
1777639380,7259.75,7260.5,7258.75,7259
1777639440,7259,7260,7258.25,7258.5
1777639500,7258.25,7260.25,7258.25,7259.75
1777639560,7259.75,7259.75,7257,7258
1777639620,7258.25,7259,7258,7259
1777639680,7259,7259,7258,7258.5
1777639740,7258.5,7259,7258.5,7259
1777639800,7258.75,7259.5,7258,7258.75
1777639860,7258.75,7260,7258.5,7259.5
1777639920,7259.5,7260.75,7259.5,7259.5
1777639980,7259.25,7260,7259.25,7259.5
1777640040,7259.25,7260,7259.25,7259.75
1777640100,7260,7260.5,7259.75,7260
1777640160,7260,7260.5,7259.75,7259.75
1777640220,7260,7260,7259.25,7259.5
1777640280,7259.5,7259.5,7258.75,7259.25
1777640340,7259.25,7259.25,7257.75,7258.5
1777640400,7258.25,7259,7258,7258.5
1777640460,7258.75,7260,7258.75,7259.75
1777640520,7259.75,7260.5,7259.5,7260
1777640580,7259.75,7260.5,7259.5,7260.5
1777640640,7260.25,7261,7259.75,7260
1777640700,7259.75,7261.5,7259.75,7261
1777640760,7261,7261.75,7260.75,7261.75
1777640820,7261.75,7264.25,7261.75,7264
1777640880,7264,7264.75,7263.25,7263.75
1777640940,7264,7265.25,7264,7264.25
1777641000,7264,7265,7263,7264.75
1777641060,7264.5,7265.5,7264.25,7265.25
1777641120,7265.25,7265.75,7263.5,7264
1777641180,7263.75,7264,7262.25,7262.5
1777641240,7262.5,7262.75,7261.5,7262.25
1777641300,7262,7262.75,7261,7261
1777641360,7261,7261.75,7261,7261.5
1777641420,7261.25,7263,7261.25,7263
1777641480,7263,7263.75,7262.75,7263
1777641540,7262.75,7263,7262.25,7262.75
1777641600,7262.75,7265,7262.5,7264.75
1777641660,7264.75,7265.5,7264,7264
1777641720,7264,7264.75,7263.75,7264.5
1777641780,7264.5,7265,7264,7264.25
1777641840,7264.25,7265,7264,7264.25
1777641900,7264.25,7264.25,7262,7262
1777641960,7262,7262.5,7261.5,7262.5
1777642020,7262.25,7263.5,7261.75,7263.5
1777642080,7263.5,7264.75,7263.25,7264
1777642140,7263.75,7264.75,7261.75,7264.5
1777642200,7264.5,7265.75,7258.75,7263.75
1777642260,7264,7268.75,7262.25,7267.25
1777642320,7267,7271,7266.75,7270.75
1777642380,7270.75,7273.75,7269.75,7273
1777642440,7273,7275,7272.25,7274.5
1777642500,7274.75,7276.75,7274.5,7276.5
1777642560,7276.5,7276.5,7273.75,7276
1777642620,7276,7277.25,7274.5,7276
1777642680,7276.25,7276.25,7272.75,7274.25
1777642740,7274.25,7274.75,7272.25,7272.25
1777642800,7272.5,7276,7271.5,7275.5
1777642920,7276,7276.5,7272.5,7274.75
1777642980,7274.75,7274.75,7272.75,7273.5
1777643040,7273.5,7276.75,7273.5,7276.25
1777643100,7276.5,7277,7272.5,7273.25
1777643160,7273.25,7273.25,7270.75,7271.25
1777643220,7271.25,7273.25,7270.75,7271.75
1777643280,7271.5,7275,7271.25,7273.5
1777643340,7273.5,7274.5,7272,7273.25
1777643400,7273.25,7278.25,7270.25,7278.25
1777643460,7278.5,7278.5,7274.75,7275.75
1777643520,7275.75,7277,7273.5,7275.5
1777643580,7275.75,7276.5,7274.5,7276.25
1777643640,7276.25,7280.25,7275,7277.25
1777643700,7277.5,7291.75,7277.25,7284.25
1777643760,7284.5,7287.75,7284,7286.75
1777643820,7286.75,7288.5,7286.25,7287.5
1777643880,7287.5,7290.25,7286,7289.75
1777643940,7289.75,7293.25,7289,7293.25
1777644000,7293,7295.75,7290.75,7294.25
1777644060,7294.5,7297,7293.75,7295.75
1777644120,7295.75,7297.25,7294.5,7295.75
1777644180,7296,7298.5,7295.25,7297.75
1777644240,7298,7298,7294.75,7295.25
1777644300,7295.5,7295.5,7289.5,7292.5
1777644360,7292.5,7294.75,7292.25,7294
1777644420,7294,7294.75,7291.5,7292.75
1777644480,7293,7293,7291,7292.25
1777644540,7292.5,7293.75,7292,7292.25
1777644600,7292.5,7294.5,7292,7292.5
1777644660,7292.75,7294,7290.5,7293.25
1777644720,7293.25,7297.5,7292.75,7296.75
1777644780,7296.75,7298.5,7296,7297.5
1777644840,7297.5,7298,7295.5,7296.5
1777644900,7296.5,7298,7294,7294.5
1777644960,7294.25,7298.5,7293.75,7296.5
1777645020,7296.5,7298,7296,7296.5
1777645080,7296.25,7297,7294,7294.5
1777645140,7294.5,7297.5,7294.25,7296.75
1777645200,7296.5,7298.75,7296.5,7297.25
1777645260,7297.25,7299.5,7297.25,7299.25
1777645320,7299.25,7300.75,7298.75,7299.75
1777645380,7299.75,7300,7297.25,7298.75
1777645440,7298.75,7300,7297.5,7297.5
1777645500,7297.5,7298,7296,7296.75
1777645560,7296.75,7297.5,7295.5,7296.5
1777645620,7296.5,7298,7296.25,7297.5
1777645680,7297.5,7297.75,7295.5,7295.75
1777645740,7295.75,7296.25,7293.75,7294.5
1777645800,7294.5,7294.75,7290.25,7290.75
1777645860,7290.75,7291,7288.75,7290.25
1777645920,7290.5,7292.25,7287.25,7287.5
1777645980,7287.5,7291,7287.5,7290
1777646040,7289.75,7289.75,7283,7284.5
1777646100,7284.75,7285.5,7283,7283.25
1777646160,7283,7283.25,7278,7279.25
1777646220,7279,7280.75,7274.5,7275.75
1777646280,7275.75,7279.5,7275,7279.25
1777646340,7279.5,7282,7277.5,7280.25
1777646400,7280.25,7280.75,7276.25,7278.25
1777646460,7278.25,7279,7276.25,7277.25
1777646520,7277.25,7280.25,7276.25,7279.5
1777646580,7279.5,7283.75,7279.25,7283.5
1777646640,7283.5,7284.75,7280.25,7281.25
1777646700,7281,7282.75,7279.5,7282.75
1777646760,7282.5,7284.75,7282.5,7283
1777646820,7282.75,7285.5,7281.5,7281.75
1777646880,7281.75,7284.25,7280.5,7283.75
1777646940,7283.75,7284,7282.25,7283
1777647000,7282.75,7282.75,7277.75,7280
1777647060,7280.25,7284.5,7279.25,7284
1777647120,7283.75,7284.5,7281.5,7282.25
1777647180,7282.5,7283,7281.25,7282
1777647240,7281.75,7283.25,7279.75,7280
1777647300,7280,7282.25,7279.5,7282.25
1777647360,7282,7283.25,7281.5,7281.75
1777647420,7281.75,7282.75,7281.25,7281.75
1777647480,7281.5,7282,7279.25,7280.25
1777647540,7280.25,7282.25,7278.5,7278.5
1777647600,7278.75,7279.5,7276,7277.75
1777647660,7278,7278,7273.25,7276.5
1777647720,7276.25,7277,7272,7275
1777647780,7275.25,7277.25,7274.25,7275.75
1777647840,7275.5,7276.5,7272.75,7274.5
1777647900,7274.75,7276.75,7272.75,7276.5
1777647960,7276.5,7277.5,7273.5,7275.25
1777648020,7275,7275.75,7273.5,7273.75
1777648080,7273.5,7276.25,7273.25,7276
1777648140,7276,7278.25,7275,7277.75
1777648200,7277.75,7278.5,7274.75,7275.25
1777648260,7275.25,7278.25,7275,7277.75
1777648320,7277.75,7280.5,7277.5,7280.25
1777648380,7280,7281.5,7278.5,7281.25
1777648440,7281,7281.5,7279,7281.25
1777648500,7281.25,7283.25,7281,7281.25
1777648560,7281.5,7283,7279.5,7280
1777648620,7280,7282,7279.5,7281.75
1777648680,7281.75,7282.25,7280.25,7280.75
1777648740,7280.5,7281.75,7279,7281.5
1777648800,7281.25,7283.75,7281,7282.5
1777648860,7282.5,7283.75,7281.75,7283.75
1777648920,7283.5,7284.25,7282,7282.75
1777648980,7282.5,7285,7282.5,7284.5
1777649040,7284.5,7285.25,7283.25,7284.5
1777649100,7284.5,7285.25,7283.5,7283.75
1777649160,7283.75,7284.5,7282.5,7284
1777649220,7284,7284.5,7283,7283.75
1777649280,7283.75,7283.75,7281.25,7282
1777649340,7282,7284.75,7282,7284.25
1777649400,7284.5,7286.25,7284.25,7285.25
1777649460,7285.25,7286.75,7284.75,7285
1777649520,7284.75,7285.5,7283.75,7285.5
1777649580,7285.5,7286.25,7283.75,7283.75
1777649640,7283.75,7285.25,7283,7284.25
1777649700,7284,7284.75,7283.5,7284.25
1777649760,7284,7285.75,7284,7285.75
1777649820,7285.5,7292.25,7285.25,7290.25
1777649880,7290.5,7291,7289.25,7289.75
1777649940,7289.75,7291,7289,7289.25
1777650000,7289.5,7291.25,7289.25,7290.5
1777650060,7290.5,7291.25,7289.5,7290.75
1777650120,7291,7292,7290.25,7290.75
1777650180,7291,7292,7291,7291.75
1777650240,7291.75,7292.25,7291.25,7292
1777650300,7292,7292.75,7291.5,7291.5
1777650360,7291.75,7294,7291.5,7293.75
1777650420,7294,7295,7293.75,7294.75
1777650480,7294.75,7295.5,7294.25,7294.5
1777650540,7294.75,7295,7294,7294.5
1777650600,7294.75,7295.75,7278.5,7286
1777650660,7286.25,7287.75,7282.5,7287.25
1777650720,7287,7287.75,7283.5,7286.75
1777650780,7286.5,7286.75,7284,7285
1777650840,7285,7287,7285,7286.75
1777650900,7287,7289,7286.25,7288.25
1777650960,7288.25,7288.75,7287.75,7288.75
1777651020,7288.75,7289.5,7284.75,7284.75
1777651080,7284.75,7285.75,7284,7285.5
1777651140,7285.75,7286.5,7285,7285.25
1777651200,7285.25,7287.25,7284.5,7285.25
1777651260,7285.5,7287,7285.5,7286.25
1777651320,7286.25,7287.75,7285.5,7285.75
1777651380,7285.75,7286,7284.75,7284.75
1777651440,7284.75,7286.25,7284.25,7285.25
1777651500,7285.5,7286,7283,7283
1777651560,7283,7284,7281,7283
1777651620,7283.25,7283.5,7280,7280.5
1777651680,7280.75,7281.25,7278.75,7279.25
1777651740,7279.25,7279.5,7276.25,7277.25
1777651800,7277.25,7277.25,7275.25,7276
1777651860,7276,7278.25,7275.5,7277.25
1777651920,7277.5,7279,7277.5,7278
1777651980,7278,7279.25,7277.75,7278.25
1777652040,7278,7278.25,7276.5,7276.75
1777652100,7276.5,7278.25,7276.25,7277.75
1777652160,7278,7280.5,7278,7279.75
1777652220,7280,7282,7280,7281
1777652280,7281,7282,7279.5,7279.5
1777652340,7279.5,7281.75,7279.5,7281.5
1777652400,7281.75,7282.75,7281,7281
1777652460,7281,7283,7280.5,7282
1777652520,7282,7283.25,7281.5,7282.75
1777652580,7283,7283.25,7272,7275.25
1777652640,7275.5,7279,7274,7277
1777652700,7277,7277.75,7270.25,7272.25
1777652760,7272.25,7274.25,7271.75,7273.25
1777652820,7273.25,7275.75,7273,7274
1777652880,7274,7276.5,7273.25,7276.5
1777652940,7276.25,7276.25,7272.5,7272.75
1777653000,7272.75,7274.25,7272,7272.75
1777653060,7272.75,7274,7270.75,7273.75
1777653120,7274,7274,7271.5,7273.25
1777653180,7273.25,7273.25,7267.75,7269.25
1777653240,7269.5,7272.5,7268,7271.5
1777653300,7271.5,7273.25,7271,7272.25
1777653360,7272.25,7272.25,7270.5,7271
1777653420,7271,7273.25,7269.5,7271.5
1777653480,7271.75,7272.75,7271,7271.75
1777653540,7271.5,7274.75,7271.5,7274.25
1777653600,7274,7274.75,7270.75,7271.25
1777653660,7271.25,7273,7271.25,7273
1777653720,7273,7273.25,7270.25,7270.5
1777653780,7270.75,7271.25,7269.5,7271
1777653840,7271,7271.25,7268,7268
1777653900,7268,7270.5,7266.75,7270
1777653960,7270.25,7270.75,7268,7268.5
1777654020,7268.5,7269.5,7266,7269.25
1777654080,7269.5,7270.25,7266.5,7266.75
1777654140,7266.75,7268.5,7266.5,7268.25
1777654200,7268.25,7269.25,7266.75,7269.25
1777654260,7269,7270.5,7269,7269.75
1777654320,7269.75,7270,7267.5,7268.5
1777654380,7268.75,7270.75,7268,7270
1777654440,7270.25,7273.25,7270.25,7273
1777654500,7272.75,7274.5,7272.75,7274
1777654560,7273.75,7274.75,7272,7272.5
1777654620,7272.25,7273.5,7272,7272.75
1777654680,7273,7275,7272.5,7274.25
1777654740,7274.25,7274.25,7269.75,7270.25
1777654800,7270,7272.75,7269.75,7272.5
1777654860,7272.25,7274.5,7272.25,7274.25
1777654920,7274.25,7276,7273.25,7275.75
1777654980,7275.75,7276,7273,7273.5
1777655040,7273.25,7273.75,7271.75,7272.75
1777655100,7272.75,7274.25,7272.5,7274
1777655160,7274.25,7275,7273.75,7274.25
1777655220,7274.25,7275.25,7273.25,7273.75
1777655280,7273.75,7274.25,7272.5,7273
1777655340,7272.75,7273.5,7272.25,7273.25
1777655400,7273.25,7274.25,7273.25,7274
1777655460,7274,7275,7273.75,7274.25
1777655520,7274.25,7274.5,7273.5,7274.5
1777655580,7274.25,7274.5,7273.5,7274
1777655640,7274.25,7276.75,7274.25,7276.5
1777655700,7276.25,7277.5,7276,7276.75
1777655760,7276.75,7277.5,7276.5,7277
1777655820,7277,7277,7274.25,7275.5
1777655880,7275.75,7278,7275.5,7277.5
1777655940,7277.75,7278.5,7277.25,7278
1777656000,7278.25,7279.75,7277.75,7278
1777656060,7277.75,7280,7277.5,7279.5
1777656120,7279.75,7280.5,7279.25,7279.75
1777656180,7279.75,7280,7278.75,7279.25
1777656240,7279.25,7280,7278.25,7278.75
1777656300,7279,7279.25,7278.25,7278.75
1777656360,7278.75,7280.25,7278.5,7278.75
1777656420,7278.75,7280,7278.5,7279.5
1777656480,7279.5,7280.5,7279.5,7280.25
1777656540,7280.25,7281,7280,7280.75
1777656600,7280.75,7282,7280.5,7280.75
1777656660,7281,7282,7280.25,7281.25
1777656720,7281.25,7282.25,7281.25,7281.25
1777656780,7281.5,7281.75,7281,7281.5
1777656840,7281.75,7282.25,7280.75,7280.75
1777656900,7281,7281.25,7279.75,7280
1777656960,7279.75,7280.5,7278.25,7279.5
1777657020,7279.75,7279.75,7277.75,7278.75
1777657080,7279,7279.75,7277.5,7277.75
1777657140,7277.75,7279.75,7277.5,7279.25
1777657200,7279.5,7281.25,7279.5,7280
1777657260,7280,7281.25,7280,7280.75
1777657320,7281,7281.75,7280.5,7280.5
1777657380,7280.75,7280.75,7279.75,7280.25
1777657440,7280.5,7280.75,7279.5,7280.25
1777657500,7280.25,7280.75,7279.5,7280.25
1777657560,7280.5,7281,7280,7280.75
1777657620,7280.75,7281,7279.5,7279.5
1777657680,7279.75,7280.25,7279.25,7280
1777657740,7280.25,7280.5,7279.25,7279.75
1777657800,7279.75,7280.5,7279.75,7280.25
1777657860,7280.25,7280.25,7279,7279.25
1777657920,7279.25,7280.75,7279,7279.75
1777657980,7279.75,7283.75,7279.5,7281.5
1777658040,7282,7283,7281,7281.25
1777658100,7281.25,7282.5,7281,7281.5
1777658160,7281.5,7282,7280.75,7281
1777658220,7281,7281.5,7281,7281
1777658280,7281,7281.5,7280.25,7280.25
1777658340,7280.5,7280.75,7279.25,7279.5
1777658400,7279.5,7280.75,7279.25,7279.5
1777658460,7279.75,7280.25,7278.75,7279
1777658520,7279.25,7279.25,7276,7276.75
1777658580,7277,7278,7276.5,7277.25
1777658640,7277.25,7277.5,7276,7276.5
1777658700,7276.5,7276.5,7273.75,7274.5
1777658760,7274.75,7275.25,7273,7274.75
1777658820,7274.75,7275.5,7273.75,7274.5
1777658880,7274.5,7276,7274.25,7275.75
1777658940,7275.75,7277,7275.5,7276
1777659000,7276,7276.5,7274.25,7275.5
1777659060,7275.25,7275.25,7274,7274
1777659120,7274,7274.5,7273.25,7274
1777659180,7273.75,7273.75,7272.75,7273
1777659240,7273,7273.25,7268.75,7269.5
1777659300,7269.75,7271,7269,7269
1777659360,7269.25,7269.25,7266.25,7266.5
1777659420,7266.5,7269.75,7266.5,7269.5
1777659480,7269.5,7270.25,7269,7269.5
1777659540,7269.5,7271.5,7269.5,7269.5
1777659600,7269.5,7270.25,7268.5,7269
1777659660,7269,7270.25,7268.5,7269.5
1777659720,7269.5,7272,7269.5,7270.5
1777659780,7270.25,7271.5,7270.25,7271.25
1777659840,7271,7272.5,7270.75,7272
1777659900,7272.25,7272.25,7270,7270.5
1777659960,7270.5,7271.75,7270,7270.25
1777660020,7270.25,7271.5,7270.25,7271.5
1777660080,7271.5,7273.25,7271.25,7271.5
1777660140,7271.25,7273.75,7270.25,7272.75
1777660200,7272.75,7273.5,7270.75,7271
1777660260,7271.25,7273.5,7269,7269.5
1777660320,7269.75,7270,7268.5,7269.75
1777660380,7269.75,7270,7267,7267.25
1777660440,7267.25,7268.25,7266.5,7267
1777660500,7267,7267,7263.5,7265.25
1777660560,7265.25,7266.75,7264.5,7266.5
1777660620,7266.5,7267.5,7264,7264.25
1777660680,7264.25,7265.5,7264,7264.75
1777660740,7264.75,7266,7264.5,7264.75
1777660800,7264.75,7265.5,7264.25,7264.5
1777660860,7264.5,7265.5,7264.25,7264.5
1777660920,7264.25,7265.75,7264,7265.25
1777660980,7265,7266,7263.25,7263.25
1777661040,7263.25,7263.75,7262.25,7263.25
1777661100,7263.25,7264,7261.5,7262
1777661160,7262,7262.75,7259,7262.5
1777661220,7262.25,7264.5,7262.25,7262.75
1777661280,7262.5,7263,7261.25,7261.5
1777661340,7261.25,7263.75,7261,7262.75
1777661400,7262.5,7264,7262,7263.75
1777661460,7264,7264.75,7262.5,7262.5
1777661520,7262.5,7262.5,7261,7261.25
1777661580,7261.25,7263,7261.25,7262
1777661640,7261.75,7262,7261,7261.5
1777661700,7261.75,7264,7261.5,7263.75
1777661760,7263.75,7264.25,7261.75,7262
1777661820,7262,7262.75,7261,7261
1777661880,7261,7262.5,7261,7261.75
1777661940,7261.75,7263.5,7261.75,7262.75
1777662000,7262.75,7263,7262,7262.5
1777662060,7262.75,7265.75,7262.5,7265.25
1777662120,7265.25,7267.25,7265,7266.25
1777662180,7266,7267,7265,7265.5
1777662240,7265.5,7266,7264.25,7265.25
1777662300,7265.25,7267.25,7265.25,7267
1777662360,7266.75,7267.75,7266.25,7267.5
1777662420,7267.25,7267.75,7266.5,7266.75
1777662480,7266.75,7268.75,7265.75,7267.25
1777662540,7267.25,7269.25,7267.25,7269.25
1777662600,7268.75,7269.25,7267.75,7268.5
1777662660,7268.5,7271,7268.5,7270.25
1777662720,7270,7271,7269.75,7270.25
1777662780,7270.25,7271.5,7270.25,7270.75
1777662840,7270.75,7272.5,7270.75,7271.75
1777662900,7271.75,7273.5,7271,7272.25
1777662960,7272.25,7273.25,7271,7271.75
1777663020,7272,7273,7271.75,7272.75
1777663080,7273,7274.25,7272.5,7274
1777663140,7273.75,7274,7272.75,7273
1777663200,7273.25,7273.25,7271.75,7272.5
1777663260,7272.5,7273.5,7272.25,7273
1777663320,7273,7273.75,7272.25,7272.5
1777663380,7272.5,7274,7272.25,7273
1777663440,7273.25,7274,7272.75,7273.75
1777663500,7273.5,7275.75,7273.5,7275.5
1777663560,7275.75,7277,7275.5,7276.5
1777663620,7276.5,7276.75,7275.5,7275.75
1777663680,7275.5,7277,7275.5,7276.25
1777663740,7276.5,7277,7275.25,7275.25
1777663800,7275.5,7276.5,7273.75,7274.25
1777663860,7274.25,7274.25,7271.25,7271.5
1777663920,7271.75,7272.75,7271.25,7272.25
1777663980,7272.5,7273.5,7272.25,7273.25
1777664040,7273.25,7275,7273.25,7273.75
1777664100,7273.5,7274.25,7272.25,7272.5
1777664160,7272.5,7273.25,7271.75,7272.25
1777664220,7272.5,7272.75,7271.75,7272.25
1777664280,7272.25,7273.5,7272,7273.25
1777664340,7273.5,7275,7273.5,7274.5
1777664400,7274.5,7275.25,7274.25,7274.75
1777664460,7274.75,7274.75,7273,7273
1777664520,7273,7273,7271.5,7271.75
1777664580,7271.75,7273,7271,7272.75
1777664640,7272.75,7273.25,7272,7272.5
1777664700,7272.5,7273,7271,7271.25
1777664760,7271.25,7271.75,7270.25,7271.25
1777664820,7271,7271,7269.75,7269.75
1777664880,7269.75,7271,7269.5,7269.75
1777664940,7270,7271.25,7269.5,7271
1777665000,7270.75,7272.75,7267.25,7267.5
1777665060,7267.25,7268.25,7266.25,7266.75
1777665120,7266.5,7267,7262.75,7263.5
1777665180,7263.25,7266,7263.25,7265.25
1777665240,7265.5,7266.75,7264,7264.25
1777665300,7264,7264.5,7261.5,7262.25
1777665360,7262,7264,7261.75,7263.25
1777665420,7263.25,7263.5,7261.75,7262.5
1777665480,7262.75,7263,7260.75,7261.25
1777665540,7261.25,7262.25,7255.5,7257.5
1777665600,7257.5,7258.25,7256.5,7257.25
1777665660,7257.25,7258,7255.75,7256.75
1777665720,7256.75,7257.5,7256.75,7257
1777665780,7257,7257.5,7255,7255.25
1777665840,7255.5,7255.75,7254.75,7255
1777665900,7255,7255.25,7253.25,7253.5
1777665960,7253.75,7253.75,7252,7252.75
1777666020,7252.75,7253.25,7252.25,7253.25
1777666080,7253.25,7255,7253,7253.25
1777666140,7253.5,7255.25,7253.25,7254.75
1777666200,7255,7255.5,7254.5,7254.75
1777666260,7254.5,7255,7253,7253.25
1777666320,7253.25,7255,7253,7254.5
1777666380,7254.5,7255,7253.75,7254
1777666440,7254.25,7255,7254,7254.25
1777666500,7254.25,7254.75,7252.25,7252.5
1777666560,7252.5,7252.5,7250.75,7252
1777666620,7252.25,7252.75,7251.5,7251.5
1777666680,7251.5,7251.5,7251,7251.5
1777666740,7251.5,7251.75,7250,7250.5
1777666800,7250.25,7250.75,7247.75,7248.5
1777666860,7248.5,7249.25,7247.5,7248.75
1777666920,7249,7250,7248.5,7250
1777666980,7249.75,7250.5,7249.25,7250
1777667040,7250,7250.25,7249,7249.25
1777667100,7249.5,7250.75,7249.25,7250.25
1777667160,7250,7251,7249.5,7250.25
1777667220,7250.25,7250.25,7249.25,7249.25
1777667280,7249.5,7249.75,7249.25,7249.75
1777667340,7250,7250,7249,7249.25
1777667400,7249.25,7249.25,7248.5,7249
1777667460,7249,7249.25,7248,7248.75
1777667520,7248.75,7249.5,7248.75,7249.25
1777667580,7249.25,7249.5,7248.5,7248.75
1777667640,7248.75,7248.75,7247,7247.25
1777667700,7247.25,7248.25,7247,7248.25
1777667760,7248,7248.75,7247.75,7248.25
1777667820,7248,7248.5,7248,7248
1777667880,7248,7248,7245.75,7247.25
1777667940,7247.5,7247.75,7246.5,7247
1777668000,7247,7247.5,7245.75,7246.25
1777668060,7246.25,7247.25,7246.25,7247.25
1777668120,7247,7247.25,7246.25,7246.75
1777668180,7246.75,7247,7246.5,7246.75
1777668240,7246.75,7247.5,7246.75,7246.75
1777668300,7247,7248.25,7246.75,7248
1777668360,7248,7249,7247.75,7248.75
1777668420,7248.5,7249.5,7248.25,7249.25
1777668480,7249,7249.5,7248.75,7249.25
1777668540,7249.5,7249.5,7248.5,7248.5
1777668600,7248.75,7249,7248.5,7248.5
1777668660,7248.5,7249.5,7248.5,7249
1777668720,7249,7249.25,7247.5,7248
1777668780,7248.25,7248.5,7247.75,7247.75
1777668840,7248,7248.5,7247.25,7247.25
1777668900,7247.25,7247.5,7246.5,7247.5
1777668960,7247.5,7248.5,7247.25,7248.25
1777669020,7248.5,7248.75,7240.75,7244.75
1777669080,7245,7248,7244.75,7247.5
1777669140,7247.25,7248.25,7246.25,7247.75
1777845600,7276.25,7279.75,7272.25,7274.75
1777845660,7274.75,7275.25,7271,7273.5
1777845720,7273.75,7274,7267.5,7268.5
1777845780,7268.75,7270,7267.25,7268.5
1777845840,7268.5,7271.25,7267.75,7271.25
1777845900,7271,7271.75,7267.25,7269
1777845960,7268.75,7270.25,7268.5,7270.25
1777846020,7270.5,7270.75,7268.75,7269.75
1777846080,7270,7270.75,7269,7269.25
1777846140,7269.25,7269.5,7268.5,7269.25
1777846200,7269.5,7269.5,7268,7268.25
1777846260,7268.25,7269.5,7268,7268.75
1777846320,7268.75,7270,7267.75,7268
1777846380,7268,7268,7266.75,7267.25
1777846440,7267.5,7268.25,7267.25,7268.25
1777846500,7268,7269.75,7268,7268.75
1777846560,7268.5,7269.5,7267,7267.5
1777846620,7267.5,7269.25,7267.5,7269
1777846680,7269,7269.5,7269,7269.25
1777846740,7269.25,7269.25,7268.25,7269.25
1777846800,7269.25,7270.5,7268.5,7268.5
1777846860,7268.75,7268.75,7266.75,7266.75
1777846920,7266.5,7266.5,7262.75,7263
1777846980,7263,7263.75,7262.25,7263.25
1777847040,7263,7264.5,7262.75,7264.5
1777847100,7264,7264.5,7263.25,7264.5
1777847160,7264.75,7266,7264.75,7265.25
1777847220,7265.5,7265.75,7265,7265.75
1777847280,7265.25,7265.5,7264.25,7264.75
1777847340,7264.75,7264.75,7264,7264.75
1777847400,7264.75,7265,7264.25,7264.5
1777847460,7264.5,7264.5,7263.25,7264
1777847520,7264.25,7264.75,7263.25,7264.75
1777847580,7264.75,7264.75,7264.5,7264.75
1777847640,7265,7267.25,7265,7266.25
1777847700,7266.25,7266.25,7264.5,7265
1777847760,7264.5,7265.75,7264.5,7264.75
1777847820,7265,7265.75,7264.75,7265.25
1777847880,7265.5,7266.25,7265,7266
1777847940,7266,7266,7265.25,7265.75
1777848000,7265.75,7267,7265.5,7266.5
1777848060,7266.5,7267,7266.25,7266.75
1777848120,7267,7268,7266.75,7268
1777848180,7268.25,7268.75,7268,7268
1777848240,7268,7268,7267.25,7267.25
1777848300,7267.5,7269.75,7267.5,7268.75
1777848360,7269,7269.5,7268.75,7269.25
1777848420,7269,7269.25,7267.75,7268.25
1777848480,7268.25,7268.75,7268.25,7268.25
1777848540,7268.25,7268.25,7265,7265.25
1777848600,7265,7266.25,7263.75,7265.75
1777848660,7266.25,7266.75,7265.5,7265.5
1777848720,7265.5,7266,7265.25,7265.75
1777848780,7265.5,7266.25,7265,7265.5
1777848840,7265.75,7266.5,7265.75,7266
1777848900,7266.25,7267.25,7265.5,7265.75
1777848960,7265.25,7266,7265,7265.5
1777849020,7265.5,7265.75,7265.25,7265.5
1777849080,7265.75,7266.25,7265.75,7266
1777849140,7266,7266,7265.5,7265.5
1777849200,7265.75,7265.75,7264.5,7265
1777849260,7264.75,7267.75,7264.75,7267.5
1777849320,7267.5,7268,7265.5,7265.5
1777849380,7265.5,7266.25,7265.25,7266.25
1777849440,7266.25,7267,7266.25,7266.5
1777849500,7266.5,7266.75,7266.25,7266.5
1777849560,7266.75,7267,7266,7266.25
1777849620,7266.25,7266.75,7265.5,7266.75
1777849680,7266.75,7266.75,7265.25,7265.75
1777849740,7265.5,7265.75,7265,7265.5
1777849800,7265.5,7265.75,7264.25,7264.75
1777849860,7264.75,7264.75,7262.5,7263.5
1777849920,7263.25,7263.25,7260,7262.25
1777849980,7262.5,7262.75,7262,7262.25
1777850040,7262.25,7262.75,7262,7262.75
1777850100,7262.75,7263,7260.25,7260.75
1777850160,7260.75,7261.75,7260.5,7261.75
1777850220,7261.5,7262.5,7261.5,7262
1777850280,7262,7262.75,7261.75,7262.5
1777850340,7262.5,7262.75,7262,7262
1777850400,7262,7262,7261,7262
1777850460,7262.25,7262.5,7261.5,7261.5
1777850520,7261.75,7262,7261.25,7262
1777850580,7262,7262.25,7261.5,7261.5
1777850640,7261.75,7262.5,7261.75,7262
1777850700,7262.25,7262.5,7261.75,7262.5
1777850760,7262.5,7262.75,7262,7262
1777850820,7262,7262,7261.75,7261.75
1777850880,7261.5,7261.5,7261.25,7261.25
1777850940,7261,7262,7261,7262
1777851000,7261.75,7262,7261.25,7261.5
1777851060,7261.5,7262,7261.25,7262
1777851120,7261.75,7263,7261.75,7262.75
1777851180,7262.75,7262.75,7262,7262
1777851240,7262.25,7262.5,7262,7262.5
1777851300,7262.5,7263.75,7262.5,7263.5
1777851360,7263.5,7263.5,7262.5,7262.5
1777851420,7262.5,7262.75,7262.25,7262.75
1777851480,7262.75,7263.75,7262.75,7263.75
1777851540,7264,7265,7261.25,7261.5
1777851600,7261.75,7262,7260.75,7261
1777851660,7261.25,7262,7261.25,7262
1777851720,7261.75,7262.5,7261.75,7262.25
1777851780,7262.75,7263.5,7262.75,7263.5
1777851840,7263.5,7263.5,7261,7261.5
1777851900,7261,7261,7259.25,7260.25
1777851960,7259.75,7262.75,7259.75,7262.5
1777852020,7262.75,7263.5,7262.5,7262.5
1777852080,7262.5,7262.5,7261.75,7262.25
1777852140,7262.25,7262.75,7261.75,7262.5
1777852200,7262.5,7262.5,7261.5,7261.75
1777852260,7261.75,7263,7261.5,7262.75
1777852320,7262.5,7263.5,7262.25,7263.5
1777852380,7263.25,7263.75,7263,7263.25
1777852440,7263,7263,7262.75,7263
1777852500,7263,7263.5,7261.75,7262.75
1777852560,7262.75,7263.25,7262.75,7262.75
1777852620,7262.75,7263,7262,7262.25
1777852680,7262.25,7262.25,7261.5,7261.75
1777852740,7261.75,7262.5,7261.5,7261.75
1777852800,7261.75,7261.75,7259.5,7260.5
1777852860,7260.25,7260.75,7258.25,7260.5
1777852920,7261,7262,7260.75,7261.75
1777852980,7262,7262.5,7259.75,7259.75
1777853040,7259.75,7262,7259.25,7261.75
1777853100,7262,7263.75,7261.5,7263.25
1777853160,7263.25,7263.75,7262.25,7263.5
1777853220,7263.5,7266.25,7263.5,7265.75
1777853280,7265.75,7265.75,7264.25,7264.25
1777853340,7264.75,7266,7264.75,7265.25
1777853400,7265.5,7265.75,7264.75,7265
1777853460,7265,7265.25,7262.75,7262.75
1777853520,7263,7263,7260.5,7261.75
1777853580,7261.5,7262.25,7260.75,7261.5
1777853640,7261.5,7262.75,7260.75,7262.25
1777853700,7262.25,7264,7260.75,7262.25
1777853760,7262.25,7262.25,7259.75,7260.25
1777853820,7260.5,7260.75,7257.5,7258.25
1777853880,7258.25,7259.5,7257.75,7259.5
1777853940,7259.5,7259.5,7257,7258.5
1777854000,7258.75,7259.25,7256.75,7256.75
1777854060,7257,7257,7254.25,7255.25
1777854120,7255.5,7256,7254.75,7256
1777854180,7256,7256.5,7255.25,7256
1777854240,7256.25,7258,7256.25,7256.75
1777854300,7257,7258,7256,7257.5
1777854360,7257.25,7257.75,7256,7256.5
1777854420,7256.5,7258.25,7256.5,7257.75
1777854480,7257.75,7259.5,7257.75,7258.75
1777854540,7258.75,7259.25,7257.5,7258
1777854600,7258,7258.25,7257.5,7258
1777854660,7258,7262.25,7258,7261
1777854720,7261,7261.75,7260.25,7261.5
1777854780,7261.5,7261.5,7260.25,7261
1777854840,7261.25,7261.5,7260.5,7261.25
1777854900,7261.5,7262,7260.75,7261
1777854960,7261,7261.5,7258.75,7259
1777855020,7259.25,7259.5,7258,7259.5
1777855080,7259.5,7259.75,7258.5,7259
1777855140,7259,7259.5,7258.75,7259.25
1777855200,7259.5,7261.25,7259.25,7261
1777855260,7261,7261.75,7260.25,7261.5
1777855320,7261.5,7262.5,7261.5,7261.5
1777855380,7261.5,7262.5,7261.25,7262.25
1777855440,7262.5,7263,7262,7262.25
1777855500,7262.25,7262.75,7262,7262.25
1777855560,7262.5,7264.5,7261.75,7263
1777855620,7263,7263,7262.25,7263
1777855680,7263,7264.5,7262.75,7264.25
1777855740,7264,7264.75,7264,7264
1777855800,7264.5,7264.5,7263.75,7264
1777855860,7264,7264,7262.75,7263
1777855920,7263,7263.25,7262.5,7263
1777855980,7262.75,7263.5,7262.5,7263.5
1777856040,7263.5,7263.75,7263,7263.75
1777856100,7263.5,7265.5,7263.5,7265.5
1777856160,7265.5,7267.25,7265.5,7266.5
1777856220,7266.5,7267.25,7266.5,7266.75
1777856280,7267,7267,7266.5,7266.75
1777856340,7266.5,7267,7265.75,7266.5
1777856400,7266.5,7267.75,7266.25,7266.5
1777856460,7266.5,7266.5,7264.5,7264.5
1777856520,7264.5,7265.5,7263.5,7264
1777856580,7264.25,7264.5,7263.5,7263.75
1777856640,7263.75,7264.25,7263,7263.25
1777856700,7263,7264,7261.75,7263.75
1777856760,7264,7264,7262.25,7262.25
1777856820,7262,7262.25,7260.25,7261.25
1777856880,7261.5,7262,7261,7261.75
1777856940,7261.25,7262,7261,7261.75
1777857000,7262,7262,7259.75,7260
1777857060,7259.75,7262,7259.5,7261.75
1777857120,7262,7262,7260.75,7261.5
1777857180,7261.5,7263,7261.25,7263
1777857240,7263,7264.5,7262.75,7264.25
1777857300,7264.5,7265.5,7264.5,7264.5
1777857360,7264.5,7265.5,7264.5,7265
1777857420,7265,7266.25,7264,7265.25
1777857480,7265.5,7265.5,7264.75,7264.75
1777857540,7264.75,7265.25,7263.5,7264
1777857600,7264,7264.75,7263.5,7263.5
1777857660,7263.5,7265,7263,7264.75
1777857720,7265,7265.5,7264.75,7265
1777857780,7264.75,7265.25,7264.25,7264.5
1777857840,7264.75,7265,7264,7264.25
1777857900,7264.25,7264.25,7263.25,7263.25
1777857960,7263.5,7263.5,7261.75,7262.25
1777858020,7262.25,7262.75,7262,7262
1777858080,7262,7262.75,7261.75,7262.25
1777858140,7262.5,7262.75,7261.25,7261.75
1777858200,7261.5,7263,7260.75,7262.25
1777858260,7262.5,7265,7262.5,7264.25
1777858320,7264.5,7266,7264.25,7265.25
1777858380,7265.5,7265.5,7263.25,7263.75
1777858440,7263.75,7266,7263.75,7265.75
1777858500,7265.75,7265.75,7264.25,7264.5
1777858560,7264.75,7265,7264.25,7264.75
1777858620,7264.75,7266.75,7264.75,7266.25
1777858680,7266.25,7266.25,7265,7265.25
1777858740,7265.25,7265.5,7265,7265.5
1777858800,7265.75,7266.25,7265.5,7265.75
1777858860,7266,7266,7264.75,7265.5
1777858920,7265.5,7265.75,7265.25,7265.5
1777858980,7265.25,7265.5,7264.5,7265.5
1777859040,7265.75,7265.75,7265,7265
1777859100,7265.25,7265.75,7265.25,7265.75
1777859160,7266,7266,7265.5,7265.75
1777859220,7265.25,7265.25,7264.25,7264.75
1777859280,7265,7265.5,7265,7265.25
1777859340,7265.25,7266.25,7265.25,7265.75
1777859400,7266,7266.75,7265.5,7266.25
1777859460,7266.25,7266.75,7266.25,7266.75
1777859520,7266.75,7267.5,7266.5,7266.5
1777859580,7266.5,7266.75,7266,7266
1777859640,7265.75,7266,7265.5,7266
1777859700,7266,7267,7265.75,7267
1777859760,7267,7267.25,7265.75,7266
1777859820,7266,7266.5,7266,7266.25
1777859880,7266.5,7267,7265.75,7266.75
1777859940,7266.75,7267.5,7266.75,7267
1777860000,7267.25,7268,7266.75,7266.75
1777860060,7266.75,7266.75,7265.5,7266.5
1777860120,7266.75,7266.75,7265,7265.5
1777860180,7265.25,7265.5,7264.75,7265
1777860240,7265.25,7266,7265.25,7266
1777860300,7265.75,7266,7264.75,7264.75
1777860360,7264.5,7265,7264.25,7265
1777860420,7265,7265,7264.25,7264.25
1777860480,7264.25,7264.25,7263.5,7264
1777860540,7264.25,7265,7264.25,7264.5
1777860600,7264.5,7264.5,7261.75,7262.5
1777860660,7262.25,7262.75,7261.5,7262.75
1777860720,7262.75,7265,7262.75,7265
1777860780,7264.75,7266.5,7264.5,7265.75
1777860840,7265.5,7266.5,7265,7265
1777860900,7265,7265,7261,7261.25
1777860960,7261.25,7261.75,7260.5,7261
1777861020,7261.25,7261.75,7260.5,7261.5
1777861080,7261.5,7263,7260.5,7262
1777861140,7262.25,7264.5,7262.25,7264.25
1777861200,7264.25,7265,7263.25,7264
1777861260,7263.75,7264.25,7262.75,7263.25
1777861320,7263.25,7263.5,7262.25,7262.5
1777861380,7262.5,7262.75,7262,7262
1777861440,7262.25,7262.75,7262.25,7262.5
1777861500,7262.75,7263,7261.25,7261.5
1777861560,7261.5,7263,7260.25,7262.75
1777861620,7262.5,7262.5,7261,7261
1777861680,7261.25,7261.25,7260.5,7260.75
1777861740,7260.75,7260.75,7260,7260.5
1777861800,7260.75,7261.75,7260.25,7261.25
1777861860,7261.25,7261.75,7261,7261.75
1777861920,7261.5,7262.25,7261.25,7262
1777861980,7262,7263.5,7261.75,7262.75
1777862040,7263,7263.25,7262.75,7263.25
1777862100,7263.25,7263.75,7263,7263.5
1777862160,7263.25,7263.25,7262.5,7263
1777862220,7262.75,7264.25,7262.5,7264
1777862280,7264,7264.5,7263.75,7263.75
1777862340,7264,7264.25,7263.75,7264.25
1777862400,7264.25,7264.75,7263.75,7264.5
1777862460,7264.5,7264.75,7264.25,7264.5
1777862520,7264.25,7265,7264.25,7264.75
1777862580,7264.75,7264.75,7264.25,7264.75
1777862640,7264.75,7264.75,7264.25,7264.5
1777862700,7264.5,7265.5,7264,7265.25
1777862760,7265,7265,7264.5,7264.75
1777862820,7264.5,7265,7264.25,7264.75
1777862880,7264.5,7265,7264.5,7264.75
1777862940,7264.75,7265,7264.5,7265
1777863000,7264.75,7265,7264.5,7265
1777863060,7265,7265.5,7265,7265
1777863120,7265,7265.75,7264.75,7265.5
1777863180,7265.5,7267.5,7265.5,7267
1777863240,7267,7268.75,7267,7268
1777863300,7268.25,7268.5,7267.75,7268.25
1777863360,7268,7268.25,7267.25,7267.5
1777863420,7267.25,7267.5,7266.75,7267.25
1777863480,7267.5,7267.75,7266.75,7266.75
1777863540,7266.75,7266.75,7266,7266
1777863600,7266,7267.25,7265.75,7267.25
1777863660,7267,7267,7266,7266.25
1777863720,7266.5,7266.75,7266.5,7266.5
1777863780,7266.75,7267.25,7266.5,7267.25
1777863840,7267.25,7267.75,7267,7267.5
1777863900,7267.5,7267.75,7267.25,7267.25
1777863960,7267.5,7267.75,7267,7267.5
1777864020,7267.25,7267.75,7267.25,7267.5
1777864080,7267.5,7268.75,7267.5,7268
1777864140,7268.5,7269,7268.25,7268.5
1777864200,7268.25,7268.5,7268,7268
1777864260,7268,7268.25,7267.5,7268.25
1777864320,7268,7268,7267.25,7267.75
1777864380,7268,7268.5,7267.75,7268.25
1777864440,7268.25,7268.25,7267.75,7268
1777864500,7267.75,7267.75,7266.75,7267
1777864560,7267,7267.25,7266.75,7266.75
1777864620,7266.75,7267.25,7266.5,7267
1777864680,7267,7267.75,7267,7267.75
1777864740,7267.75,7268,7267.75,7268
1777864800,7268.25,7268.25,7267.25,7267.5
1777864860,7267.5,7267.75,7267.5,7267.75
1777864920,7267.75,7268,7267.25,7267.75
1777864980,7267.5,7267.5,7267,7267.25
1777865040,7267.25,7267.5,7266.5,7267.25
1777865100,7267.25,7267.75,7267,7267.5
1777865160,7267.25,7267.25,7266.75,7266.75
1777865220,7266.75,7267,7266.5,7266.75
1777865280,7266.75,7267,7266.5,7266.5
1777865340,7266.5,7267,7266,7266.75
1777865400,7266.5,7267,7266.5,7266.75
1777865460,7267,7267,7264.75,7265
1777865520,7265.25,7265.25,7264.75,7265.25
1777865580,7265.25,7265.75,7264.75,7264.75
1777865640,7265,7265.25,7264.75,7265.25
1777865700,7265.25,7265.5,7264.25,7264.25
1777865760,7264.25,7264.75,7263.5,7264.5
1777865820,7264.5,7264.5,7263.75,7264
1777865880,7264,7264.75,7264,7264.25
1777865940,7264.5,7264.5,7263.75,7264
1777866000,7264,7264.5,7263.75,7264.25
1777866060,7264.5,7264.5,7264,7264.5
1777866120,7264.25,7265,7264.25,7265
1777866180,7264.75,7265.5,7264.75,7265.5
1777866240,7265.5,7266.5,7265.5,7266
1777866300,7266,7267,7266,7266.5
1777866360,7266.25,7267.25,7265.75,7266
1777866420,7265.75,7266.75,7265.5,7266
1777866480,7266,7267.75,7266,7267.5
1777866540,7267.5,7267.5,7266.25,7266.75
1777866600,7266.75,7268.25,7266.5,7267
1777866660,7267,7267.75,7266.75,7267
1777866720,7267.25,7267.75,7267,7267.75
1777866780,7267.5,7267.5,7266,7266.25
1777866840,7266,7266.5,7265.75,7265.75
1777866900,7265.75,7266.25,7265.5,7265.75
1777866960,7265.5,7266,7265.25,7266
1777867020,7266.25,7266.75,7266,7266.75
1777867080,7266.5,7267,7265.75,7266.5
1777867140,7266.75,7267,7266.25,7267
1777867200,7267,7267.5,7267,7267.25
1777867260,7266.75,7267.5,7266,7266.5
1777867320,7266.25,7266.5,7266.25,7266.25
1777867380,7266.25,7266.5,7265.75,7266
1777867440,7266.25,7267.5,7266.25,7267.5
1777867500,7267.75,7268.25,7267.25,7267.75
1777867560,7267.75,7267.75,7267.25,7267.5
1777867620,7267.75,7268,7267.25,7267.75
1777867680,7267.75,7268,7267.25,7268
1777867740,7268.25,7268.5,7268,7268.5
1777867800,7268.5,7268.5,7267.75,7268
1777867860,7268,7268.25,7267.75,7268
1777867920,7268.5,7269,7268.25,7268.5
1777867980,7268.5,7268.5,7268,7268.5
1777868040,7268.25,7268.25,7268,7268
1777868100,7268,7268.5,7268,7268.5
1777868160,7268.5,7268.5,7268,7268.25
1777868220,7268.25,7269.25,7268,7269
1777868280,7269,7269.25,7268.75,7269.25
1777868340,7269.25,7269.75,7269,7269
1777868400,7269,7269.75,7268.75,7269.75
1777868460,7269.5,7270.25,7269.5,7269.75
1777868520,7269.75,7269.75,7268.5,7269.5
1777868580,7269.25,7269.5,7269,7269.25
1777868640,7269.25,7269.25,7269,7269.25
1777868700,7269,7270.25,7269,7270
1777868760,7269.75,7270.25,7269.5,7269.5
1777868820,7269.5,7270.5,7269.5,7270
1777868880,7270,7270.25,7269.75,7269.75
1777868940,7269.5,7269.5,7269.25,7269.25
1777869000,7269.5,7270,7269.25,7269.25
1777869060,7269.25,7269.75,7268.75,7269.5
1777869120,7269.5,7269.5,7269,7269
1777869180,7268.75,7268.75,7268,7268.25
1777869240,7268.25,7270.25,7268.25,7269.75
1777869300,7269.5,7270.25,7269.25,7270
1777869360,7270,7270,7269.5,7269.75
1777869420,7269.75,7270.75,7269.5,7269.75
1777869480,7270,7270,7269.75,7270
1777869540,7270,7270,7269.25,7269.25
1777869600,7269.5,7269.75,7269.5,7269.5
1777869660,7269.5,7269.5,7269,7269.25
1777869720,7269.5,7269.5,7269.25,7269.5
1777869780,7269.25,7269.5,7269,7269
1777869840,7269,7269,7269,7269
1777869900,7269.25,7269.5,7269,7269.25
1777869960,7269.25,7269.25,7269.25,7269.25
1777870020,7269.25,7269.25,7268.75,7268.75
1777870080,7268.75,7268.75,7268.25,7268.25
1777870140,7268.25,7268.75,7267.25,7268.25
1777870200,7268,7268.5,7267.75,7268.5
1777870260,7268.5,7268.75,7268.5,7268.5
1777870320,7268.5,7268.75,7268.5,7268.75
1777870380,7268.75,7268.75,7268.25,7268.25
1777870440,7268.25,7268.5,7268,7268
1777870500,7267.75,7268,7267.25,7268
1777870560,7267.75,7268,7267.5,7267.5
1777870620,7267.5,7268,7267.5,7268
1777870680,7268,7268.5,7267.75,7268.5
1777870740,7268.25,7268.5,7267.75,7267.75
1777870800,7267.75,7268.5,7267.25,7268.25
1777870860,7268.25,7268.5,7268.25,7268.25
1777870920,7268.25,7268.5,7268.25,7268.5
1777870980,7268.5,7269,7267.5,7267.5
1777871040,7267.5,7268.25,7267.5,7268.25
1777871100,7268.25,7269.25,7268,7269.25
1777871160,7269,7269.75,7269,7269.75
1777871220,7269.25,7270,7269.25,7269.5
1777871280,7269.5,7269.5,7269,7269.5
1777871340,7269.5,7270.5,7269.25,7270
1777871400,7270.25,7270.5,7270,7270.25
1777871460,7270.25,7270.5,7270,7270.5
1777871520,7270.25,7270.75,7270,7270
1777871580,7270.25,7270.25,7269.5,7269.75
1777871640,7269.75,7270.5,7269.75,7270
1777871700,7270.25,7270.25,7269.75,7270
1777871760,7270.25,7270.5,7270,7270
1777871820,7270,7271,7270,7270.5
1777871880,7270.75,7271.75,7270.5,7271.75
1777871940,7272,7274.5,7272,7273.25
1777872000,7273,7273.25,7272.25,7273
1777872060,7272.75,7273,7272,7273
1777872120,7272.75,7273,7272,7272
1777872180,7272.25,7273,7272.25,7272.75
1777872240,7272.5,7272.75,7271.5,7271.5
1777872300,7271.25,7271.5,7270,7270.25
1777872360,7270.5,7270.5,7269.5,7270
1777872420,7270,7270.25,7269,7269.25
1777872480,7269.25,7269.5,7268.75,7269
1777872540,7268.75,7269,7268.25,7268.5
1777872600,7268.75,7269,7267.75,7268.5
1777872660,7268.75,7269.25,7268.5,7268.75
1777872720,7268.5,7268.5,7268.25,7268.25
1777872780,7268.25,7269,7268.25,7269
1777872840,7269,7269.75,7269,7269.75
1777872900,7269.75,7270,7269.25,7269.25
1777872960,7269,7270,7269,7269.25
1777873020,7269.25,7269.75,7268.75,7268.75
1777873080,7268.75,7268.75,7268.5,7268.75
1777873140,7268.75,7270,7268.75,7269.75
1777873200,7270,7270.5,7269.75,7270
1777873260,7270,7270,7269.5,7269.5
1777873320,7269.75,7270.75,7269.75,7270.5
1777873380,7270.5,7271.5,7270.5,7271.5
1777873440,7271.75,7272.25,7271.5,7272.25
1777873500,7272.25,7272.75,7271.75,7272
1777873560,7272,7272,7271,7271.25
1777873620,7271.5,7272,7271.5,7271.5
1777873680,7271.25,7271.25,7271.25,7271.25
1777873740,7271,7271,7270.75,7271
1777873800,7270.75,7270.75,7269.75,7270.25
1777873860,7270.25,7270.5,7269.5,7270.5
1777873920,7270.5,7270.5,7270.25,7270.25
1777873980,7270.25,7270.75,7270.25,7270.5
1777874040,7270.5,7271,7270.25,7270.75
1777874100,7270.5,7270.75,7269.5,7269.5
1777874160,7269.5,7270.25,7269.5,7269.5
1777874220,7269.75,7270.75,7269.5,7270.5
1777874280,7270.75,7270.75,7270,7270.25
1777874340,7270.25,7270.25,7269.25,7270
1777874400,7270,7271.25,7269.25,7269.25
1777874460,7269.25,7269.25,7268.25,7268.75
1777874520,7268.75,7270,7268,7269.75
1777874580,7269.5,7269.5,7267.5,7267.75
1777874640,7267.75,7268.75,7267.75,7268.25
1777874700,7268,7268,7266,7266
1777874760,7266,7266.5,7265.75,7266.25
1777874820,7266.25,7266.75,7266,7266.75
1777874880,7266.5,7267.75,7266,7267.5
1777874940,7267.5,7267.75,7266.25,7266.25
1777875000,7266.75,7267.25,7266,7267
1777875060,7267,7267.25,7266.25,7267.25
1777875120,7267.25,7268.25,7267.25,7267.75
1777875180,7267.75,7269,7267.75,7268.75
1777875240,7268.75,7269.75,7268.5,7269
1777875300,7269,7269.25,7268.25,7268.75
1777875360,7268.75,7268.75,7267.5,7267.75
1777875420,7268,7268.5,7267.25,7268.5
1777875480,7268.5,7269.25,7268,7269.25
1777875540,7269,7269.25,7268.5,7268.75
1777875600,7268.5,7268.75,7267.25,7267.25
1777875660,7267.25,7268,7266.5,7268
1777875720,7268.25,7268.75,7267.25,7268.75
1777875780,7268.5,7268.5,7266.75,7267
1777875840,7267.25,7267.25,7266.25,7266.75
1777875900,7267,7267,7265.5,7265.75
1777875960,7266,7266,7263.75,7264
1777876020,7264,7265.75,7264,7265.75
1777876080,7265.75,7266.5,7265.75,7266.25
1777876140,7266.25,7267.5,7266.25,7267.25
1777876200,7267.25,7268.75,7267.25,7268
1777876260,7268,7268,7267.25,7268
1777876320,7268,7268.5,7267.75,7268
1777876380,7267.75,7268,7264.75,7264.75
1777876440,7265,7266.25,7264.75,7266.25
1777876500,7266,7266,7264.75,7265.75
1777876560,7265.75,7266.25,7265.5,7265.5
1777876620,7265.5,7266,7265.25,7265.5
1777876680,7265.5,7265.5,7263.75,7264.5
1777876740,7264.25,7264.5,7262.75,7262.75
1777876800,7262.75,7263,7261.75,7262.5
1777876860,7262.75,7263,7262,7262.5
1777876920,7262.25,7262.25,7260.5,7261
1777876980,7260.5,7261,7259.75,7260.75
1777877040,7260.75,7262,7260.75,7261.25
1777877100,7261.5,7261.75,7260,7260.5
1777877160,7260.25,7260.75,7259.5,7260.5
1777877220,7260.75,7261.25,7260.25,7260.75
1777877280,7260.75,7262,7260.5,7261.75
1777877340,7262,7263,7261.25,7263
1777877400,7263.25,7263.5,7262.5,7262.75
1777877460,7262.5,7262.75,7261.5,7261.75
1777877520,7261.5,7262.75,7261.5,7262.5
1777877580,7262.5,7263.25,7262.5,7262.75
1777877640,7263,7263.5,7263,7263
1777877700,7263,7263.75,7262.5,7263.5
1777877760,7263.75,7264,7263.5,7263.75
1777877820,7263.5,7264,7263.25,7263.75
1777877880,7263.5,7264,7263.5,7263.5
1777877940,7263.75,7263.75,7262.5,7262.75
1777878000,7263,7263.75,7259.5,7260.25
1777878060,7260.25,7262,7260.25,7261.75
1777878120,7261.5,7262.75,7261.25,7262.75
1777878180,7263,7264.25,7263,7263.75
1777878240,7263.75,7264.25,7262.5,7262.75
1777878300,7262.75,7266.5,7262.5,7266.5
1777878360,7266.25,7266.5,7265.5,7266
1777878420,7266.25,7267,7266,7266.5
1777878480,7266.5,7268,7266,7267.75
1777878540,7267.5,7268.5,7267.25,7268
1777878600,7268,7268.5,7267.5,7268.5
1777878660,7268.5,7269.75,7268.5,7268.75
1777878720,7269,7270,7268.75,7269.25
1777878780,7269.5,7270.25,7269.5,7270
1777878840,7270,7270.75,7269,7269
1777878900,7269,7272,7269,7271.75
1777878960,7271.75,7272,7271,7271.25
1777879020,7271.5,7271.75,7269.75,7270.75
1777879080,7270.5,7272,7269.75,7271.75
1777879140,7272,7273,7271.5,7272.25
1777879200,7272,7272.25,7270.75,7270.75
1777879260,7271,7273.25,7271,7272.75
1777879320,7273,7273.5,7272.75,7273
1777879380,7273,7273.5,7272.5,7272.75
1777879440,7272.5,7272.75,7271.5,7272.25
1777879500,7272.5,7273,7271.75,7271.75
1777879560,7271.75,7273,7271.5,7273
1777879620,7272.75,7273,7272.25,7272.5
1777879680,7272.75,7272.75,7269.75,7270.75
1777879740,7270.5,7271.75,7270.25,7271.25
1777879800,7271.5,7271.5,7269.25,7269.5
1777879860,7269.25,7270.5,7268.5,7268.5
1777879920,7268.75,7269.5,7268.5,7269.5
1777879980,7269.25,7269.75,7268.5,7269
1777880040,7269,7269.75,7268.75,7269
1777880100,7268.75,7270.5,7268.75,7270
1777880160,7270,7270.5,7268.25,7268.5
1777880220,7268.75,7269,7268.25,7268.5
1777880280,7268.5,7269.75,7268,7269.5
1777880340,7269.75,7270.25,7269,7270
1777880400,7269.75,7271.25,7269.5,7270.5
1777880460,7270.25,7271,7269.75,7269.75
1777880520,7269.75,7270.25,7269.25,7269.75
1777880580,7269.75,7270,7268.5,7270
1777880640,7270,7271,7270,7271
1777880700,7271,7271.25,7270.75,7271
1777880760,7271.25,7273,7271.25,7272
1777880820,7272.25,7272.5,7270.75,7270.75
1777880880,7271,7271.25,7270.25,7271
1777880940,7271,7271.25,7269.75,7270
1777881000,7270.25,7270.25,7269,7269.5
1777881060,7269.25,7270,7269,7269.5
1777881120,7269.25,7269.5,7268,7268.5
1777881180,7268,7268.25,7267,7267.5
1777881240,7267.25,7267.5,7267.25,7267.5
1777881300,7267.5,7267.5,7266.25,7266.25
1777881360,7266.25,7267.75,7266,7267
1777881420,7267,7267.5,7266.5,7267.5
1777881480,7267.5,7268,7266.75,7266.75
1777881540,7267,7267,7265.25,7265.25
1777881600,7265,7265.5,7262,7263.5
1777881660,7263.25,7264.75,7262.5,7264.25
1777881720,7264.75,7264.75,7262,7262.5
1777881780,7262.25,7262.75,7261,7262.75
1777881840,7262.75,7262.75,7258.5,7259
1777881900,7259,7259,7256,7257
1777881960,7257,7257.5,7255,7255.75
1777882020,7255.5,7258.75,7255.5,7258.5
1777882080,7258.75,7259,7256.75,7258.25
1777882140,7258.5,7260,7257.25,7260
1777882200,7259.75,7260.5,7259,7260.5
1777882260,7260.5,7261.25,7258.5,7258.5
1777882320,7258.5,7258.75,7257.75,7258.75
1777882380,7258.5,7258.75,7257.75,7258.25
1777882440,7258.75,7260,7258.75,7259.75
1777882500,7259.5,7260.25,7259.25,7259.75
1777882560,7259.5,7259.75,7257.75,7257.75
1777882620,7258,7258.25,7256.75,7257
1777882680,7257,7257.75,7256.25,7257.5
1777882740,7257.25,7258,7256.5,7257.75
1777882800,7257.75,7259.5,7257,7259.5
1777882860,7259.5,7260,7258.25,7258.25
1777882920,7258.25,7259.5,7258.25,7259.25
1777882980,7259.5,7260,7258.5,7259.75
1777883040,7259.75,7261,7259.75,7260
1777883100,7260,7261.75,7259.75,7261
1777883160,7261.25,7262.75,7260.75,7261.5
1777883220,7261.75,7261.75,7261,7261.5
1777883280,7261.75,7263.25,7261.75,7263
1777883340,7263,7263.75,7262.25,7262.5
1777883400,7262.75,7264.75,7262.75,7263.5
1777883460,7263.25,7264.25,7262.75,7263.75
1777883520,7263.75,7264,7262.25,7262.75
1777883580,7262.75,7262.75,7260.75,7261.25
1777883640,7261.5,7263.5,7261,7263
1777883700,7263,7263.5,7262.5,7263.25
1777883760,7263.25,7264,7263,7263
1777883820,7263,7263.75,7263,7263.5
1777883880,7263.5,7263.5,7263.25,7263.25
1777883940,7263.25,7264.25,7263.25,7263.75
1777884000,7263.75,7264.5,7263.5,7264.25
1777884060,7264,7264.25,7263.25,7264
1777884120,7264,7264.25,7263,7263.5
1777884180,7263.25,7263.75,7263,7263
1777884240,7263,7263.25,7262.5,7262.5
1777884300,7262.75,7263.25,7262.5,7262.75
1777884360,7262.75,7263,7262.25,7262.75
1777884420,7263,7263.75,7262.75,7263
1777884480,7262.75,7263.25,7261.75,7263
1777884540,7263,7264,7262.75,7263.75
1777884600,7263.5,7263.75,7263,7263.5
1777884660,7263.25,7263.75,7262.25,7262.25
1777884720,7262.25,7262.5,7261.5,7262.5
1777884780,7262.75,7263,7262.75,7263
1777884840,7263.25,7264,7262.75,7262.75
1777884900,7262.75,7264,7262.75,7264
1777884960,7264,7264.25,7263,7264
1777885020,7264.25,7264.5,7262.5,7262.75
1777885080,7262.5,7262.75,7262.25,7262.5
1777885140,7262.75,7263,7261.5,7262.25
1777885200,7262.5,7262.5,7261,7261.25
1777885260,7261.25,7263,7260.5,7262.5
1777885320,7262.25,7264.25,7262.25,7262.75
1777885380,7263,7264.25,7263,7264
1777885440,7264,7264.75,7263.25,7264.75
1777885500,7264.5,7265.25,7264.25,7264.25
1777885560,7264.5,7264.5,7263.5,7264
1777885620,7264.25,7264.5,7263.5,7264
1777885680,7263.75,7264.25,7263.5,7263.75
1777885740,7264,7264.75,7263.75,7264
1777885800,7264,7265.25,7263.75,7265.25
1777885860,7265.25,7265.5,7264.75,7265.25
1777885920,7265,7266,7264.75,7265.5
1777885980,7265.5,7266.5,7265.5,7266.5
1777886040,7266.5,7266.75,7266,7266
1777886100,7266,7266.25,7265.5,7265.5
1777886160,7265.5,7265.5,7264,7265
1777886220,7264.75,7265.75,7264.75,7265.5
1777886280,7265,7265.25,7264.5,7264.75
1777886340,7264.75,7265.25,7264.25,7264.5
1777886400,7264.5,7266.25,7264.5,7266
1777886460,7265.75,7265.75,7264,7264.5
1777886520,7264.5,7265.25,7264.5,7265
1777886580,7264.75,7265,7264,7264.25
1777886640,7264.5,7265.25,7264.5,7265.25
1777886700,7265.25,7265.25,7264.5,7264.5
1777886760,7264.75,7265,7264,7264.5
1777886820,7264.5,7264.5,7264,7264.5
1777886880,7264.5,7265.25,7264.5,7265.25
1777886940,7265.25,7265.5,7265,7265.25
1777887000,7265.25,7265.75,7264.75,7265
1777887060,7265.25,7265.75,7264.25,7264.5
1777887120,7264.5,7264.75,7264.5,7264.5
1777887180,7264.75,7265.25,7264.25,7265.25
1777887240,7265.25,7266,7265,7265.5
1777887300,7265.5,7266.25,7265.5,7266.25
1777887360,7266,7266,7265.75,7266
1777887420,7266.25,7267.25,7266.25,7267.25
1777887480,7267.25,7267.75,7267,7267.75
1777887540,7267.75,7267.75,7266.75,7267
1777887600,7266.75,7267,7266.5,7267
1777887660,7266.75,7267,7266.25,7266.25
1777887720,7266.5,7267.25,7266.25,7267
1777887780,7266.75,7267.25,7266.75,7266.75
1777887840,7266.75,7266.75,7266,7266.25
1777887900,7266,7266,7265.5,7265.75
1777887960,7266,7266,7265.25,7265.5
1777888020,7265.5,7265.75,7265.25,7265.25
1777888080,7265.25,7266.25,7265.25,7265.75
1777888140,7265.75,7266.25,7265.75,7266.25
1777888200,7266.5,7267,7266.5,7267
1777888260,7267,7267,7265.5,7265.75
1777888320,7265.75,7266.25,7265.5,7266.25
1777888380,7266.25,7266.75,7266.25,7266.5
1777888440,7266.5,7266.75,7266.5,7266.75
1777888500,7266.75,7267.5,7266.75,7267
1777888560,7267,7267.5,7266,7266.25
1777888620,7266.25,7267.25,7265.25,7265.25
1777888680,7265,7265,7263.5,7264.75
1777888740,7264.75,7264.75,7263.75,7263.75
1777888800,7264,7265.5,7262.75,7265
1777888860,7265,7265,7261.75,7261.75
1777888920,7261.5,7261.5,7252.5,7254.25
1777888980,7254.25,7255.5,7241.75,7242.75
1777889040,7242.75,7243,7232.5,7241.5
1777889100,7241.75,7241.75,7227.5,7229.5
1777889160,7229.5,7230.5,7223,7223.5
1777889220,7223.25,7224.25,7217.25,7223.25
1777889280,7223,7223.5,7215.5,7218.75
1777889340,7218.75,7225.5,7218.25,7224.25
1777889400,7224,7230,7222.5,7228.5
1777889460,7228.5,7229,7221.25,7222.25
1777889520,7222.25,7222.25,7214.5,7220
1777889580,7219.75,7224.5,7219,7219.25
1777889640,7219.25,7222.75,7215.25,7222.75
1777889700,7223,7224,7215.5,7220.75
1777889760,7221,7223.75,7218.75,7222.75
1777889820,7222.75,7223.75,7218.5,7222
1777889880,7222,7228.5,7214,7219.25
1777889940,7219.5,7220.5,7216,7217.75
1777890000,7217.5,7220.75,7216.5,7219.75
1777890060,7220,7220,7214,7216.75
1777890120,7216.75,7220,7213.75,7219.75
1777890180,7220,7223.5,7219,7223
1777890240,7223.25,7225.75,7222,7225
1777890300,7225,7230.25,7225,7229
1777890360,7229.5,7235,7229,7234.5
1777890420,7234.5,7235.5,7230.75,7231
1777890480,7231,7232.25,7229.75,7231.75
1777890540,7231.25,7234,7231.25,7232.75
1777890600,7232.75,7236.25,7230.5,7233.75
1777890660,7233.75,7237.5,7231.25,7236.75
1777890720,7236.75,7254,7235.5,7242.75
1777890780,7242.75,7246.5,7241.25,7244.75
1777890840,7245,7248,7244.25,7246.5
1777890900,7247,7248.75,7246.25,7247.25
1777890960,7247.5,7249.25,7245.75,7246.5
1777891020,7246.25,7248.75,7244,7244.25
1777891080,7244,7245,7242.5,7243.5
1777891140,7243.25,7249.25,7243.25,7246.25
1777891200,7246.25,7249.25,7245.5,7246.75
1777891260,7246.75,7250.75,7246.5,7248.25
1777891320,7248,7249.5,7246.5,7247.25
1777891380,7247.5,7251.5,7247,7249
1777891440,7249,7251,7248.5,7249.25
1777891500,7249,7249.75,7247.25,7248
1777891560,7247.5,7249.5,7246.75,7249
1777891620,7249,7250.25,7248.25,7248.5
1777891680,7248.25,7252.25,7248,7251
1777891740,7251.25,7252.5,7250.25,7251.5
1777891800,7251.5,7252.75,7250.25,7250.25
1777891860,7250.25,7252,7249.25,7249.5
1777891920,7249.75,7250.75,7248.5,7249
1777891980,7248.75,7248.75,7246.75,7247.75
1777892040,7247.75,7248.5,7246.5,7247.75
1777892100,7248,7249,7247.25,7248
1777892160,7248.25,7249,7247,7247.5
1777892220,7247,7247.75,7246.5,7247.25
1777892280,7247.25,7247.75,7246.75,7247.75
1777892340,7248,7248.25,7246,7247
1777892400,7247.25,7250,7246.75,7249.75
1777892460,7250,7254.25,7249.25,7249.5
1777892520,7249.75,7252.75,7247.25,7248.75
1777892580,7248.5,7249.25,7245.25,7248.75
1777892640,7248.5,7249.5,7244.25,7246
1777892700,7245.75,7247,7245.25,7246.25
1777892760,7246,7248,7245.5,7247.5
1777892820,7247.25,7248.25,7246.5,7246.5
1777892880,7246.25,7247,7245.75,7246
1777892940,7246,7249.25,7246,7248.75
1777893000,7248.75,7250.5,7248.5,7250
1777893060,7250,7250.5,7247.25,7248
1777893120,7248,7249.5,7248,7248.5
1777893180,7248.5,7249.25,7246.75,7247
1777893240,7247.25,7251.25,7247,7248.75
1777893300,7248.75,7251,7248.5,7249.25
1777893360,7249,7250.5,7248.5,7248.75
1777893420,7248.75,7251.75,7248.5,7250.5
1777893480,7250.75,7252,7250,7250.25
1777893540,7250.25,7250.75,7249.5,7249.5
1777893600,7249.5,7250.5,7249,7250.5
1777893660,7250.5,7250.75,7248.75,7249.25
1777893720,7249.25,7250,7248.75,7249.75
1777893780,7249.5,7249.5,7247.75,7249.25
1777893840,7249.25,7250,7248,7248.25
1777893900,7248,7248,7246,7246.25
1777893960,7246,7247.25,7245.5,7246.75
1777894020,7246.75,7247,7246,7246.75
1777894080,7246.5,7248.25,7246.25,7247.5
1777894140,7247.5,7247.5,7246,7246
1777894200,7245.75,7246,7244.75,7245.5
1777894260,7245.75,7245.75,7243.75,7244.75
1777894320,7245,7246.75,7245,7245.75
1777894380,7246,7246.25,7243.75,7244.75
1777894440,7244.75,7245.25,7244,7244.5
1777894500,7244.75,7246.25,7243.5,7245.25
1777894560,7245.5,7245.5,7244.25,7245.5
1777894620,7245.5,7248,7244.25,7248
1777894680,7247.75,7247.75,7246.25,7246.5
1777894740,7246.75,7246.75,7236.75,7240
1777894800,7240,7244.25,7239.75,7242.5
1777894860,7242.75,7244,7241.5,7244
1777894920,7244,7246.5,7243.25,7246.25
1777894980,7246.25,7247,7245.25,7245.5
1777895040,7245.25,7245.75,7242.5,7243
1777895100,7242.75,7243.5,7242.5,7242.5
1777895160,7242.5,7242.5,7239.5,7240.5
1777895220,7241,7242.25,7239.25,7242.25
1777895280,7242.25,7244,7242.25,7242.75
1777895340,7242.5,7242.75,7240.75,7241
1777895400,7241,7244.5,7240.25,7244.5
1777895460,7244.5,7245,7243.25,7243.75
1777895520,7243.5,7244.25,7242,7243
1777895580,7243,7246.25,7243,7245.25
1777895640,7245.25,7246.25,7244,7246.25
1777895700,7246.5,7247.25,7245,7245.25
1777895760,7245,7247,7245,7246.75
1777895820,7246.75,7247.5,7246.5,7247.25
1777895880,7247.5,7248,7246.25,7246.25
1777895940,7246.5,7246.5,7244.75,7245.25
1777896000,7245.25,7247.5,7245.25,7247
1777896060,7247.25,7248,7246.5,7247.75
1777896120,7247.75,7250,7247.75,7249
1777896180,7249,7249.25,7246.75,7247
1777896240,7247,7249.75,7246.75,7249
1777896300,7249,7249.75,7249,7249.5
1777896360,7249.5,7249.75,7247.75,7248.5
1777896420,7248.75,7249.75,7248.5,7249
1777896480,7249,7249.5,7248,7248.25
1777896540,7248.5,7248.75,7247.5,7248.25
1777896600,7248.5,7249.25,7248,7248.75
1777896660,7248.75,7250,7248.5,7250
1777896720,7249.75,7251.25,7249.5,7250.75
1777896780,7250.75,7251.5,7249.25,7249.5
1777896840,7249.5,7250,7248.5,7248.75
1777896900,7248.5,7248.5,7245.25,7247.25
1777896960,7247,7253.75,7246.75,7252
1777897020,7251.75,7253,7248,7251.75
1777897080,7251.75,7256,7251.75,7252.25
1777897140,7252.5,7254.5,7251.25,7253.5
1777897200,7253.25,7254.25,7252.5,7253.25
1777897260,7253.25,7255,7251.75,7252
1777897320,7252,7252.75,7251,7251.5
1777897380,7251.5,7252.25,7251.25,7252
1777897440,7252,7252.75,7251.5,7252.25
1777897500,7252.25,7253.25,7251,7251.25
1777897560,7251.5,7252.25,7251,7252
1777897620,7252.25,7253.75,7252.25,7252.75
1777897680,7252.75,7253.75,7252.75,7253
1777897740,7253.25,7253.25,7251.75,7252
1777897800,7251.75,7252,7250.5,7251.25
1777897860,7251,7251.25,7249.5,7250
1777897920,7250,7250,7248.75,7249.25
1777897980,7249.25,7250.25,7248.5,7250
1777898040,7250,7250.75,7249.75,7250
1777898100,7250,7250.25,7249.5,7249.5
1777898160,7249.5,7249.75,7247.25,7249.75
1777898220,7249.75,7251.25,7249.75,7250.5
1777898280,7250.25,7253.75,7250.25,7252.5
1777898340,7252.5,7253.5,7252.5,7253.25
1777898400,7253.25,7254.5,7252.5,7252.5
1777898460,7252.75,7253.5,7251.5,7252.5
1777898520,7252.5,7253.5,7250.25,7250.5
1777898580,7250.5,7252.25,7249.75,7252
1777898640,7252.25,7253,7251.75,7252.75
1777898700,7252.25,7252.75,7251.5,7252.5
1777898760,7252.5,7252.75,7251.75,7251.75
1777898820,7251.75,7252.5,7251.75,7252
1777898880,7252,7253.5,7252,7252.75
1777898940,7253,7253.5,7252,7252.5
1777899000,7252.25,7253.25,7251.25,7253.25
1777899060,7253,7254,7252.5,7252.75
1777899120,7252.75,7254.25,7252.5,7253.25
1777899180,7253.5,7253.75,7251.75,7251.75
1777899240,7251.5,7252.25,7251,7252.25
1777899300,7252.5,7253.25,7251.75,7253
1777899360,7253,7253.25,7252.25,7252.5
1777899420,7252.5,7253.75,7252.25,7253.5
1777899480,7253.75,7254,7252.75,7253.25
1777899540,7253.25,7254,7246.5,7249.25
1777899600,7249.25,7249.5,7238.25,7244.25
1777899660,7244.5,7247,7239.75,7246.25
1777899720,7246.5,7248.5,7244.5,7244.75
1777899780,7244.75,7246.25,7243.25,7244.25
1777899840,7244.25,7249.75,7241.25,7247
1777899900,7247.25,7248.75,7245.25,7246.5
1777899960,7246.75,7251.5,7246.75,7249.25
1777900020,7249.25,7249.25,7247.5,7248.75
1777900080,7248.75,7249.25,7247.25,7249.25
1777900140,7249.5,7252.25,7247.75,7252.25
1777900200,7252.25,7256,7247.75,7249.5
1777900260,7249.5,7252,7248.25,7248.75
1777900320,7249,7249.5,7247.75,7248.25
1777900380,7248.25,7249.5,7247.75,7249
1777900440,7249,7250.75,7248.75,7249.5
1777900500,7249.5,7250.25,7248.5,7249
1777900560,7249,7249.25,7247.75,7248.5
1777900620,7248.5,7251.5,7248.25,7251
1777900680,7251,7251.25,7249.25,7250
1777900740,7250,7250.5,7248.25,7248.75
1777900800,7248.75,7249.5,7248,7248.75
1777900860,7248.75,7249.25,7246.5,7247
1777900920,7247,7248.5,7247,7248.5
1777900980,7248.25,7249.25,7248,7248.75
1777901040,7248.5,7249.75,7248.25,7249.75
1777901100,7249.75,7250.75,7249.25,7250.5
1777901160,7250.5,7250.75,7248.75,7249
1777901220,7249,7251.25,7248.75,7250.5
1777901280,7250.5,7250.75,7248.25,7249.5
1777901340,7249.5,7252,7249.25,7250.5
1777901400,7250.5,7252.5,7246.5,7247.25
1777901460,7247,7248.5,7242.25,7247.25
1777901520,7247.25,7249.25,7244.5,7249
1777901580,7249.25,7250.75,7247.75,7248.25
1777901640,7248.25,7250.25,7247.5,7249
1777901700,7248.75,7249,7245.75,7247.75
1777901760,7247.5,7252,7247.5,7250.5
1777901820,7250.75,7251.75,7245,7246.75
1777901880,7246.5,7247.75,7244,7245.75
1777901940,7245.75,7249.25,7244.5,7248
1777902000,7248.25,7248.25,7245.75,7247.25
1777902060,7247.5,7251.25,7247,7250
1777902120,7250,7253,7249.25,7250.5
1777902180,7250.5,7252,7249.25,7250.75
1777902240,7250.75,7252,7248.5,7249.25
1777902300,7249.25,7252.75,7248,7252.5
1777902360,7252.5,7254.5,7251.75,7252.5
1777902420,7252.5,7255.25,7252.25,7253.75
1777902480,7253.5,7255.25,7252.75,7253.5
1777902540,7253.25,7256.25,7252.75,7253.75
1777902600,7253.75,7255.25,7252,7255
1777902660,7255,7256.25,7254.25,7255.25
1777902720,7255.25,7256.25,7254,7254
1777902780,7254,7255.25,7250.75,7255
1777902840,7254.75,7255.5,7253.75,7254.25
1777902900,7254.25,7254.25,7250.75,7253
1777902960,7253.25,7255,7253,7253.75
1777903020,7253.75,7256.25,7253.75,7254.5
1777903080,7254.5,7256.75,7254.5,7255.5
1777903140,7255.75,7257.75,7255.25,7257.75
1777903200,7257.5,7257.75,7254.25,7255.25
1777903260,7255,7255.5,7253.5,7253.75
1777903320,7253.75,7255.25,7252.5,7254.5
1777903380,7254.75,7255.5,7254,7254
1777903440,7253.75,7254,7252.25,7252.5
1777903500,7252.75,7254.5,7251.5,7254
1777903560,7254,7254.25,7252.75,7253.25
1777903620,7253.25,7256.25,7253.25,7255.5
1777903680,7255.25,7256.5,7248.25,7252.5
1777903740,7252.75,7253.75,7248,7250.5
1777903800,7250.5,7254,7249.5,7253.75
1777903860,7253.75,7257,7252.75,7256.25
1777903920,7256.25,7261.75,7256,7260.75
1777903980,7260.75,7261.75,7259.75,7260.25
1777904040,7260,7261.75,7259,7259.5
1777904100,7259.75,7261.5,7258.5,7260.25
1777904160,7260.25,7262.75,7259.75,7261.75
1777904220,7261.75,7262.75,7260.5,7261.75
1777904280,7261.75,7263.25,7260,7263
1777904340,7263,7264.25,7262,7264
1777904400,7264,7265.75,7263.5,7264
1777904460,7264.25,7266,7263.75,7265.75
1777904520,7265.75,7267,7265.25,7265.75
1777904580,7265.75,7266,7263.25,7263.5
1777904640,7263.5,7264.25,7262.25,7263.25
1777904700,7263,7264.75,7262.25,7264.25
1777904760,7264.25,7265.5,7263.75,7265
1777904820,7265.25,7265.75,7263.5,7264
1777904880,7264,7264.75,7262.5,7263.75
1777904940,7264,7264.5,7260.5,7262.25
1777905000,7262.25,7265.5,7261,7265.25
1777905060,7265.5,7267.25,7264.75,7266.5
1777905120,7266.75,7268.25,7265.75,7267.25
1777905180,7267.5,7268.75,7266.5,7267.5
1777905240,7267.5,7268.25,7265.75,7266
1777905300,7266,7267.25,7265,7267
1777905360,7267.25,7267.25,7264.75,7266
1777905420,7266.25,7268,7265.25,7267.75
1777905480,7267.75,7270,7267.75,7269.5
1777905540,7269.75,7270,7267,7267.75
1777905600,7267.75,7270,7267.75,7269.75
1777905660,7269.75,7270.25,7269.25,7270
1777905720,7270,7270.75,7269.75,7270.25
1777905780,7270.25,7270.75,7269.5,7270
1777905840,7270,7270.25,7268.5,7269
1777905900,7269.25,7270.5,7269,7270
1777905960,7270.25,7270.5,7267.25,7268.25
1777906020,7268.25,7269.75,7268.25,7269.75
1777906080,7269.75,7269.75,7267.75,7268.25
1777906140,7268.25,7268.5,7266.75,7267.5
1777906200,7267.75,7268.75,7267.5,7268.25
1777906260,7268.25,7269.75,7267.75,7268.75
1777906320,7269,7270.5,7269,7270
1777906380,7269.75,7271,7268.25,7269.25
1777906440,7269.25,7269.25,7267.5,7269
1777906500,7269.25,7270.25,7268.5,7268.5
1777906560,7268.75,7269.25,7263.25,7265.75
1777906620,7266,7266,7261,7262.5
1777906680,7262.75,7264.25,7261.25,7262
1777906740,7262,7263.75,7257,7258.75
1777906800,7259,7261.75,7252,7261.5
1777906860,7261.5,7263.5,7260,7262.25
1777906920,7262.25,7264.25,7261.25,7262
1777906980,7262,7262.5,7259.25,7259.5
1777907040,7259.5,7261.25,7258.5,7259
1777907100,7259,7261.25,7257.5,7261
1777907160,7261,7261,7258,7259.25
1777907220,7259.25,7261,7257.25,7257.75
1777907280,7257.75,7258,7255.75,7256
1777907340,7256.25,7259,7254,7257.5
1777907400,7257.25,7258.5,7256.5,7257.75
1777907460,7257.75,7258.5,7255.25,7255.75
1777907520,7255.75,7256,7253.5,7254
1777907580,7253.75,7253.75,7250.5,7252.5
1777907640,7252.75,7252.75,7249.75,7252
1777907700,7251.75,7254.5,7250.5,7253.5
1777907760,7253.5,7254,7251.75,7253.25
1777907820,7253.25,7253.5,7247.75,7249.5
1777907880,7249.5,7249.5,7246,7246.5
1777907940,7246.5,7247.5,7235.25,7237.5
1777908000,7237.25,7238.25,7232.75,7234.75
1777908060,7235,7235,7224.75,7225.5
1777908120,7225.5,7233.25,7223.75,7231.75
1777908180,7231.75,7233.25,7227,7228.75
1777908240,7228.75,7229,7225,7226.5
1777908300,7226.5,7230.75,7225.75,7227.5
1777908360,7227.25,7236.25,7225,7234.25
1777908420,7234.5,7236.5,7231.75,7236.25
1777908480,7236.25,7237.25,7233.25,7233.75
1777908540,7233.75,7235.25,7232,7234
1777908600,7234,7235,7230,7231.75
1777908660,7231.75,7232.75,7229.25,7229.5
1777908720,7229.75,7230,7224.5,7225.5
1777908780,7225.75,7230.5,7225.25,7230.5
1777908840,7230.5,7232.5,7228.5,7230.25
1777908900,7230.25,7230.25,7223.5,7225.75
1777908960,7225.75,7230.5,7223,7228.25
1777909020,7228,7231.5,7226,7229.5
1777909080,7229.5,7235,7228.5,7230.5
1777909140,7230.75,7232.75,7227.25,7228
1777909200,7227.75,7228,7222.25,7224.75
1777909260,7224.5,7229.75,7224,7229
1777909320,7229,7230,7227,7229.5
1777909380,7229.75,7230.5,7226.75,7229.25
1777909440,7229.5,7234,7229,7232.25
1777909500,7232.5,7232.75,7229,7229.5
1777909560,7229.25,7232,7228.25,7229.75
1777909620,7229.75,7230.5,7227,7227.5
1777909680,7227.75,7229.5,7226,7226.25
1777909740,7226,7227.5,7224,7225
1777909800,7225,7226.75,7224.5,7225
1777909860,7225.25,7225.5,7220.5,7221.5
1777909920,7221.25,7231.25,7218.75,7224
1777909980,7224,7231,7223.75,7227.5
1777910040,7227.5,7231,7227.25,7229.75
1777910100,7229.5,7232.5,7228,7228.75
1777910160,7229,7230.25,7227.25,7228.75
1777910220,7228.75,7231.25,7226.25,7226.25
1777910280,7226.5,7228.75,7225.75,7228.25
1777910340,7228.5,7230,7223.75,7225.25
1777910400,7225.25,7227,7223.75,7226.5
1777910460,7226.25,7226.5,7219.75,7222
1777910520,7221.75,7223.5,7218.75,7222.25
1777910580,7222.25,7222.25,7220,7220.75
1777910640,7220.5,7222,7219.75,7221.75
1777910700,7221.75,7222.75,7216.75,7220.75
1777910760,7220.75,7222,7218.75,7219.25
1777910820,7219,7221.5,7208.25,7208.5
1777910880,7208.75,7210,7199.5,7207
1777910940,7207,7210.5,7203.25,7210
1777911000,7210,7210,7204.25,7207.25
1777911060,7207,7213.5,7206.5,7213.5
1777911120,7213.5,7215.25,7211.5,7214.5
1777911180,7214.75,7214.75,7210.25,7212
1777911240,7212,7212.25,7208.5,7208.5
1777911300,7208.75,7210.5,7206.75,7207.5
1777911360,7207.5,7213,7204,7210
1777911420,7210.5,7218.25,7209,7213.25
1777911480,7213.5,7219.75,7213.25,7219.25
1777911540,7219.25,7225.5,7217.5,7221.25
1777911600,7221.25,7223,7219.5,7222.75
1777911660,7222.75,7226.5,7222.25,7223.5
1777911720,7223.5,7227.75,7223.5,7225.75
1777911780,7225.75,7228.25,7223,7224.5
1777911840,7224.75,7226.25,7222.75,7224
1777911900,7223.75,7226.75,7223.5,7224.25
1777911960,7224.5,7227.75,7223.75,7224.75
1777912020,7224.75,7224.75,7219.5,7220
1777912080,7219.75,7220.5,7218,7219.75
1777912140,7219.75,7221.5,7219.25,7219.25
1777912200,7219.5,7222.75,7217.75,7222.5
1777912260,7222.5,7224.25,7221.75,7223
1777912320,7223,7223.5,7220.25,7220.5
1777912380,7220.75,7224,7220,7223.25
1777912440,7223.25,7226.25,7223,7225.25
1777912500,7225,7225.75,7221.5,7221.5
1777912560,7221.75,7223.75,7221,7223.25
1777912620,7223,7223.5,7218.75,7221.75
1777912680,7221.75,7222,7215.5,7220.75
1777912740,7221,7221,7217.5,7217.75
1777912800,7218,7222.5,7217.75,7219.5
1777912860,7219.75,7220.25,7217.5,7220
1777912920,7220,7221.5,7218.25,7219.25
1777912980,7219.25,7222.75,7219,7222.25
1777913040,7222.5,7222.5,7218.25,7218.25
1777913100,7218.5,7220,7217.25,7219.75
1777913160,7220,7220.5,7216.5,7217.75
1777913220,7217.5,7218.25,7216,7217.5
1777913280,7217.75,7219,7216.75,7217
1777913340,7217.25,7218.75,7216.25,7218.75
1777913400,7218.5,7219.5,7215.5,7217.75
1777913460,7218,7218,7213.5,7216
1777913520,7216,7217,7212.75,7216
1777913580,7215.75,7217.5,7214,7214.75
1777913640,7214.75,7216,7214.25,7216
1777913700,7216,7218.5,7214.75,7216
1777913760,7216,7216.75,7214.5,7215.5
1777913820,7215.5,7216.25,7214.25,7215.5
1777913880,7215.5,7215.75,7214,7214.5
1777913940,7214.25,7216.25,7214.25,7215
1777914000,7214.75,7217.75,7214.25,7216.5
1777914060,7216.5,7221,7214.5,7218.75
1777914120,7218.5,7220.75,7216.5,7218.75
1777914180,7218.75,7221.75,7218.25,7219.5
1777914240,7219.25,7222,7218.25,7220.25
1777914300,7220.25,7223,7219.5,7221.5
1777914360,7221.75,7224.75,7221.5,7222.25
1777914420,7222.25,7224.75,7222.25,7223.25
1777914480,7223.25,7224.75,7221.25,7222
1777914540,7222.25,7224,7221,7224
1777914600,7224,7225.25,7223.5,7225
1777914660,7225,7226.25,7222.5,7223.25
1777914720,7223.5,7224,7222.5,7222.75
1777914780,7222.5,7224.25,7221,7223.5
1777914840,7223.5,7225,7223.25,7224
1777914900,7224,7224.25,7223,7223.5
1777914960,7223.5,7224.25,7222.75,7224.25
1777915020,7224.25,7232.75,7222,7228.75
1777915080,7229,7235,7228.75,7232
1777915140,7232,7234.25,7231.25,7232.5
1777915200,7232.5,7234.75,7231,7231.5
1777915260,7231.5,7233.75,7230.75,7233.75
1777915320,7233.75,7234.75,7232.75,7233.25
1777915380,7233.5,7235.75,7233.25,7235
1777915440,7235,7236.25,7233.75,7234.5
1777915500,7234.75,7235.25,7233.25,7233.5
1777915560,7233.25,7234,7231.5,7232
1777915620,7232.25,7235,7231.5,7234.75
1777915680,7234.75,7235.5,7234,7235.25
1777915740,7235.5,7235.75,7234.25,7235.25
1777915800,7235.5,7235.5,7233.75,7234.75
1777915860,7235,7235.5,7234.5,7235.25
1777915920,7235,7235.75,7234.25,7234.25
1777915980,7234.25,7235.5,7232.75,7233.5
1777916040,7233.25,7233.75,7230.5,7230.75
1777916100,7230.75,7231.25,7227,7227.5
1777916160,7227.5,7229.75,7226.5,7228.5
1777916220,7228.5,7228.5,7225.25,7227.25
1777916280,7227.5,7228.75,7227.25,7228.75
1777916340,7228.75,7230.75,7228.75,7230.5
1777916400,7230.5,7230.75,7228,7229.75
1777916460,7230,7230.25,7228,7228.5
1777916520,7228.75,7232.25,7228.75,7231.5
1777916580,7231.5,7232.25,7231.5,7232
1777916640,7232.25,7232.75,7231.25,7231.5
1777916700,7231.75,7232,7230.25,7230.5
1777916760,7230.5,7232.25,7230.5,7232
1777916820,7231.75,7232.5,7230.75,7232
1777916880,7232,7232.25,7230.75,7231.75
1777916940,7232,7233.25,7231.75,7232.5
1777917000,7232.75,7233.5,7232.25,7233.25
1777917060,7233.5,7235,7233,7234.75
1777917120,7234.75,7236,7234.75,7235.75
1777917180,7235.75,7235.75,7232.5,7233.25
1777917240,7233.25,7233.75,7233,7233.25
1777917300,7233.25,7234.75,7233.25,7234.5
1777917360,7234.5,7234.5,7233.75,7233.75
1777917420,7234,7235.5,7233.75,7235
1777917480,7235,7235,7233.75,7234
1777917540,7234,7234.5,7232.75,7232.75
1777917600,7233,7234,7232.25,7233.25
1777917660,7233.5,7234.75,7233.25,7234.75
1777917720,7234.5,7235.75,7233.75,7235.75
1777917780,7236,7238.25,7235.75,7237.25
1777917840,7237.25,7239,7237.25,7238.75
1777917900,7238.5,7239.5,7237.5,7239.5
1777917960,7239.5,7239.5,7237.75,7238
1777918020,7238,7238.25,7235,7235.5
1777918080,7235.5,7237.75,7235.25,7237
1777918140,7237.25,7237.25,7235.75,7236.5
1777918200,7236.25,7237,7236,7236.5
1777918260,7236.5,7237,7236,7236
1777918320,7236.25,7237,7235.25,7235.75
1777918380,7235.75,7236.5,7234.75,7234.75
1777918440,7235,7235.5,7233.75,7234
1777918500,7234,7234.25,7231.75,7232.75
1777918560,7232.75,7233.5,7232.25,7233.5
1777918620,7233.25,7233.5,7231.5,7232.5
1777918680,7232.75,7233,7231.25,7231.75
1777918740,7231.75,7232.25,7231,7231.75
1777918800,7231.75,7232.25,7230.25,7231.5
1777918860,7231.5,7231.75,7229.75,7230.75
1777918920,7231,7231,7228.75,7229
1777918980,7229,7229.5,7224.75,7227
1777919040,7227.25,7227.25,7225.5,7226.25
1777919100,7226.25,7226.5,7224.5,7225
1777919160,7224.75,7226,7223.25,7224
1777919220,7224,7224,7221,7222.25
1777919280,7222.25,7226,7222.25,7225.75
1777919340,7225.75,7227.75,7225.75,7227
1777919400,7227,7228,7224.25,7225.25
1777919460,7225,7225.5,7223.5,7224.75
1777919520,7224.5,7225.5,7223.75,7225
1777919580,7225,7226.5,7224.75,7225.5
1777919640,7225.5,7226.25,7225,7225.5
1777919700,7225.5,7225.5,7223,7223.25
1777919760,7223.5,7224.25,7222.75,7223.25
1777919820,7223,7223.5,7222,7223
1777919880,7223,7223.5,7222,7222.5
1777919940,7222.75,7224.75,7222.25,7224.5
1777920000,7224.25,7225,7223,7224.75
1777920060,7225,7225.25,7223,7223.75
1777920120,7223.75,7224,7222.75,7223.25
1777920180,7223,7223,7220.75,7221.25
1777920240,7221,7221.5,7219.25,7219.75
1777920300,7219.75,7219.75,7217.5,7219
1777920360,7219,7220.75,7217.5,7220.5
1777920420,7220.5,7222.5,7220.25,7222.25
1777920480,7222.5,7222.5,7221,7222.25
1777920540,7222.25,7224.25,7221.75,7224
1777920600,7224,7225,7223,7223.25
1777920660,7223.25,7225,7222.5,7224.75
1777920720,7225,7225,7218.5,7221.75
1777920780,7221.75,7222.5,7220,7220.25
1777920840,7220.5,7221,7219.5,7220.5
1777920900,7220.25,7222.75,7219.75,7222.75
1777920960,7222.75,7224.25,7222.25,7224.25
1777921020,7224.25,7225,7223.25,7225
1777921080,7224.75,7225,7224,7224.25
1777921140,7224.25,7225,7223,7223.75
1777921200,7224,7224.5,7223.25,7223.75
1777921260,7223.5,7223.75,7222.25,7222.75
1777921320,7222.5,7223,7221,7221
1777921380,7221.25,7223,7220.5,7223
1777921440,7223,7224,7222.5,7222.75
1777921500,7222.5,7227,7222,7226.75
1777921560,7226.75,7231.5,7224.75,7226.75
1777921620,7227,7229.75,7225.5,7228
1777921680,7228,7230.5,7227.5,7229
1777921740,7229.25,7230.25,7228.25,7228.25
1777921800,7228,7228.5,7226.75,7227.5
1777921860,7227.5,7229.25,7227,7227.5
1777921920,7227.5,7229,7227.25,7228.5
1777921980,7228.75,7229,7227.75,7228.5
1777922040,7228.75,7229.5,7228,7229.5
1777922100,7229.5,7230.25,7228.25,7228.5
1777922160,7228.25,7231,7228.25,7230.25
1777922220,7230.25,7231,7229.5,7229.75
1777922280,7229.75,7230.25,7229.25,7229.75
1777922340,7229.75,7230,7228,7228.25
1777922400,7228.25,7229.25,7227,7228.25
1777922460,7228.5,7228.75,7227.75,7228.75
1777922520,7228.75,7229,7226.5,7226.75
1777922580,7226.5,7228.25,7226.25,7228
1777922640,7228.25,7228.75,7227.5,7228
1777922700,7228.25,7229,7223.25,7226.5
1777922760,7226.5,7227.25,7224.75,7226.5
1777922820,7226.5,7228.25,7225.75,7226
1777922880,7225.75,7229,7225.5,7228.75
1777922940,7228.75,7229.75,7226.25,7226.75
1777923000,7226.75,7228,7226.25,7227
1777923060,7227,7229,7226.75,7229
1777923120,7229,7229,7227.5,7228.5
1777923180,7228.5,7229.5,7228.25,7229.25
1777923240,7229,7229.75,7228.5,7229
1777923300,7229,7230.25,7228.75,7230
1777923360,7230.25,7230.5,7229.5,7229.75
1777923420,7229.5,7231.25,7229.5,7230.75
1777923480,7230.75,7231.5,7229.5,7229.75
1777923540,7229.75,7229.75,7228.25,7228.75
1777923600,7228.75,7229.75,7227.25,7227.75
1777923660,7227.5,7228.5,7226.25,7226.5
1777923720,7226.75,7227.75,7226,7227.75
1777923780,7227.5,7228,7226.5,7226.75
1777923840,7226.5,7227.25,7225.75,7226.5
1777923900,7226.5,7226.75,7225.25,7225.75
1777923960,7225.75,7227.25,7225,7226.75
1777924020,7226.5,7229.75,7226.5,7229.5
1777924080,7229.75,7230.75,7228.75,7229.25
1777924140,7229.5,7231,7229,7230.5
1777924200,7230.5,7230.75,7224.5,7224.75
1777924260,7224.75,7226,7224,7226
1777924320,7226,7226.5,7223.75,7224.25
1777924380,7224.5,7225.5,7223.5,7224.75
1777924440,7225,7225.25,7223.25,7225
1777924500,7225,7226.75,7223.25,7225.5
1777924560,7225.25,7226,7224.5,7226
1777924620,7226.25,7227.5,7225.75,7227
1777924680,7227.25,7228.75,7226.25,7228.5
1777924740,7228.75,7231.5,7227.25,7231
1777924800,7231.25,7231.5,7227,7227
1777924860,7227.25,7227.5,7226,7226.5
1777924920,7226.25,7226.5,7225.5,7225.5
1777924980,7225.75,7226.75,7225.5,7226.75
1777925040,7226.75,7227,7225.5,7225.75
1777925100,7226,7228,7225,7225.5
1777925160,7225.75,7225.75,7224.5,7224.75
1777925220,7225,7225.5,7224.5,7224.5
1777925280,7224.5,7225,7224,7224.5
1777925340,7224.5,7224.5,7223.75,7223.75
1777925400,7223.75,7224,7223,7223.5
1777925460,7223.5,7224.25,7222.75,7224.25
1777925520,7224,7224.25,7223.25,7223.75
1777925580,7223.75,7224.75,7223.75,7224.5
1777925640,7224.5,7226,7224.5,7225.25
1777925700,7225,7225.5,7224.75,7225
1777925760,7225.25,7226,7225.25,7225.75
1777925820,7226,7226.25,7225.25,7225.25
1777925880,7225.25,7225.25,7223.75,7223.75
1777925940,7223.75,7224,7223,7223.25
1777926000,7223.25,7223.5,7222.75,7223
1777926060,7223,7223.75,7222.75,7223.75
1777926120,7223.5,7224.75,7223.25,7224.5
1777926180,7224.5,7224.75,7223.75,7224.5
1777926240,7224.5,7224.75,7224.25,7224.75
1777926300,7224.75,7225.5,7224.5,7225.25
1777926360,7225.5,7227.5,7225.5,7226.5
1777926420,7226.75,7227,7226.5,7227
1777926480,7227.25,7227.75,7226.5,7227.75
1777926540,7227.75,7228.5,7227.75,7227.75
1777926600,7227.75,7228.75,7227.5,7228.25
1777926660,7228.5,7228.5,7228,7228.25
1777926720,7228.25,7228.5,7228,7228.25
1777926780,7228,7228,7227.75,7227.75
1777926840,7227.5,7227.75,7226.75,7226.75
1777926900,7226.5,7227.25,7225.75,7226
1777926960,7226,7226.25,7225.75,7225.75
1777927020,7225.75,7226.25,7225.5,7226
1777927080,7225.75,7227.5,7225.5,7225.5
1777927140,7225.75,7226,7225.25,7225.75
1777927200,7225.75,7226,7225.5,7225.5
1777927260,7225.75,7225.75,7225,7225
1777927320,7225.25,7225.5,7225,7225.5
1777927380,7225.5,7225.75,7225.25,7225.75
1777927440,7225.5,7225.75,7224.5,7224.75
1777927500,7224.5,7224.5,7223.5,7224
1777927560,7224,7224.75,7223.75,7224.75
1777927620,7224.75,7225,7224.25,7225
1777927680,7225,7225.75,7225,7225.5
1777927740,7225.5,7225.5,7225,7225
1777927800,7225,7225.25,7224.5,7225
1777927860,7225.25,7225.25,7224.75,7225
1777927920,7225,7225.5,7225,7225.25
1777927980,7225.25,7225.5,7225,7225
1777928040,7225.25,7225.25,7224.5,7225.25
1777928100,7225.25,7225.5,7224.75,7225
1777928160,7225.25,7225.75,7225,7225.75
1777928220,7225.75,7225.75,7224.75,7225.25
1777928280,7225.25,7225.75,7225,7225.5
1777928340,7225.75,7226,7225.25,7225.25
1777932000,7228.75,7231.5,7227.75,7231.25
1777932060,7231.25,7234.75,7230.75,7233.25
1777932120,7233.25,7233.25,7230.25,7230.25
1777932180,7230.25,7231,7230,7230.25
1777932240,7230.25,7231.25,7229,7231.25
1777932300,7231,7232.5,7231,7231.5
1777932360,7231.25,7231.25,7230.25,7230.75
1777932420,7231,7231.5,7230,7231.25
1777932480,7231.25,7232.75,7231.25,7232
1777932540,7232,7232.75,7231.5,7231.75
1777932600,7231.75,7232,7231,7231.75
1777932660,7231.75,7232.5,7231.75,7232.5
1777932720,7232.5,7232.75,7232.25,7232.5
1777932780,7232.25,7232.5,7231.75,7232.5
1777932840,7232.75,7233,7231.75,7232.25
1777932900,7232.25,7232.5,7232,7232.5
1777932960,7232.5,7232.75,7232,7232.25
1777933020,7232.25,7232.25,7231.5,7231.75
1777933080,7231.75,7232.25,7231.75,7232.25
1777933140,7232.25,7232.5,7231.5,7231.5
1777933200,7231.5,7232,7231.5,7232
1777933260,7232.25,7232.25,7232.25,7232.25
1777933320,7232.5,7232.75,7232.25,7232.75
1777933380,7232.5,7232.75,7232,7232.25
1777933440,7232.25,7232.75,7232,7232.75
1777933500,7232.75,7233.25,7232.75,7233
1777933560,7233,7233.25,7232.75,7233.25
1777933620,7233,7233.75,7233,7233.5
1777933680,7233.5,7233.75,7233.25,7233.5
1777933740,7233.5,7233.5,7233.25,7233.5
1777933800,7233.25,7234,7232,7232.5
1777933860,7232.5,7233.5,7232.5,7232.75
1777933920,7232.75,7232.75,7232.25,7232.25
1777933980,7232.25,7232.75,7232.25,7232.75
1777934040,7232.5,7232.5,7232.25,7232.25
1777934100,7232.25,7232.75,7232,7232.5
1777934160,7232.5,7233,7232.5,7232.5
1777934220,7232.5,7232.75,7231.25,7231.5
1777934280,7231.75,7232.25,7231.25,7231.75
1777934340,7231.75,7231.75,7231.25,7231.25
1777934400,7231.5,7231.75,7231.25,7231.5
1777934460,7231.5,7232,7231,7231.75
1777934520,7231.75,7232.25,7231.5,7231.5
1777934580,7231.25,7231.25,7230.5,7230.5
1777934640,7230.5,7231,7229.75,7230
1777934700,7229.75,7230,7228.25,7229.5
1777934760,7229.5,7229.5,7229,7229.25
1777934820,7229.5,7229.5,7229,7229
1777934880,7229.25,7229.75,7228.5,7228.5
1777934940,7228.75,7228.75,7228,7228
1777935000,7228,7228.5,7226.75,7228
1777935060,7228,7228,7227.25,7227.5
1777935120,7227.5,7228,7227.25,7227.5
1777935180,7227.25,7227.25,7226,7226.75
1777935240,7226.75,7227.25,7226.75,7227.25
1777935300,7227.5,7227.75,7227.25,7227.5
1777935360,7227.5,7227.75,7227.5,7227.75
1777935420,7227.5,7227.5,7226.75,7227.5
1777935480,7227.5,7228,7227.5,7227.75
1777935540,7227.75,7227.75,7227.5,7227.5
1777935600,7227.5,7227.5,7226.25,7226.75
1777935660,7226.5,7227.25,7226.5,7227
1777935720,7227,7227.5,7226.75,7226.75
1777935780,7226.75,7228,7226.75,7227
1777935840,7227,7227.5,7227,7227.25
1777935900,7227.25,7227.25,7226.75,7226.75
1777935960,7227,7227.75,7227,7227.25
1777936020,7227.5,7228,7227.25,7227.5
1777936080,7227.25,7227.75,7227.25,7227.25
1777936140,7227.25,7227.5,7227,7227.5
1777936200,7227.25,7227.5,7227,7227
1777936260,7227,7227,7226.25,7226.5
1777936320,7226.25,7228,7225.5,7227.75
1777936380,7227.75,7229.25,7227.75,7228.5
1777936440,7228.5,7229.25,7228.5,7229
1777936500,7229,7229.25,7229,7229.25
1777936560,7229,7229,7228.25,7228.5
1777936620,7228.5,7228.5,7228.25,7228.25
1777936680,7228.25,7228.5,7228.25,7228.25
1777936740,7228.25,7228.25,7227.25,7228
1777936800,7228,7228.25,7227.75,7228.25
1777936860,7228.25,7228.75,7228.25,7228.75
1777936920,7228.5,7228.75,7228.25,7228.25
1777936980,7228.5,7228.5,7228.25,7228.5
1777937040,7228.25,7228.25,7227.5,7227.5
1777937100,7227.5,7227.75,7227,7227.5
1777937160,7227.5,7227.5,7227.5,7227.5
1777937220,7227.75,7227.75,7227.25,7227.5
1777937280,7227.5,7228.25,7227.5,7228
1777937340,7228.25,7228.25,7228.25,7228.25
1777937400,7228,7228,7226.75,7227
1777937460,7227,7228,7227,7228
1777937520,7228,7228.75,7228,7228.5
1777937580,7228.25,7228.5,7227.5,7227.75
1777937640,7227.75,7227.75,7227.5,7227.5
1777937700,7227.75,7227.75,7227.5,7227.75
1777937760,7227.75,7227.75,7227.75,7227.75
1777937820,7228,7228.25,7228,7228.25
1777937880,7228.25,7228.25,7227.75,7228
1777937940,7228.25,7228.5,7228.25,7228.25
1777938000,7228.25,7228.25,7227.75,7228.25
1777938060,7228.25,7228.25,7228,7228
1777938120,7227.75,7227.75,7227.25,7227.5
1777938180,7227.25,7227.5,7226.75,7227
1777938240,7227,7227,7226.25,7226.75
1777938300,7226.75,7227.5,7226.75,7226.75
1777938360,7226.75,7227.75,7226.75,7227.5
1777938420,7227.5,7227.5,7227,7227.25
1777938480,7227.5,7227.75,7227.25,7227.75
1777938540,7227.25,7227.25,7227.25,7227.25
1777938600,7227.25,7227.25,7226.75,7226.75
1777938660,7226.75,7226.75,7224.5,7225.75
1777938720,7226,7226,7225.5,7226
1777938780,7226,7226,7225.75,7225.75
1777938840,7225.75,7226.75,7225.75,7226.25
1777938900,7226.25,7227.5,7226,7227.25
1777938960,7227.5,7227.75,7227.5,7227.75
1777939020,7227.5,7228.25,7227.25,7228
1777939080,7228,7228,7226.75,7227
1777939140,7227.25,7227.5,7227,7227
1777939200,7227.25,7228.5,7227,7227.5
1777939260,7227.75,7231.25,7227.5,7230.75
1777939320,7230.5,7233.75,7230.5,7233.5
1777939380,7233.5,7235.75,7233.25,7233.25
1777939440,7233.25,7233.75,7232.25,7233.75
1777939500,7233.75,7234.5,7233.25,7234.25
1777939560,7234.5,7234.5,7233,7233.75
1777939620,7233.5,7233.5,7232.5,7233
1777939680,7232.75,7233.75,7232.75,7233
1777939740,7233.25,7233.25,7232.75,7233
1777939800,7233,7233.5,7232.5,7233.25
1777939860,7233.5,7234,7233.5,7233.75
1777939920,7233.5,7233.5,7231.5,7231.75
1777939980,7231.75,7232.5,7231.5,7232.5
1777940040,7232.5,7233.25,7232.5,7233.25
1777940100,7233,7233,7228.25,7228.75
1777940160,7228.75,7229,7225.75,7228
1777940220,7228.25,7228.75,7227.75,7228.25
1777940280,7228.5,7229.25,7227.5,7227.5
1777940340,7227.25,7228.5,7227,7228.25
1777940400,7228.25,7228.5,7227.25,7227.5
1777940460,7227.75,7228.25,7227.5,7227.5
1777940520,7227.75,7227.75,7226,7226.25
1777940580,7226.25,7227.25,7225.75,7226
1777940640,7226.25,7226.75,7225.25,7226.75
1777940700,7227,7227,7226.25,7226.75
1777940760,7226.5,7226.75,7225,7225
1777940820,7225.25,7225.25,7223.75,7225
1777940880,7225,7225.25,7224.75,7224.75
1777940940,7225,7226,7224.75,7225.75
1777941000,7225.75,7227,7225.5,7226.25
1777941060,7226,7226.25,7225.5,7226.25
1777941120,7226,7226.5,7225.25,7226
1777941180,7226,7227.75,7225.75,7227
1777941240,7227,7227.5,7226.75,7227
1777941300,7227,7227,7226.5,7226.75
1777941360,7227,7229,7227,7228.25
1777941420,7228.5,7228.75,7227.75,7228.75
1777941480,7229,7229.75,7228.75,7229.25
1777941540,7229.25,7229.25,7228.25,7228.5
1777941600,7228.75,7229,7227.75,7227.75
1777941660,7228,7228.25,7227,7227
1777941720,7227.25,7227.25,7226,7226.5
1777941780,7226.5,7227,7225.75,7226.5
1777941840,7226.5,7227,7226.5,7227
1777941900,7227.25,7227.5,7226.75,7227.5
1777941960,7227.25,7227.5,7227,7227.25
1777942020,7226.75,7227.25,7226.75,7227
1777942080,7227.25,7229.5,7227.25,7229.25
1777942140,7229.25,7229.25,7228.5,7229.25
1777942200,7229.25,7231.75,7229.25,7231.25
1777942260,7231.25,7231.5,7230.75,7231
1777942320,7231.25,7232.5,7231.25,7232.5
1777942380,7232.5,7232.5,7231.75,7232
1777942440,7232,7232.5,7232,7232.5
1777942500,7232.25,7232.75,7231.75,7232
1777942560,7231.75,7232.25,7231,7231.25
1777942620,7231.25,7232.5,7231.25,7232
1777942680,7232.25,7232.25,7231.25,7231.75
1777942740,7231.75,7231.75,7231.25,7231.75
1777942800,7231.75,7232,7228.75,7228.75
1777942860,7228.5,7229.25,7228,7228.5
1777942920,7228.25,7228.75,7227.25,7228.25
1777942980,7228.25,7229.5,7228.25,7229.25
1777943040,7229.25,7230,7228.75,7229.5
1777943100,7229.5,7230.25,7229,7230.25
1777943160,7230.5,7230.5,7229.5,7230.25
1777943220,7230.25,7231,7230,7231
1777943280,7231,7231.25,7230.25,7230.25
1777943340,7230.25,7230.5,7229.75,7230
1777943400,7230.25,7230.5,7230,7230.25
1777943460,7230.25,7231,7230,7231
1777943520,7230.75,7232.25,7230.5,7232.25
1777943580,7232.25,7233.75,7232.25,7232.75
1777943640,7232.5,7233.25,7232,7232.25
1777943700,7232.5,7233.75,7232.5,7233.75
1777943760,7233.75,7234.75,7233.75,7234.25
1777943820,7234.25,7234.25,7233.75,7234
1777943880,7234,7234.5,7234,7234.5
1777943940,7234.5,7234.5,7233.75,7234
1777944000,7234,7234,7233.5,7233.5
1777944060,7233.25,7234,7232.75,7234
1777944120,7233.75,7234.25,7233.5,7233.5
1777944180,7233.25,7233.5,7232.25,7233.5
1777944240,7233.75,7234.25,7233.5,7234
1777944300,7234.25,7234.25,7233.25,7233.5
1777944360,7233.25,7233.25,7233,7233.25
1777944420,7233.25,7233.25,7232.5,7232.5
1777944480,7232.25,7232.75,7232,7232.75
1777944540,7232.75,7233,7232.5,7232.75
1777944600,7233,7233.75,7231.25,7233
1777944660,7233,7233,7231.5,7231.5
1777944720,7231.5,7232.25,7231,7232.25
1777944780,7232.5,7232.75,7232.25,7232.75
1777944840,7232.75,7233.25,7232.25,7232.25
1777944900,7232,7234,7232,7233.25
1777944960,7233.5,7235.25,7233.5,7235.25
1777945020,7235.25,7239,7235,7236.5
1777945080,7236.25,7237,7235.5,7235.75
1777945140,7236,7236.25,7234.25,7235
1777945200,7234.75,7235.25,7234.25,7234.75
1777945260,7234.5,7234.75,7234.25,7234.75
1777945320,7234.75,7236.5,7234,7234.25
1777945380,7234.25,7235.5,7232.75,7235.25
1777945440,7235.5,7236.25,7235,7235
1777945500,7235,7235.75,7234.75,7235.75
1777945560,7235.75,7236,7235.25,7235.25
1777945620,7235.5,7236.25,7235.5,7236
1777945680,7236,7237.25,7235.5,7236.75
1777945740,7236.75,7237.25,7236,7236.25
1777945800,7236.25,7237.5,7236,7237.25
1777945860,7237.25,7237.75,7237,7237.5
1777945920,7237.25,7237.25,7236.5,7237
1777945980,7237,7237.5,7236.75,7237.5
1777946040,7237.25,7237.25,7236.75,7236.75
1777946100,7236.75,7236.75,7236,7236.25
1777946160,7236.5,7236.5,7235.5,7235.75
1777946220,7235.75,7236,7235.5,7235.75
1777946280,7235.75,7236,7235.25,7236
1777946340,7235.75,7235.75,7235.5,7235.5
1777946400,7235.75,7236.75,7235.75,7236.25
1777946460,7236.25,7237.25,7236.25,7237.25
1777946520,7237.25,7237.25,7236.5,7236.75
1777946580,7237,7237.75,7236.75,7237
1777946640,7236.75,7237.5,7236.75,7237
1777946700,7237,7237.25,7237,7237.25
1777946760,7237.25,7237.5,7236.5,7237
1777946820,7237,7237.25,7237,7237.25
1777946880,7237.25,7237.5,7237,7237.25
1777946940,7237.25,7237.25,7236.25,7236.25
1777947000,7236.5,7236.5,7235.25,7235.75
1777947060,7236,7236,7235.25,7235.5
1777947120,7235.75,7235.75,7235.25,7235.5
1777947180,7235.75,7235.75,7234.75,7235
1777947240,7235,7235.25,7234.75,7235
1777947300,7235.25,7235.5,7235,7235.5
1777947360,7235.5,7236,7235.25,7235.25
1777947420,7235,7236,7235,7235.75
1777947480,7236,7236,7235.5,7236
1777947540,7236,7236.25,7235.5,7235.75
1777947600,7235.75,7235.75,7235.5,7235.5
1777947660,7235.5,7236,7235.5,7235.75
1777947720,7235.75,7235.75,7235,7235.75
1777947780,7235.5,7236.5,7235.5,7236
1777947840,7236,7237,7236,7237
1777947900,7237,7237.75,7236.75,7237.5
1777947960,7237.75,7238.25,7237.25,7237.75
1777948020,7238,7239,7238,7238.5
1777948080,7238.25,7239,7238.25,7238.5
1777948140,7238.25,7239.25,7238.25,7239
1777948200,7238.75,7240,7238.5,7239.5
1777948260,7239.5,7240.5,7239.5,7240.5
1777948320,7240,7240.75,7240,7240.25
1777948380,7240.25,7240.5,7240,7240.25
1777948440,7240.25,7240.25,7239.5,7240.25
1777948500,7240.5,7240.5,7240,7240.25
1777948560,7240.25,7240.5,7239,7239.25
1777948620,7239,7239.25,7239,7239.25
1777948680,7239.25,7239.75,7239,7239.75
1777948740,7240,7241,7240,7240.75
1777948800,7240.75,7241,7240.5,7240.5
1777948860,7240.5,7241,7240,7241
1777948920,7240.75,7241,7240.25,7240.5
1777948980,7240.5,7241,7240,7240.25
1777949040,7240.5,7240.5,7240,7240.25
1777949100,7240,7240.25,7239.25,7239.5
1777949160,7239.25,7239.5,7238.75,7239
1777949220,7239,7239,7237.75,7238
1777949280,7238.25,7238.75,7238.25,7238.5
1777949340,7238.5,7238.5,7233.75,7235.75
1777949400,7235.75,7237.25,7235.25,7237
1777949460,7236.75,7238.25,7236,7237.25
1777949520,7237.25,7237.25,7236.5,7237
1777949580,7237,7237,7236.5,7236.75
1777949640,7236.75,7236.75,7235.75,7236
1777949700,7235.75,7236.25,7235.75,7236.25
1777949760,7236.25,7236.25,7235,7235.25
1777949820,7235.25,7236,7235,7235.75
1777949880,7236,7236.25,7235.75,7236
1777949940,7236,7236.5,7235.75,7236.5
1777950000,7236.25,7237.25,7236.25,7236.5
1777950060,7236.25,7236.75,7235.5,7236.75
1777950120,7236.75,7237,7236.5,7237
1777950180,7236.75,7236.75,7236.5,7236.5
1777950240,7236.5,7237,7236.25,7237
1777950300,7237,7237.75,7237,7237
1777950360,7237,7237.5,7237,7237.25
1777950420,7237.25,7237.5,7237.25,7237.5
1777950480,7237.5,7238,7237.5,7238
1777950540,7238,7238.5,7238,7238.25
1777950600,7238,7239.25,7238,7239
1777950660,7238.75,7239,7238.5,7239
1777950720,7239,7239.5,7239,7239.25
1777950780,7239.5,7240,7239.5,7239.75
1777950840,7239.5,7239.75,7239,7239.75
1777950900,7239.75,7240.25,7239.75,7239.75
1777950960,7239.75,7239.75,7239.25,7239.5
1777951020,7239.5,7240,7239.5,7240
1777951080,7240,7240,7239.75,7239.75
1777951140,7239.75,7240.25,7239.25,7240.25
1777951200,7240,7240.25,7240,7240.25
1777951260,7240.25,7240.25,7239.75,7239.75
1777951320,7239.75,7239.75,7239.5,7239.5
1777951380,7239.5,7239.75,7239.25,7239.25
1777951440,7239.25,7239.5,7239.25,7239.5
1777951500,7239.5,7240.25,7239.5,7239.75
1777951560,7239.75,7240.25,7239.5,7240.25
1777951620,7240.5,7242,7240.5,7240.5
1777951680,7240.5,7241.25,7240.5,7240.75
1777951740,7241,7241.5,7240.75,7241
1777951800,7240.75,7240.75,7240,7240
1777951860,7240,7240.75,7240,7240.5
1777951920,7240.75,7240.75,7240.25,7240.25
1777951980,7240,7241,7240,7241
1777952040,7240.75,7240.75,7240.25,7240.25
1777952100,7240.25,7240.25,7240.25,7240.25
1777952160,7240.25,7240.5,7240.25,7240.25
1777952220,7240.25,7240.75,7240.25,7240.5
1777952280,7240.5,7240.5,7240.25,7240.25
1777952340,7240.5,7240.5,7240.25,7240.25
1777952400,7240.25,7240.25,7240,7240
1777952460,7240,7240.25,7240,7240.25
1777952520,7240,7240,7239.75,7240
1777952580,7240,7240,7239.75,7240
1777952640,7239.75,7240,7239.75,7240
1777952700,7240,7240.5,7239.75,7240.5
1777952760,7240.5,7241.5,7240.25,7241.5
1777952820,7241,7241.25,7240.75,7240.75
1777952880,7240.75,7241.25,7240.5,7240.5
1777952940,7240.75,7241.5,7240.75,7241.5
1777953000,7241.25,7241.75,7241,7241
1777953060,7241,7241.25,7240.75,7241
1777953120,7241.25,7241.25,7241.25,7241.25
1777953180,7241.25,7241.25,7241,7241.25
1777953240,7241.25,7241.25,7240.25,7240.5
1777953300,7240.25,7240.5,7240,7240.25
1777953360,7240.5,7240.75,7240,7240.5
1777953420,7240.5,7240.5,7240.5,7240.5
1777953480,7240.25,7240.75,7240.25,7240.75
1777953540,7240.75,7241,7240.75,7240.75
1777953600,7240.5,7241,7240.5,7240.75
1777953660,7240.75,7241.75,7240.75,7241.75
1777953720,7241.75,7242,7241.75,7242
1777953780,7242.25,7242.75,7242.25,7242.5
1777953840,7242.25,7243.75,7242.25,7243
1777953900,7243,7243,7242.5,7242.75
1777953960,7242.75,7243.25,7242.75,7243.25
1777954020,7243,7243.25,7242.75,7243
1777954080,7242.75,7243,7242.5,7243
1777954140,7242.75,7243,7242,7242
1777954200,7241.75,7242,7241.75,7242
1777954260,7242,7242.25,7241.75,7241.75
1777954320,7241.75,7242.5,7241.75,7242.25
1777954380,7242.25,7242.25,7241.75,7241.75
1777954440,7241.75,7241.75,7241.25,7241.25
1777954500,7241.5,7241.5,7240.5,7241
1777954560,7240.75,7240.75,7240.25,7240.75
1777954620,7240.5,7240.75,7240.25,7240.5
1777954680,7240.5,7240.75,7240.5,7240.75
1777954740,7240.75,7241,7240.5,7240.75
1777954800,7240.75,7240.75,7240.25,7240.5
1777954860,7240.25,7240.75,7240.25,7240.5
1777954920,7240.5,7241.25,7240.5,7241.25
1777954980,7241.25,7241.25,7241.25,7241.25
1777955040,7241.25,7241.5,7241.25,7241.25
1777955100,7241,7241,7240.5,7240.75
1777955160,7241,7241,7241,7241
1777955220,7241.25,7241.5,7241,7241
1777955280,7240.75,7240.75,7240.25,7240.5
1777955340,7240.5,7240.75,7240.5,7240.75
1777955400,7240.5,7240.5,7239.25,7240
1777955460,7239.75,7240.25,7239.75,7240.25
1777955520,7239.75,7239.75,7239,7239.25
1777955580,7239.25,7240,7239.25,7239.5
1777955640,7239.75,7239.75,7239.5,7239.75
1777955700,7239.5,7239.75,7239,7239
1777955760,7239,7239.5,7238.5,7239.5
1777955820,7239.5,7239.5,7239,7239.25
1777955880,7239,7239.75,7239,7239.75
1777955940,7239.75,7239.75,7239.25,7239.75
1777956000,7239.5,7240,7239.5,7239.5
1777956060,7239.5,7240.25,7239.25,7240
1777956120,7239.75,7240,7239.5,7239.5
1777956180,7239.5,7240,7239.5,7240
1777956240,7240,7240,7239.75,7240
1777956300,7240,7240.75,7240,7240
1777956360,7240.25,7241.25,7240.25,7241.25
1777956420,7241.25,7242,7241.25,7241.75
1777956480,7241.5,7242.25,7241.5,7242.25
1777956540,7242.25,7242.75,7242,7242.5
1777956600,7242.5,7243,7242.25,7242.5
1777956660,7242.75,7243,7242.25,7242.5
1777956720,7242.5,7243,7242.5,7242.75
1777956780,7242.75,7243.25,7242.5,7243
1777956840,7242.75,7242.75,7241.75,7242
1777956900,7242,7242,7241.25,7241.75
1777956960,7241.5,7242,7241.5,7241.75
1777957020,7241.5,7241.5,7240.75,7241
1777957080,7240.75,7240.75,7239.5,7240
1777957140,7240.25,7240.5,7239.75,7240
1777957200,7239.75,7239.75,7238.5,7239
1777957260,7239,7240.5,7239,7240.5
1777957320,7240.5,7240.75,7239.5,7240.5
1777957380,7240.5,7240.75,7239.75,7239.75
1777957440,7239.75,7240.25,7239.25,7239.75
1777957500,7240,7240.75,7239.5,7239.75
1777957560,7239.75,7240.25,7239.5,7240.25
1777957620,7240.5,7240.75,7240.25,7240.75
1777957680,7240.75,7240.75,7240,7240.25
1777957740,7240.25,7240.25,7239.5,7239.75
1777957800,7239.75,7240,7239.75,7240
1777957860,7240,7240,7239.75,7240
1777957920,7240,7240.25,7240,7240
1777957980,7240.25,7240.25,7240,7240.25
1777958040,7240.25,7240.25,7240,7240.25
1777958100,7240,7240.25,7240,7240.25
1777958160,7240.25,7241.25,7240,7241
1777958220,7241,7241.25,7240.75,7241
1777958280,7240.75,7241,7240.5,7240.5
1777958340,7240.5,7241.25,7240.5,7241
1777958400,7241.25,7241.5,7241,7241
1777958460,7241.25,7241.75,7241.25,7241.75
1777958520,7241.75,7241.75,7241.5,7241.5
1777958580,7241.5,7241.5,7240.75,7240.75
1777958640,7241,7241.75,7241,7241.75
1777958700,7241.75,7241.75,7241.5,7241.75
1777958760,7241.5,7241.5,7240.5,7241
1777958820,7240.75,7240.75,7240.5,7240.5
1777958880,7240.25,7240.25,7240,7240.25
1777958940,7240,7240,7239.5,7239.75
1777959000,7240,7240.75,7240,7240.5
1777959060,7240.5,7240.5,7239.5,7239.5
1777959120,7239.5,7239.5,7238.25,7239.25
1777959180,7239.25,7240.75,7239.25,7240.5
1777959240,7240,7242.5,7240,7242.5
1777959300,7242.25,7243.25,7242.25,7242.25
1777959360,7242.25,7242.25,7241.25,7241.25
1777959420,7241.25,7242,7241.25,7241.5
1777959480,7241.75,7242,7241,7241.75
1777959540,7241.75,7243.75,7241.75,7242
1777959600,7241.75,7242.5,7241.75,7242.5
1777959660,7242.5,7242.75,7242.25,7242.25
1777959720,7242.5,7243.25,7242.25,7242.5
1777959780,7242.75,7243.5,7242.5,7242.5
1777959840,7242.75,7242.75,7242.25,7242.25
1777959900,7242.25,7242.5,7241.75,7242.25
1777959960,7242.25,7243.5,7242.25,7243.5
1777960020,7243.5,7244,7242.5,7243
1777960080,7243,7243,7242.5,7243
1777960140,7243,7243,7242.75,7243
1777960200,7243,7243.5,7243,7243.5
1777960260,7243.25,7243.25,7243,7243.25
1777960320,7243.25,7243.25,7242.75,7242.75
1777960380,7242.75,7242.75,7242.5,7242.75
1777960440,7242.75,7243,7242.75,7243
1777960500,7242.75,7243,7242.75,7243
1777960560,7243,7243.75,7243,7243.75
1777960620,7243.75,7244.25,7243.25,7243.5
1777960680,7243.5,7243.5,7243.25,7243.25
1777960740,7243.25,7244,7243.25,7243.75
1777960800,7243.75,7245.5,7243.5,7245.25
1777960860,7245,7247.75,7242.5,7243.25
1777960920,7243.5,7245,7241.75,7242.75
1777960980,7242.75,7243.75,7242.25,7242.75
1777961040,7242.75,7243,7242,7242.25
1777961100,7242.25,7242.5,7241.5,7241.5
1777961160,7241.25,7243,7241.25,7243
1777961220,7243,7243,7241.75,7242.5
1777961280,7242,7242.75,7242,7242.5
1777961340,7242.5,7242.5,7241.75,7242
1777961400,7241.75,7242.5,7241.25,7242.25
1777961460,7242.5,7242.5,7241.25,7241.5
1777961520,7241.75,7241.75,7241.25,7241.25
1777961580,7241.5,7242.25,7241,7241.25
1777961640,7241.5,7241.5,7241,7241
1777961700,7241.25,7241.75,7240.25,7240.25
1777961760,7240.25,7240.25,7238.5,7238.75
1777961820,7238.75,7239,7237.5,7238.5
1777961880,7238.5,7239.25,7238.25,7239
1777961940,7238.75,7239.75,7238.75,7239.25
1777962000,7239.25,7240,7239,7239.75
1777962060,7239.75,7239.75,7238.5,7239.75
1777962120,7239.75,7240,7239,7239
1777962180,7239.25,7239.5,7239.25,7239.5
1777962240,7239.75,7239.75,7235.75,7236.5
1777962300,7236.75,7237.75,7236.5,7237.25
1777962360,7237.25,7237.5,7237,7237.5
1777962420,7237.5,7239,7237.25,7238.75
1777962480,7239,7239,7237.5,7237.5
1777962540,7237.75,7239,7237.5,7238.25
1777962600,7237.75,7240.25,7237.75,7239.75
1777962660,7240,7240,7239.5,7239.75
1777962720,7240,7240.75,7239.75,7240.25
1777962780,7240.25,7241.75,7239.75,7241.75
1777962840,7241.75,7242.5,7241.5,7242.25
1777962900,7242.25,7248.25,7242,7244.25
1777962960,7244.5,7244.5,7243.5,7244
1777963020,7243.75,7243.75,7242.5,7243
1777963080,7243,7245,7242.75,7244.5
1777963140,7244.25,7245,7244.25,7244.5
1777963200,7244.25,7245,7243.25,7244.25
1777963260,7244.25,7245,7243.25,7243.25
1777963320,7243.25,7244.5,7242.75,7244.5
1777963380,7244.25,7245.25,7244.25,7245.25
1777963440,7245.25,7245.75,7244.5,7244.5
1777963500,7244.75,7245,7243.75,7244.25
1777963560,7244.5,7244.5,7243.75,7244
1777963620,7243.75,7244.75,7243.75,7244.25
1777963680,7244.25,7244.25,7243.75,7244.25
1777963740,7244.25,7244.5,7243.75,7244.25
1777963800,7244.5,7245.5,7244.5,7245.25
1777963860,7245.5,7247,7245.5,7246.5
1777963920,7246.75,7247.25,7246.75,7247
1777963980,7247,7247.25,7246.5,7247.25
1777964040,7247.25,7247.5,7246.5,7246.5
1777964100,7246.75,7248,7246.5,7247.5
1777964160,7247.5,7247.5,7246.5,7246.75
1777964220,7246.5,7247,7246,7247
1777964280,7247.25,7248.25,7247,7247.75
1777964340,7247.75,7248.25,7247.25,7247.5
1777964400,7247.75,7248.5,7246.75,7247.75
1777964460,7248,7249.5,7247.75,7249
1777964520,7248.75,7250.75,7248.5,7250.25
1777964580,7250.5,7250.5,7249,7249.5
1777964640,7249.25,7251,7249.25,7250
1777964700,7250,7250.25,7249,7250
1777964760,7250,7251.75,7249.75,7250.25
1777964820,7250,7252,7250,7251.25
1777964880,7251.5,7251.75,7250.5,7250.75
1777964940,7250.5,7251,7250,7250
1777965000,7250,7250.75,7249.5,7250.25
1777965060,7250,7251.25,7250,7250.75
1777965120,7250.75,7251.75,7250.25,7251.25
1777965180,7251.25,7251.75,7250.75,7251.25
1777965240,7251,7251.25,7250.25,7250.75
1777965300,7250.75,7251,7249.75,7250.25
1777965360,7250.25,7251.25,7250,7250.5
1777965420,7250.5,7251,7249.25,7249.75
1777965480,7249.75,7250.25,7249.25,7250
1777965540,7250.25,7251,7249.75,7251
1777965600,7251.25,7251.75,7251,7251.5
1777965660,7251.25,7252,7251,7251
1777965720,7251.25,7251.75,7250.5,7251.25
1777965780,7251.25,7251.5,7251.25,7251.25
1777965840,7251.25,7251.25,7249.75,7249.75
1777965900,7249.75,7250,7248.25,7249.5
1777965960,7249.25,7250.5,7248.75,7250.25
1777966020,7250,7250.75,7249,7249
1777966080,7249,7249.25,7247.75,7248.5
1777966140,7248.5,7249.5,7248.25,7248.5
1777966200,7248.5,7248.75,7248,7248.25
1777966260,7248.5,7249,7248.25,7248.75
1777966320,7248.75,7249.75,7248.75,7249.5
1777966380,7249.75,7250.25,7249.25,7249.5
1777966440,7249.75,7249.75,7249,7249.5
1777966500,7249.75,7251.5,7249,7251
1777966560,7251,7256,7250.75,7254.25
1777966620,7254.5,7255.25,7252,7252.5
1777966680,7252.75,7255.75,7252.75,7255.5
1777966740,7255.5,7256.75,7254.25,7255.25
1777966800,7254.75,7255.75,7253.25,7253.25
1777966860,7253.25,7254.75,7252.5,7254.75
1777966920,7254.75,7256,7253.75,7253.75
1777966980,7253.75,7254,7252.75,7252.75
1777967040,7252.75,7253,7250.5,7250.5
1777967100,7250.5,7251.25,7248.5,7249.75
1777967160,7250,7250.5,7249,7249
1777967220,7249,7250,7248.75,7249.75
1777967280,7249.75,7250,7249,7249
1777967340,7248.75,7249,7247.5,7247.5
1777967400,7247.75,7248,7246.75,7247
1777967460,7246.75,7248,7246.5,7248
1777967520,7248,7248.75,7248,7248
1777967580,7248,7248.5,7247.75,7248.25
1777967640,7248.25,7248.25,7246.75,7246.75
1777967700,7246.75,7246.75,7246,7246.25
1777967760,7246,7246.75,7245.75,7246
1777967820,7246,7247,7246,7246.75
1777967880,7247,7247,7246.25,7247
1777967940,7247,7247.75,7247,7247.25
1777968000,7247.5,7248,7247.25,7247.5
1777968060,7247.75,7248.75,7247.5,7248
1777968120,7248,7249.25,7248,7249
1777968180,7249,7249.75,7248.75,7249.25
1777968240,7249.25,7250.25,7249,7250
1777968300,7250,7251.5,7250,7250.75
1777968360,7250.75,7251.5,7250.5,7251.25
1777968420,7251,7251.75,7250.25,7251.5
1777968480,7251.25,7252.25,7251.25,7252
1777968540,7252,7252.5,7250.75,7251.75
1777968600,7252,7253,7251.75,7253
1777968660,7253,7253.75,7253,7253
1777968720,7253,7255,7253,7255
1777968780,7255,7256,7254.75,7255.75
1777968840,7255.75,7256.25,7255,7255.25
1777968900,7255.25,7255.25,7254.25,7255
1777968960,7254.75,7255.5,7253.75,7253.75
1777969020,7254,7254.5,7253.5,7253.5
1777969080,7253.75,7255,7253.25,7255
1777969140,7255.25,7255.25,7253.75,7254.25
1777969200,7254,7254.75,7254,7254.5
1777969260,7254.5,7255,7254,7254.5
1777969320,7254.75,7255.75,7254.5,7254.5
1777969380,7254.75,7254.75,7253.75,7254.25
1777969440,7254.5,7255.25,7254.25,7254.75
1777969500,7255,7257,7255,7256.75
1777969560,7256.5,7256.5,7255.25,7255.25
1777969620,7255.25,7256.5,7255.25,7256.25
1777969680,7256.25,7256.25,7255.75,7256
1777969740,7256,7256.25,7253.75,7254
1777969800,7254,7254.5,7252.75,7254.5
1777969860,7254.5,7254.5,7253.5,7254
1777969920,7254,7256,7254,7255
1777969980,7255,7255.25,7253.75,7254.25
1777970040,7254,7255,7253.75,7254.75
1777970100,7254.5,7255.25,7254.25,7255.25
1777970160,7255.5,7255.75,7254.75,7255.25
1777970220,7255.25,7255.5,7254.75,7255.5
1777970280,7255.75,7255.75,7255.25,7255.25
1777970340,7255.25,7255.25,7254.5,7255
1777970400,7254.75,7255,7252.75,7253.5
1777970460,7253.5,7255,7253.25,7255
1777970520,7255,7255.25,7254.25,7254.25
1777970580,7254.5,7255.25,7254.5,7254.75
1777970640,7254.5,7255,7254.25,7254.75
1777970700,7254.75,7256.75,7253.25,7254
1777970760,7254.5,7255.25,7254.25,7254.5
1777970820,7254.5,7255,7253.75,7254.75
1777970880,7254.75,7254.75,7254,7254
1777970940,7254.25,7255.5,7253.75,7255.25
1777971000,7255,7256,7254.75,7254.75
1777971060,7254.75,7255.5,7254.5,7254.75
1777971120,7254.5,7255.25,7254.5,7255.25
1777971180,7255.25,7255.5,7254.5,7254.75
1777971240,7254.75,7254.75,7254,7254.5
1777971300,7254.25,7254.75,7253.5,7253.75
1777971360,7253.5,7254.5,7253.5,7254.25
1777971420,7254.25,7254.75,7253.75,7253.75
1777971480,7253.75,7255.25,7253.75,7255
1777971540,7254.75,7255.25,7254.5,7254.75
1777971600,7254.75,7254.75,7252,7253
1777971660,7253.25,7253.75,7252.25,7253.5
1777971720,7253.5,7254,7251.5,7251.75
1777971780,7251.75,7252.5,7251.5,7252.25
1777971840,7252.5,7252.75,7251.75,7252
1777971900,7252,7252,7250.75,7251
1777971960,7251,7251.75,7249.75,7251.5
1777972020,7251.25,7252.25,7251,7251.75
1777972080,7252,7253.25,7251.75,7253
1777972140,7253,7254.5,7253,7254
1777972200,7254,7254.75,7253.25,7253.25
1777972260,7253.5,7253.75,7253.25,7253.75
1777972320,7253.75,7255,7253.75,7254.5
1777972380,7254.5,7254.75,7253.5,7253.75
1777972440,7253.75,7253.75,7252.5,7252.5
1777972500,7252.5,7253.75,7252.5,7253.25
1777972560,7253,7253.5,7251.5,7251.75
1777972620,7251.75,7253,7251.75,7252.5
1777972680,7252.5,7252.5,7251.25,7251.25
1777972740,7251.5,7252.75,7251.5,7251.75
1777972800,7252,7252,7251,7251
1777972860,7250.75,7252,7250.75,7252
1777972920,7252,7252.25,7251.25,7251.75
1777972980,7251.75,7252.75,7251.25,7252.25
1777973040,7252.25,7253.5,7252.25,7252.75
1777973100,7252.75,7253.75,7252.75,7253.5
1777973160,7253.5,7253.75,7253.5,7253.5
1777973220,7253.5,7253.75,7253,7253.5
1777973280,7253.5,7253.75,7253.25,7253.75
1777973340,7253.5,7253.5,7253,7253
1777973400,7253,7256.25,7253,7256.25
1777973460,7256,7256.5,7255.25,7256
1777973520,7256,7256,7254.75,7255.25
1777973580,7255.25,7255.75,7255.25,7255.5
1777973640,7255.75,7256,7254.75,7255
1777973700,7254.75,7255,7253.5,7254
1777973760,7254,7254.25,7252.75,7253
1777973820,7253.5,7253.75,7253,7253.5
1777973880,7253.25,7254.25,7253.25,7253.75
1777973940,7253.75,7255,7253.75,7254
1777974000,7254,7255.25,7253.5,7255.25
1777974060,7255.25,7255.25,7254.75,7255.25
1777974120,7255.25,7255.5,7255.25,7255.5
1777974180,7255.25,7255.5,7254.75,7255
1777974240,7255,7255.25,7255,7255.25
1777974300,7255.25,7256.25,7255,7256
1777974360,7255.75,7257.5,7255.75,7257
1777974420,7257,7257.75,7256.75,7257.5
1777974480,7257.5,7258,7255.5,7255.5
1777974540,7255.25,7255.5,7255,7255.25
1777974600,7255.25,7255.75,7254.25,7254.25
1777974660,7254,7254.5,7254,7254.5
1777974720,7254.5,7254.5,7253.75,7254.25
1777974780,7254.25,7255,7254.25,7254.75
1777974840,7254.5,7254.75,7254.25,7254.25
1777974900,7254.5,7254.75,7254.25,7254.75
1777974960,7254.5,7254.75,7253.75,7254.75
1777975020,7254.75,7255.25,7254.5,7254.75
1777975080,7254.75,7255,7254.5,7254.75
1777975140,7255,7255.5,7254.75,7255.5
1777975200,7255.25,7255.5,7254.75,7254.75
1777975260,7255,7255.25,7254.75,7255
1777975320,7255,7255,7254,7254.5
1777975380,7254.5,7254.75,7254.25,7254.5
1777975440,7254.25,7255,7254.25,7254.5
1777975500,7254.5,7254.75,7254,7254
1777975560,7253.75,7255,7253.75,7254.75
1777975620,7254.5,7254.75,7254.25,7254.5
1777975680,7254.25,7254.75,7254,7254.25
1777975740,7254,7254,7253.25,7253.5
1777975800,7253.5,7253.5,7253.25,7253.5
1777975860,7253.5,7254.75,7253.5,7254.5
1777975920,7254.5,7255.25,7254.25,7254.25
1777975980,7254.5,7256.25,7254.5,7256.25
1777976040,7256,7256.5,7254.25,7255
1777976100,7255,7255.75,7254.5,7255.25
1777976160,7255.5,7255.75,7255.5,7255.75
1777976220,7255.75,7255.75,7255,7255
1777976280,7255,7255.25,7254.75,7254.75
1777976340,7254.5,7254.75,7254.25,7254.75
1777976400,7255,7255.5,7254.75,7255
1777976460,7255,7256.25,7255,7255.75
1777976520,7255.75,7256,7255.5,7255.5
1777976580,7255.5,7255.5,7255.5,7255.5
1777976640,7255.75,7255.75,7255,7255
1777976700,7255,7255.5,7254.75,7255.25
1777976760,7255.25,7256,7255.25,7256
1777976820,7256.25,7256.5,7256,7256.25
1777976880,7256.25,7256.25,7255.75,7255.75
1777976940,7255.75,7256,7255.5,7255.75
1777977000,7256,7256.75,7256,7256.5
1777977060,7256.5,7256.5,7255.75,7256.25
1777977120,7256.5,7256.5,7255.5,7255.5
1777977180,7255.5,7256.5,7255.25,7256.5
1777977240,7256.25,7261.75,7256.25,7259.25
1777977300,7259,7260.25,7258.25,7258.5
1777977360,7258.5,7258.5,7257,7257.25
1777977420,7257,7259,7257,7258
1777977480,7258.25,7258.25,7257.5,7257.75
1777977540,7257.5,7257.75,7256.25,7256.25
1777977600,7256.25,7256.25,7255.25,7255.75
1777977660,7255.75,7257.25,7255.25,7255.5
1777977720,7255.5,7256.25,7255.25,7255.75
1777977780,7255.75,7255.75,7253.5,7253.5
1777977840,7253.75,7254,7253.5,7253.5
1777977900,7253.75,7254,7253,7254
1777977960,7253.75,7254.5,7253.5,7254.25
1777978020,7254.25,7254.5,7253.5,7254.25
1777978080,7254.5,7255,7254.5,7254.75
1777978140,7254.75,7255,7254.5,7254.5
1777978200,7254.5,7255,7254.5,7254.5
1777978260,7254.5,7254.5,7254.25,7254.5
1777978320,7254.75,7254.75,7254,7254
1777978380,7254,7254.5,7253.75,7254.5
1777978440,7254.5,7254.75,7253.75,7254.5
1777978500,7254.25,7254.75,7254.25,7254.5
1777978560,7254.5,7255.25,7254.5,7255.25
1777978620,7255.25,7255.75,7255.25,7255.5
1777978680,7255.5,7256,7255,7255
1777978740,7255,7255.75,7255,7255.5
1777978800,7255.5,7256.75,7250.75,7251.75
1777978860,7251.75,7252,7249.5,7250.25
1777978920,7250.5,7251.75,7250.25,7251
1777978980,7250.75,7251,7249,7249.5
1777979040,7249.5,7250.75,7249.5,7250.25
1777979100,7250,7250.75,7249.5,7250.25
1777979160,7250.5,7250.75,7249.75,7250.25
1777979220,7250.25,7251.25,7250.25,7251
1777979280,7251,7251,7250.5,7250.75
1777979340,7250.5,7251.5,7250.25,7251.25
1777979400,7251.5,7251.75,7250,7251.5
1777979460,7251.25,7252,7250.75,7251.75
1777979520,7251.75,7252,7251,7251.25
1777979580,7251.25,7251.5,7250.25,7251.25
1777979640,7250.75,7251.5,7250.75,7251
1777979700,7251,7251,7250.25,7251
1777979760,7251,7252,7249.5,7250
1777979820,7250.25,7250.75,7249.25,7249.75
1777979880,7249.75,7250,7249,7249.25
1777979940,7249,7250,7248.75,7249.75
1777980000,7250,7251,7249.75,7250.25
1777980060,7250.25,7251.5,7250.25,7251
1777980120,7251,7252,7251,7251.75
1777980180,7251.5,7252.75,7251.25,7252.25
1777980240,7252.25,7253,7251.75,7252.75
1777980300,7252.75,7253.5,7252.5,7253.25
1777980360,7253.25,7254,7253,7253.25
1777980420,7253.25,7254.25,7253.25,7254
1777980480,7254.25,7256.5,7253.75,7255.25
1777980540,7255.25,7256.5,7254.75,7255
1777980600,7255,7255.75,7254.25,7255
1777980660,7255,7256.5,7255,7256.25
1777980720,7256.25,7257.75,7255.75,7257.5
1777980780,7257.5,7257.5,7255.25,7256
1777980840,7255.75,7256.75,7255.75,7256.5
1777980900,7256.75,7258,7256.25,7257.5
1777980960,7257.5,7258,7257,7257.75
1777981020,7258,7258,7257,7257.25
1777981080,7257.25,7257.75,7256.75,7257.25
1777981140,7257.25,7257.75,7257.25,7257.5
1777981200,7257.5,7258.75,7257.25,7257.75
1777981260,7257.5,7258,7257.5,7257.75
1777981320,7258,7258.5,7257.25,7257.25
1777981380,7257.25,7258,7257.25,7258
1777981440,7258,7258.25,7257.5,7258
1777981500,7258.25,7258.25,7257.5,7257.5
1777981560,7257.5,7258.75,7257.25,7258
1777981620,7258.25,7259.25,7258.25,7258.5
1777981680,7258.5,7259.25,7258.25,7258.5
1777981740,7258.5,7259.25,7258.25,7259
1777981800,7259,7259,7257,7257.5
1777981860,7257.5,7258.5,7257.5,7257.75
1777981920,7257.75,7258.25,7257.5,7258.25
1777981980,7258.25,7258.25,7257.75,7257.75
1777982040,7257.5,7258,7257.5,7257.75
1777982100,7257.75,7258.5,7257.5,7257.75
1777982160,7258,7258.5,7257.75,7258.25
1777982220,7258.25,7258.5,7258,7258
1777982280,7258.25,7259.25,7258.25,7258.75
1777982340,7258.75,7258.75,7258.25,7258.25
1777982400,7258.25,7258.5,7257,7257.5
1777982460,7257.25,7257.5,7256.25,7256.5
1777982520,7256.5,7257.75,7256.5,7257.5
1777982580,7257.5,7257.5,7257.25,7257.5
1777982640,7257.5,7258,7256.25,7257
1777982700,7257,7258,7256.75,7257.25
1777982760,7257.5,7263,7257.5,7261
1777982820,7261.25,7262.5,7260,7260.5
1777982880,7260.5,7263.5,7259.5,7261.75
1777982940,7261.75,7262.5,7260.75,7262
1777983000,7261.75,7265,7261.25,7262
1777983060,7262,7266.75,7261.75,7264.75
1777983120,7264.5,7265.75,7263.5,7264.25
1777983180,7264.25,7265.75,7263.25,7263.25
1777983240,7263.25,7267,7263.25,7266.25
1777983300,7266.25,7269,7265,7267
1777983360,7267.25,7268,7266,7266.25
1777983420,7266.25,7267.25,7264.75,7265.25
1777983480,7265,7265.25,7264.25,7265
1777983540,7264.75,7265.75,7263.75,7264
1777983600,7264,7264.25,7263,7263.75
1777983660,7263.75,7266.75,7263.75,7265.75
1777983720,7265.75,7266.5,7264.25,7264.5
1777983780,7264.5,7265.75,7264,7264.5
1777983840,7264.5,7265,7264.25,7265
1777983900,7264.75,7265.75,7264.5,7264.75
1777983960,7264.75,7266.25,7264.75,7266.25
1777984020,7266.25,7266.5,7265.25,7266
1777984080,7266,7266.25,7265,7265.25
1777984140,7265,7265.25,7264.25,7265.25
1777984200,7265.25,7266.25,7264.25,7264.25
1777984260,7264.25,7265.5,7264.25,7264.75
1777984320,7265,7265,7263.5,7264
1777984380,7264,7264.5,7263,7264
1777984440,7263.75,7265.25,7263.75,7264.5
1777984500,7264.5,7264.75,7263,7263.5
1777984560,7263.5,7264,7262.5,7262.5
1777984620,7262.5,7263.5,7262.25,7262.5
1777984680,7262.5,7263.25,7262,7262.5
1777984740,7262.5,7263.25,7262.25,7262.5
1777984800,7262.5,7262.5,7261.25,7261.5
1777984860,7261.25,7262,7261.25,7261.75
1777984920,7261.5,7262.5,7261.25,7262.25
1777984980,7262,7263.25,7262,7263.25
1777985040,7263,7263.25,7261.25,7261.5
1777985100,7261.75,7262.75,7261.25,7261.5
1777985160,7261.5,7262.5,7261.25,7261.75
1777985220,7261.75,7262,7261.75,7262
1777985280,7262,7262,7260.25,7261.25
1777985340,7261.25,7261.25,7260.75,7261.25
1777985400,7261.25,7261.5,7260.5,7261
1777985460,7261.25,7261.75,7261,7261.75
1777985520,7262,7262,7261.5,7261.5
1777985580,7261.25,7261.5,7260.75,7261.5
1777985640,7261.5,7262,7261.25,7262
1777985700,7262,7262.75,7261.75,7262.5
1777985760,7262.75,7262.75,7262.25,7262.75
1777985820,7262.5,7263,7262.25,7262.25
1777985880,7262.25,7262.75,7261.75,7262.25
1777985940,7262,7262.25,7261.5,7261.75
1777986000,7261.75,7262.25,7261.5,7261.75
1777986060,7261.75,7262.75,7261.75,7261.75
1777986120,7261.5,7262.5,7261.5,7262.5
1777986180,7262.25,7263.75,7262.25,7263.5
1777986240,7263.5,7264.75,7263.5,7264
1777986300,7264,7265,7264,7264.75
1777986360,7265,7265.25,7264.5,7265.25
1777986420,7265,7265.75,7264.75,7265.5
1777986480,7265.5,7267.75,7265.5,7267
1777986540,7267.25,7268.75,7266.5,7267
1777986600,7267,7267.75,7266.75,7267
1777986660,7267,7267.75,7266,7266.25
1777986720,7266.5,7266.75,7265.75,7266
1777986780,7266,7266.25,7265.5,7266
1777986840,7266,7266.25,7265,7266
1777986900,7266,7266.75,7265.5,7265.5
1777986960,7265.25,7265.75,7264.75,7265
1777987020,7264.75,7265.5,7264.75,7265
1777987080,7264.75,7265.5,7264.25,7264.5
1777987140,7264.25,7265,7264,7264.25
1777987200,7264.25,7265,7263.75,7264.5
1777987260,7264.5,7264.5,7263.25,7264
1777987320,7263.75,7263.75,7262.75,7263.25
1777987380,7263.5,7263.75,7263,7263
1777987440,7263,7263.5,7262.5,7262.75
1777987500,7263,7266,7263,7265
1777987560,7265,7266.25,7265,7266
1777987620,7266,7267.25,7265.75,7267.25
1777987680,7267,7267.5,7265.5,7267.5
1777987740,7267.5,7267.5,7266.25,7267.25
1777987800,7267.5,7270.75,7265.75,7267.5
1777987860,7267.75,7267.75,7264.25,7267
1777987920,7266.75,7268.25,7266,7267.75
1777987980,7268,7270.75,7267.5,7270.75
1777988040,7270.75,7272,7269.5,7271.75
1777988100,7272,7272.75,7270.25,7272.5
1777988160,7272.75,7274,7271.25,7272
1777988220,7271.75,7272,7269.25,7270.5
1777988280,7270.25,7270.25,7268,7268.5
1777988340,7268.75,7270.75,7268.5,7269.5
1777988400,7269.5,7271.25,7269,7270.75
1777988460,7270.75,7273,7270.75,7273
1777988520,7272.75,7273,7269.5,7270.5
1777988580,7270.25,7271,7267,7267.5
1777988640,7267.5,7271.75,7267.25,7271.5
1777988700,7271.5,7274.75,7271,7274.25
1777988760,7274,7274.75,7273.5,7274.5
1777988820,7274.25,7275.25,7272.25,7273.75
1777988880,7273.75,7274,7272.25,7273.75
1777988940,7273.5,7274,7270,7270.75
1777989000,7270.75,7276.5,7270.5,7276.25
1777989060,7276.25,7277.25,7274.75,7276.75
1777989120,7276.75,7276.75,7274.75,7275.25
1777989180,7275.25,7276,7274.5,7275
1777989240,7274.75,7275.25,7271.75,7272.75
1777989300,7272.75,7274.25,7272,7273.5
1777989360,7273.5,7274.75,7273,7274.5
1777989420,7274.25,7274.75,7272.75,7273.25
1777989480,7273,7274.25,7272.75,7273.75
1777989540,7273.5,7275,7273,7275
1777989600,7275,7275.25,7270.5,7273.75
1777989660,7273.75,7277.25,7273.5,7277
1777989720,7277,7277.25,7274.5,7274.75
1777989780,7275,7276.75,7274.5,7276
1777989840,7276.25,7277.25,7275.75,7277
1777989900,7277,7277.25,7275.75,7275.75
1777989960,7276,7278.75,7275.75,7277.75
1777990020,7277.75,7279.25,7277.5,7278.75
1777990080,7279,7282,7278,7279.75
1777990140,7279.75,7281.5,7279.25,7281.25
1777990200,7281.5,7283.5,7280.25,7280.75
1777990260,7281,7281.75,7279.75,7281.5
1777990320,7281.5,7281.75,7280,7280.25
1777990380,7280,7281,7272.25,7275.5
1777990440,7275.5,7276,7270.75,7272.25
1777990500,7272.25,7272.75,7269.5,7272.25
1777990560,7272.25,7273.5,7269.25,7273.25
1777990620,7273.25,7276,7271.75,7275.75
1777990680,7275.75,7276.75,7266.75,7270
1777990740,7269.75,7272,7268.5,7270.75
1777990800,7270.5,7272,7269,7270.5
1777990860,7270.5,7272,7270.25,7271.5
1777990920,7271.75,7278.75,7271.5,7277.5
1777990980,7277.75,7279.5,7276.75,7278
1777991040,7278,7281.75,7277.75,7280.75
1777991100,7280.75,7286.25,7280.5,7283
1777991160,7283,7284,7281.25,7281.75
1777991220,7281.5,7282.75,7280.5,7281
1777991280,7281,7283.5,7280.25,7283.25
1777991340,7283.25,7284,7282.25,7282.5
1777991400,7282.5,7283.5,7280.75,7281
1777991460,7281,7281,7278.5,7278.75
1777991520,7278.75,7279.75,7277.75,7279.25
1777991580,7279.25,7279.75,7277.5,7278.25
1777991640,7278,7280,7277.75,7279.5
1777991700,7279.5,7280,7278.5,7279.25
1777991760,7279,7281,7278.25,7279
1777991820,7279,7279,7276,7277.25
1777991880,7277,7277.25,7274.75,7276
1777991940,7275.75,7276.75,7275.5,7276
1777992000,7276,7277,7275.5,7276.5
1777992060,7276.25,7279.5,7276.25,7278.75
1777992120,7278.75,7280,7278.75,7279.25
1777992180,7279,7280,7278.25,7279.5
1777992240,7279.5,7279.5,7275.75,7276.25
1777992300,7276.25,7276.25,7274.75,7275.25
1777992360,7275.5,7277.25,7274.5,7275
1777992420,7275,7276.25,7273,7273.75
1777992480,7273.5,7278,7273.25,7277.25
1777992540,7277.25,7278,7276,7276.25
1777992600,7276.25,7276.25,7274.75,7275.25
1777992660,7275.25,7275.75,7274,7275
1777992720,7275.25,7277.25,7274.75,7277
1777992780,7276.75,7277.75,7275.75,7277
1777992840,7277,7278.5,7276.25,7278.5
1777992900,7278.5,7280.25,7278.5,7278.75
1777992960,7278.75,7280,7278,7279.5
1777993020,7279.5,7279.75,7278,7279
1777993080,7278.75,7279.25,7278.25,7278.75
1777993140,7278.75,7281,7278.75,7280.75
1777993200,7280.5,7281.75,7279.25,7279.75
1777993260,7279.75,7281.5,7279.5,7281.25
1777993320,7281.25,7281.25,7280.5,7281.25
1777993380,7281.25,7283,7281,7282.5
1777993440,7282.25,7284.5,7282.25,7284
1777993500,7284.25,7284.75,7283.5,7284.25
1777993560,7284.25,7285.75,7283.5,7285.25
1777993620,7285.25,7285.75,7283.5,7284.5
1777993680,7284.25,7284.5,7282,7282.5
1777993740,7282.5,7283.5,7282,7282.5
1777993800,7282.5,7283.25,7282.25,7282.75
1777993860,7282.75,7284,7282.5,7283.5
1777993920,7283.5,7285.5,7283.25,7285
1777993980,7285,7285.75,7283.75,7284.25
1777994040,7284,7285,7283.5,7284.75
1777994100,7284.75,7285.75,7284.25,7285
1777994160,7285,7285,7283.5,7284
1777994220,7283.75,7284.5,7283.25,7283.5
1777994280,7283.5,7284.5,7283.25,7284.5
1777994340,7284.25,7285,7282.75,7283
1777994400,7283.25,7283.5,7281.25,7282
1777994460,7281.75,7284,7281.75,7284
1777994520,7284,7284.25,7282.75,7283.5
1777994580,7283.25,7283.75,7281.75,7282.75
1777994640,7282.75,7282.75,7280.25,7280.75
1777994700,7280.75,7281.5,7280.25,7281.5
1777994760,7281.25,7284.25,7281,7283.25
1777994820,7283,7283.5,7282,7282.25
1777994880,7282.25,7283,7282,7282
1777994940,7281.75,7284.25,7281.5,7284.25
1777995000,7284.25,7284.75,7282.5,7283
1777995060,7283,7283,7282,7282.25
1777995120,7282.25,7282.75,7279.75,7280
1777995180,7280,7280.75,7278.5,7278.75
1777995240,7278.75,7279.25,7278.5,7279
1777995300,7279,7281.5,7278.75,7280.75
1777995360,7280.75,7281.25,7280.25,7281.25
1777995420,7281.25,7281.5,7280,7280.75
1777995480,7280.75,7281,7280.5,7280.75
1777995540,7280.5,7281.25,7279.5,7280.75
1777995600,7280.75,7281,7279.5,7279.75
1777995660,7280,7280.5,7279.75,7279.75
1777995720,7280,7281,7279.25,7279.75
1777995780,7279.75,7280,7279,7279.75
1777995840,7279.5,7281,7279.5,7280.5
1777995900,7280.5,7282.75,7280.5,7281.75
1777995960,7282,7283.5,7281.75,7283
1777996020,7283,7283.25,7282,7282
1777996080,7282,7282.5,7281.5,7281.75
1777996140,7281.75,7282.5,7281.25,7282.25
1777996200,7282.25,7283.25,7282.25,7283
1777996260,7282.75,7283.5,7282.25,7282.75
1777996320,7282.75,7282.75,7281.5,7282.5
1777996380,7282.5,7282.5,7281.25,7281.75
1777996440,7281.5,7282,7280.75,7281.5
1777996500,7281.5,7281.5,7280.25,7280.25
1777996560,7280.25,7281.5,7280.25,7280.25
1777996620,7280.25,7280.75,7279,7280
1777996680,7280,7280,7278.75,7279.75
1777996740,7279.75,7280,7279,7279.5
1777996800,7279.75,7280.75,7279.5,7280.25
1777996860,7280,7281.25,7279.25,7281
1777996920,7281,7283,7280.5,7282.5
1777996980,7282.5,7282.75,7281.5,7281.5
1777997040,7281.75,7282.5,7281.25,7282.25
1777997100,7282.25,7284,7282.25,7284
1777997160,7284,7284.5,7283.5,7284
1777997220,7284,7284.75,7283.25,7284.5
1777997280,7284.25,7284.5,7284,7284
1777997340,7284.25,7284.75,7283.75,7284
1777997400,7284,7285,7284,7285
1777997460,7284.75,7285,7284.25,7284.5
1777997520,7284.25,7285,7284,7284.5
1777997580,7284.5,7285,7284.25,7284.5
1777997640,7284.75,7285.25,7284,7284
1777997700,7284.25,7284.75,7284,7284.5
1777997760,7284.5,7285.25,7284.25,7285
1777997820,7285,7285.5,7283,7283.25
1777997880,7283.25,7284.5,7283.25,7284.5
1777997940,7284.5,7285.25,7284,7285.25
1777998000,7285.25,7287.5,7284.75,7287.25
1777998060,7287.25,7288,7286.75,7286.75
1777998120,7287,7287,7286.5,7286.75
1777998180,7287,7287,7286,7286.5
1777998240,7286.5,7287,7286,7286.5
1777998300,7286.5,7287,7286.25,7286.5
1777998360,7286.5,7287.5,7285.75,7287
1777998420,7287.25,7287.25,7282.25,7282.75
1777998480,7282.5,7285.25,7279,7284.5
1777998540,7284.5,7285.25,7284,7285.25
1777998600,7285.25,7285.5,7284.25,7284.75
1777998660,7285,7285,7283.25,7284
1777998720,7283.75,7285,7283.5,7284.75
1777998780,7284.5,7284.75,7283.75,7284
1777998840,7284.25,7284.25,7282.5,7284
1777998900,7284.25,7285.25,7283.25,7284.75
1777998960,7284.5,7286,7284.5,7285.75
1777999020,7285.5,7285.75,7285,7285.75
1777999080,7285.75,7286,7284.5,7285
1777999140,7285,7285,7283.5,7283.5
1777999200,7283.5,7283.75,7282,7282.25
1777999260,7282.25,7284,7282.25,7283.75
1777999320,7284,7284.5,7283.5,7283.5
1777999380,7283.5,7283.75,7281.75,7282.5
1777999440,7282.5,7283.75,7282.5,7283.5
1777999500,7283.75,7284.75,7282.75,7284.5
1777999560,7284.5,7285.75,7284,7285.25
1777999620,7285.25,7286.75,7285.25,7286.5
1777999680,7286.5,7286.75,7285.5,7285.75
1777999740,7285.75,7286.25,7285.25,7285.5
1777999800,7285.5,7286,7285.25,7285.5
1777999860,7285.5,7285.5,7284.5,7285.25
1777999920,7285.25,7285.5,7284.75,7285
1777999980,7284.75,7285.25,7284,7284.75
1778000040,7284.5,7285.25,7284.5,7284.5
1778000100,7284.5,7286,7284.25,7286
1778000160,7285.75,7286,7284.75,7285.25
1778000220,7285.5,7285.75,7284.75,7285.25
1778000280,7285.5,7285.5,7284.5,7284.5
1778000340,7284.5,7284.75,7283.75,7284
1778000400,7284,7284,7282.5,7283.75
1778000460,7283.75,7284.5,7283.5,7283.5
1778000520,7283.75,7284.25,7283.25,7283.75
1778000580,7283.75,7284.75,7283.5,7284.75
1778000640,7284.75,7285,7284.25,7284.25
1778000700,7284.25,7284.5,7283.75,7284.5
1778000760,7284.5,7284.75,7283.75,7284
1778000820,7283.75,7284,7282.5,7282.5
1778000880,7282.75,7283,7281.75,7281.75
1778000940,7282,7282,7280.25,7281.5
1778001000,7281.5,7281.75,7280.25,7281.5
1778001060,7281.5,7282,7281,7281.75
1778001120,7282,7282.75,7281.75,7282
1778001180,7282,7282.75,7281.5,7281.5
1778001240,7281.5,7282.5,7281.25,7281.75
1778001300,7282,7283.25,7281.75,7283.25
1778001360,7283,7283.75,7282.5,7283.25
1778001420,7283.25,7283.5,7282.75,7283.5
1778001480,7283.25,7285.75,7283.25,7283.75
1778001540,7284,7285,7283.25,7285
1778001600,7285,7285.5,7283.75,7285
1778001660,7285.25,7286,7284.75,7285.25
1778001720,7285.25,7286,7284.75,7285.25
1778001780,7285,7285.25,7284.25,7284.25
1778001840,7284.25,7285,7284.25,7285
1778001900,7285,7285.5,7285,7285.5
1778001960,7285.5,7287,7285,7287
1778002020,7286.75,7287,7286.25,7286.75
1778002080,7286.75,7287,7286,7286.75
1778002140,7286.5,7288,7286.25,7287.75
1778002200,7287.75,7289,7287.5,7288
1778002260,7288,7288.25,7286.75,7287
1778002320,7287,7288.25,7286.25,7287
1778002380,7287,7287.75,7286.75,7287.5
1778002440,7287.5,7287.5,7286.5,7287.5
1778002500,7287.25,7288,7287,7287.75
1778002560,7287.75,7289.5,7287.75,7289.25
1778002620,7289.25,7289.5,7288,7288.25
1778002680,7288.25,7288.25,7287.75,7287.75
1778002740,7287.75,7288,7287.25,7287.5
1778002800,7287.5,7288,7287,7287.75
1778002860,7287.5,7288.5,7287.25,7288.5
1778002920,7288.5,7288.5,7288,7288.25
1778002980,7288.5,7288.5,7288,7288.5
1778003040,7288.25,7288.5,7287.5,7287.5
1778003100,7287.75,7288.5,7287.75,7288
1778003160,7288.25,7288.75,7288,7288
1778003220,7288,7288.5,7287.75,7288.25
1778003280,7288.25,7288.75,7288,7288.5
1778003340,7288.5,7288.75,7288,7288
1778003400,7288.25,7289,7288,7288.75
1778003460,7288.5,7290,7288.5,7289.75
1778003520,7290,7291,7289.75,7290.5
1778003580,7290.75,7291.25,7290.5,7290.75
1778003640,7290.5,7290.75,7289.75,7290.25
1778003700,7290,7291.5,7289.75,7290.25
1778003760,7290.25,7290.75,7290,7290.5
1778003820,7290.75,7290.75,7289.75,7290.25
1778003880,7290,7290.25,7289.5,7289.75
1778003940,7289.75,7289.75,7289.25,7289.25
1778004000,7289.25,7290.25,7289,7290
1778004060,7290,7290.25,7289.75,7290
1778004120,7290.25,7291,7290.25,7291
1778004180,7290.75,7291,7290.25,7290.5
1778004240,7290.5,7291,7290,7291
1778004300,7291,7291.25,7290.25,7290.5
1778004360,7290.75,7291,7290.5,7291
1778004420,7291,7292.75,7290.75,7291.75
1778004480,7291.75,7292.75,7291.75,7292
1778004540,7292,7292,7291.5,7291.5
1778004600,7291.75,7292.5,7291.25,7292.25
1778004660,7292.25,7293.5,7292,7293
1778004720,7293,7295.25,7293,7294.75
1778004780,7295,7295,7294,7294.75
1778004840,7294.75,7295.75,7294.25,7295.5
1778004900,7295.5,7296.25,7294.75,7294.75
1778004960,7294.75,7295,7294,7294.25
1778005020,7294.5,7294.75,7294,7294.25
1778005080,7294.5,7294.75,7294,7294.25
1778005140,7294.5,7295,7293.75,7294
1778005200,7294,7294.75,7294,7294.75
1778005260,7294.5,7295.75,7294.25,7295.5
1778005320,7295.5,7295.5,7295,7295.25
1778005380,7295.5,7295.75,7294.5,7294.75
1778005440,7295,7295.25,7294,7294
1778005500,7294.25,7294.5,7293.5,7294.25
1778005560,7294,7294.75,7293.75,7294
1778005620,7294.25,7295.25,7294,7294.75
1778005680,7295,7295.75,7294.5,7294.5
1778005740,7294.5,7294.5,7293.75,7293.75
1778005800,7294,7294.5,7293.75,7294
1778005860,7294,7294.25,7293.5,7293.5
1778005920,7293.75,7293.75,7292.75,7292.75
1778005980,7292.75,7293.25,7292.5,7293
1778006040,7293.25,7293.5,7291.75,7291.75
1778006100,7292,7293.25,7291.75,7292.75
1778006160,7292.75,7293.25,7292.5,7292.75
1778006220,7293,7293.25,7292.75,7293.25
1778006280,7293,7293,7291.75,7292
1778006340,7292,7292,7290.5,7290.5
1778006400,7290.5,7291.5,7290.25,7290.75
1778006460,7290.75,7291.5,7290.5,7291
1778006520,7291.25,7292.25,7291.25,7292
1778006580,7292,7292.25,7291.5,7291.5
1778006640,7291.75,7292.25,7291.5,7291.75
1778006700,7291.75,7292.75,7291.5,7292.5
1778006760,7292.25,7293,7292.25,7292.75
1778006820,7292.5,7293.75,7292.5,7293.5
1778006880,7293.5,7293.75,7292.75,7293
1778006940,7293,7293.5,7292.75,7293
1778007000,7293.25,7293.75,7293,7293.25
1778007060,7293.5,7294,7292.5,7292.5
1778007120,7292.5,7292.5,7291.25,7291.5
1778007180,7291.5,7291.75,7290.5,7291.5
1778007240,7291.5,7292.5,7291,7292
1778007300,7292.25,7293,7291.75,7291.75
1778007360,7292,7292.75,7291.75,7292.5
1778007420,7292.5,7293,7292,7292.5
1778007480,7292.5,7293,7292.25,7292.5
1778007540,7292.75,7293,7292.25,7292.75
1778007600,7292.75,7292.75,7292.25,7292.5
1778007660,7292.5,7293.75,7292.5,7293.5
1778007720,7293.75,7294,7293.25,7293.25
1778007780,7293.5,7294.25,7293.25,7294.25
1778007840,7294.25,7294.5,7293.75,7294.25
1778007900,7294.25,7295.5,7294,7295
1778007960,7295,7296,7295,7295.5
1778008020,7295.5,7296.25,7295.25,7296
1778008080,7296,7296,7295,7295.25
1778008140,7295,7296.75,7295,7296.75
1778008200,7296.5,7298.5,7296.25,7298.25
1778008260,7298.5,7299.5,7297.25,7297.75
1778008320,7297.75,7298.25,7297.25,7298
1778008380,7298.25,7299,7297.75,7298
1778008440,7297.75,7298,7296.75,7296.75
1778008500,7296.75,7297,7294.75,7295.75
1778008560,7296,7296.75,7295.75,7296.5
1778008620,7296.75,7297.75,7296.5,7297
1778008680,7297,7298,7296.75,7297.75
1778008740,7297.75,7298.25,7297.5,7298
1778008800,7298.25,7298.25,7297.25,7297.5
1778008860,7297.5,7298,7296.5,7297.5
1778008920,7297.75,7298.75,7297.5,7298.25
1778008980,7298.5,7298.75,7298.25,7298.75
1778009040,7298.75,7299,7298,7298.75
1778009100,7298.75,7299.75,7298.75,7299.25
1778009160,7299.5,7299.75,7298,7298
1778009220,7298,7298.25,7297.25,7297.5
1778009280,7297.75,7298.25,7297,7297
1778009340,7297,7297.75,7296.5,7296.5
1778009400,7296.5,7297.25,7295.75,7297
1778009460,7297,7298,7297,7298
1778009520,7297.75,7298.5,7297,7297.25
1778009580,7297,7297.25,7296.5,7296.75
1778009640,7296.75,7297,7296,7296.25
1778009700,7296.25,7296.75,7294,7294.5
1778009760,7294.5,7295.75,7294.25,7295.25
1778009820,7295.5,7296.25,7295,7295.75
1778009880,7295.75,7297.75,7295.5,7297.5
1778009940,7297.75,7297.75,7296.5,7297
1778010000,7297.25,7297.5,7296.5,7297.25
1778010060,7297,7297.25,7296,7296.25
1778010120,7296.25,7296.5,7295.25,7295.25
1778010180,7295.25,7296.5,7295.25,7296.25
1778010240,7296.25,7297.5,7296,7297
1778010300,7297,7297.25,7296.25,7297
1778010360,7297,7297.5,7295.5,7295.75
1778010420,7295.75,7296,7294.75,7296
1778010480,7296,7296.25,7294.75,7294.75
1778010540,7294.75,7295,7294,7294
1778010600,7294,7294,7288,7289
1778010660,7288.75,7289,7286,7287.75
1778010720,7287.5,7288.75,7286.75,7287.25
1778010780,7287.25,7288,7286.5,7287.25
1778010840,7287.25,7287.5,7285,7286.75
1778010900,7286.75,7287,7283,7284.5
1778010960,7284.5,7285,7282.5,7284
1778011020,7283.75,7286,7283,7285.75
1778011080,7285.75,7287.5,7285,7287.25
1778011140,7287.5,7288.25,7286.25,7287
1778011200,7286.75,7288.5,7286,7287.5
1778011260,7287.25,7288.75,7287,7288.5
1778011320,7288.5,7289.5,7288.25,7289.25
1778011380,7289.25,7289.25,7287.75,7288.5
1778011440,7288.5,7289.25,7288.5,7289
1778011500,7289.25,7290.25,7288.75,7288.75
1778011560,7288.5,7288.75,7287.75,7287.75
1778011620,7288,7288.5,7287.75,7287.75
1778011680,7287.75,7288.5,7287.25,7288.25
1778011740,7288,7288.5,7287.75,7288.25
1778011800,7288.25,7289,7288,7288.5
1778011860,7288.75,7289.5,7288.5,7289.5
1778011920,7289.25,7289.75,7289,7289.5
1778011980,7289.75,7290.75,7289.5,7290.5
1778012040,7290.5,7290.75,7289.5,7290.25
1778012100,7290.25,7291,7284.75,7288.5
1778012160,7288.5,7288.5,7286.75,7288.25
1778012220,7288.5,7291.25,7288.25,7291
1778012280,7291,7293,7291,7292
1778012340,7292,7295.25,7291.75,7293.75
1778012400,7293.5,7294.5,7292.5,7294.25
1778012460,7294.25,7294.25,7292.75,7293.5
1778012520,7293.25,7294.25,7293,7293
1778012580,7293,7296.5,7293,7295.75
1778012640,7295.75,7298.25,7295.75,7297.75
1778012700,7297.5,7302,7297.25,7301
1778012760,7301,7303,7300.25,7301.25
1778012820,7301.25,7304,7300.5,7302.75
1778012880,7302.75,7304.25,7302.5,7303.5
1778012940,7303.5,7303.75,7302,7302
1778013000,7302,7302,7298.75,7299.25
1778013060,7299.25,7300,7299,7300
1778013120,7300.25,7300.25,7297.5,7299.25
1778013180,7299.5,7300.75,7299.25,7300.5
1778013240,7300.25,7300.75,7299,7299.25
1778013300,7299,7299,7298,7298.25
1778013360,7298.25,7299.5,7298,7299.25
1778013420,7299.5,7300.5,7299.25,7299.5
1778013480,7299.25,7299.75,7298.75,7298.75
1778013540,7298.75,7298.75,7297.5,7297.5
1778013600,7297.75,7297.75,7295.75,7296
1778013660,7296,7296.5,7295.5,7295.5
1778013720,7295.75,7297.25,7295.75,7297
1778013780,7297.25,7297.25,7296,7296
1778013840,7296.25,7296.5,7295.5,7295.5
1778013900,7295.5,7295.5,7294.5,7294.75
1778013960,7294.75,7295.25,7293.75,7294
1778014020,7294,7294,7293.5,7293.5
1778014080,7293.5,7294,7293,7293.75
1778014140,7294,7294,7293,7293
1778014200,7293,7293.5,7292.75,7293
1778014260,7293.25,7294.25,7293,7294.25
1778014320,7294.5,7294.75,7293.5,7293.5
1778014380,7293.5,7294.5,7293.5,7294
1778014440,7294.25,7294.75,7293.75,7294
1778014500,7293.75,7295.5,7293.5,7295.5
1778014560,7295.25,7295.25,7294.5,7295
1778014620,7294.75,7297.5,7294.25,7296.25
1778014680,7296.5,7296.5,7294.75,7295.75
1778014740,7295.75,7296.25,7295.5,7295.5
1778018400,7300.5,7301.25,7294.5,7295
1778018460,7295.5,7297,7294.75,7296.75
1778018520,7296.75,7297,7295.75,7296.25
1778018580,7295.75,7297,7295.75,7296.5
1778018640,7296.5,7296.5,7295.5,7296.25
1778018700,7296.5,7297,7295.75,7296.75
1778018760,7296.75,7298,7296,7296.75
1778018820,7297,7297,7296,7296.75
1778018880,7296.75,7296.75,7295.75,7296.75
1778018940,7296.75,7297.5,7296,7296.5
1778019000,7296.75,7296.75,7295.75,7296.5
1778019060,7296.25,7296.25,7295.25,7295.25
1778019120,7295.5,7295.5,7295,7295
1778019180,7295.5,7295.5,7294,7295
1778019240,7295,7295.25,7294.5,7294.75
1778019300,7295,7295,7293.5,7294
1778019360,7294,7294.5,7293.75,7294.25
1778019420,7294.25,7295,7294.25,7295
1778019480,7295,7295,7294.5,7295
1778019540,7294.75,7295,7294.5,7294.75
1778019600,7294.5,7295.75,7294.5,7295.5
1778019660,7295.25,7295.5,7295,7295.25
1778019720,7295.25,7296,7295.25,7295.5
1778019780,7295.5,7296.25,7295.5,7296
1778019840,7296.25,7296.5,7295.75,7296.5
1778019900,7296.5,7296.75,7295.75,7295.75
1778019960,7295.75,7296.25,7295,7295.5
1778020020,7295.5,7296.5,7295.25,7295.75
1778020080,7295.75,7296.25,7295.25,7296.25
1778020140,7296,7296.25,7296,7296.25
1778020200,7296.5,7297.25,7296,7296.75
1778020260,7296.75,7297.5,7296.75,7297.5
1778020320,7297.5,7298,7297,7297.25
1778020380,7297.5,7297.75,7297.25,7297.5
1778020440,7297.25,7297.5,7297,7297
1778020500,7297,7297.75,7296.5,7297.25
1778020560,7297.5,7298,7297.25,7297.75
1778020620,7298,7298.75,7297.75,7298.5
1778020680,7298.25,7299.25,7298,7299.25
1778020740,7299,7299,7298.25,7298.75
1778020800,7298.75,7299.75,7298.75,7299.75
1778020860,7299.5,7300,7298.5,7298.75
1778020920,7299,7299.5,7298.75,7299.25
1778020980,7299,7299.25,7298.75,7299.25
1778021040,7299.25,7299.5,7298.75,7299
1778021100,7299,7300.25,7299,7299.5
1778021160,7299.5,7299.5,7299,7299.25
1778021220,7299,7299.25,7298.5,7298.75
1778021280,7299,7299.5,7299,7299.25
1778021340,7299.5,7300,7299,7299.75
1778021400,7299.75,7300.25,7299.25,7299.5
1778021460,7299.5,7299.75,7299.5,7299.5
1778021520,7299.5,7320,7299.5,7316.75
1778021580,7316.75,7317.75,7306.75,7308
1778021640,7308,7314,7306.25,7313.5
1778021700,7313.75,7318.5,7312.5,7318.5
1778021760,7318.25,7319,7316.25,7318.25
1778021820,7318.25,7318.25,7314.25,7315.75
1778021880,7315.75,7317.25,7314.5,7315.25
1778021940,7315,7317.75,7313.5,7316.75
1778022000,7316.75,7319,7316.25,7316.75
1778022060,7316.5,7317,7313.5,7314.75
1778022120,7314.5,7315.25,7312.25,7313
1778022180,7312.75,7314.75,7312.5,7313.75
1778022240,7313.75,7316.25,7313.25,7316
1778022300,7316,7317,7313.25,7314.25
1778022360,7314.5,7314.75,7313.25,7314.25
1778022420,7314,7315.75,7314,7315
1778022480,7315,7315.5,7313.75,7315
1778022540,7315.25,7315.75,7314.25,7315.75
1778022600,7315.75,7317.5,7315.75,7317.25
1778022660,7317,7317.5,7316.5,7316.5
1778022720,7316.5,7318.5,7316.5,7317.75
1778022780,7318,7319,7317.75,7318.25
1778022840,7318.25,7319,7318.25,7318.75
1778022900,7319,7319.25,7317,7317.75
1778022960,7317.75,7318.5,7317,7317
1778023020,7317,7317.75,7316.5,7316.75
1778023080,7317,7317.75,7317,7317.75
1778023140,7317.75,7318,7316.5,7317
1778023200,7317,7317.75,7316.75,7317.5
1778023260,7317.5,7317.5,7316.5,7317.5
1778023320,7317.5,7318.5,7317.25,7317.75
1778023380,7318.25,7318.25,7315,7315.25
1778023440,7315.25,7315.5,7314.75,7314.75
1778023500,7314.75,7315.5,7314.5,7315
1778023560,7314.75,7314.75,7313.75,7314
1778023620,7313.75,7314,7313.5,7314
1778023680,7313.75,7314.75,7313.5,7314.5
1778023740,7314.5,7315,7313.75,7313.75
1778023800,7313.75,7315,7313.75,7314.5
1778023860,7314.25,7315.25,7314.25,7315
1778023920,7315,7316.5,7314.75,7315.5
1778023980,7315.5,7316,7315.25,7315.5
1778024040,7315.5,7316,7315.5,7316
1778024100,7315.75,7316.5,7315.5,7315.75
1778024160,7315.75,7316.5,7315.75,7316.25
1778024220,7316.25,7316.25,7315.75,7315.75
1778024280,7315.75,7316.25,7315.75,7316
1778024340,7316,7316.25,7314.25,7315
1778024400,7315,7315,7314.25,7314.5
1778024460,7314.75,7315.5,7314.5,7315.5
1778024520,7315.25,7316,7315,7315.75
1778024580,7315.5,7315.75,7315.25,7315.75
1778024640,7315.5,7315.5,7313.75,7313.75
1778024700,7314,7315,7313.75,7315
1778024760,7315,7315.25,7314.25,7314.5
1778024820,7314.5,7315.5,7314.5,7315.5
1778024880,7315.5,7315.5,7314.5,7314.75
1778024940,7314.75,7315.5,7314.75,7315
1778025000,7315,7315,7314.5,7314.75
1778025060,7314.75,7315.5,7314.5,7315
1778025120,7314.75,7314.75,7313.75,7314.75
1778025180,7314.5,7314.75,7314.25,7314.5
1778025240,7314.25,7314.5,7314.25,7314.5
1778025300,7314.5,7314.75,7313.5,7314.25
1778025360,7314.25,7315,7314.25,7314.75
1778025420,7314.75,7315.25,7314,7314
1778025480,7314.25,7314.75,7314,7314.75
1778025540,7314.5,7314.5,7314.25,7314.25
1778025600,7314.25,7314.75,7311.75,7313.5
1778025660,7313.25,7315.25,7313.25,7314
1778025720,7314,7316,7313.75,7315.25
1778025780,7315.25,7315.5,7312.75,7313
1778025840,7312.75,7313.75,7312.25,7312.75
1778025900,7313,7313.5,7310.5,7310.5
1778025960,7310.25,7310.5,7308,7308
1778026020,7308,7309.25,7307.75,7308.75
1778026080,7308.75,7310.75,7308.75,7310.25
1778026140,7310.25,7311.5,7309.75,7310.5
1778026200,7310.75,7311.75,7309.5,7311.25
1778026260,7311,7311.75,7310.5,7311
1778026320,7311,7311.25,7309.5,7309.5
1778026380,7309.75,7310.25,7308.75,7309
1778026440,7309,7309.5,7308.25,7308.5
1778026500,7308.5,7308.5,7305.5,7306
1778026560,7306.25,7306.75,7304.25,7305.25
1778026620,7305.25,7306.5,7304.75,7305.5
1778026680,7305.5,7307.75,7304.75,7307
1778026740,7307,7307.25,7306,7306.75
1778026800,7307,7307.75,7305.5,7307.25
1778026860,7307,7307.25,7303.5,7303.5
1778026920,7303.75,7304.75,7303.25,7304.75
1778026980,7304.5,7306.25,7304.25,7305.25
1778027040,7305.25,7305.75,7305,7305.75
1778027100,7305.75,7306.25,7304.5,7305
1778027160,7305.25,7306,7303.5,7304
1778027220,7303.75,7304,7302,7302.25
1778027280,7302.5,7302.5,7301.25,7301.25
1778027340,7301.25,7302.5,7301,7301.5
1778027400,7301.25,7302.25,7300.75,7302
1778027460,7301.75,7303.5,7301.5,7303.5
1778027520,7303.25,7304.5,7303.25,7303.75
1778027580,7303.75,7304.5,7302.25,7303
1778027640,7303,7304,7303,7303.25
1778027700,7303.25,7303.5,7302.75,7303.5
1778027760,7303.5,7303.75,7302.25,7302.5
1778027820,7302.5,7303.5,7302.25,7303.5
1778027880,7303.5,7303.5,7302.25,7303.25
1778027940,7303.25,7303.75,7302.75,7303.25
1778028000,7303.25,7304,7303,7303.5
1778028060,7303.5,7304.75,7303.5,7304.5
1778028120,7304.5,7305,7303.5,7303.75
1778028180,7304,7304.25,7303.25,7304
1778028240,7304,7304,7302.25,7302.75
1778028300,7302.75,7303.25,7302.25,7302.75
1778028360,7302.5,7303,7302.25,7302.5
1778028420,7302.5,7302.5,7301.5,7302.25
1778028480,7302.5,7302.5,7301.5,7301.5
1778028540,7301.5,7301.75,7299.25,7300.5
1778028600,7300.75,7302.5,7300.75,7302.5
1778028660,7302.5,7303.5,7302.5,7303.25
1778028720,7303,7303,7302,7302.25
1778028780,7302.25,7302.75,7302,7302.5
1778028840,7302.5,7303.75,7302.5,7303.5
1778028900,7303.25,7303.75,7303,7303.75
1778028960,7304,7304,7303.5,7303.75
1778029020,7304,7304,7302.75,7303.25
1778029080,7303.25,7303.5,7302.5,7302.75
1778029140,7303,7303.75,7303,7303.5
1778029200,7303.25,7306,7303.25,7304.5
1778029260,7304.25,7305.5,7302.75,7304.75
1778029320,7304.75,7306.25,7304.75,7305.75
1778029380,7305.75,7306.5,7305.75,7306
1778029440,7305.75,7307.25,7305.75,7306.25
1778029500,7306.25,7307.5,7306.25,7307
1778029560,7307,7307.25,7306.75,7306.75
1778029620,7306.5,7306.75,7306,7306.5
1778029680,7306.25,7307,7306.25,7307
1778029740,7306.75,7307.25,7306.75,7307
1778029800,7307.25,7307.5,7306,7306
1778029860,7306.25,7307,7306.25,7306.75
1778029920,7306.75,7307.5,7306.5,7306.75
1778029980,7306.5,7307,7305.75,7306.75
1778030040,7306.75,7307,7306.25,7306.5
1778030100,7306.75,7306.75,7305,7305.75
1778030160,7305.75,7306.5,7305.75,7306.25
1778030220,7306.25,7307,7306.25,7307
1778030280,7307,7308.25,7306.5,7307.25
1778030340,7307.25,7308,7307.25,7307.5
1778030400,7307.5,7307.75,7307.25,7307.75
1778030460,7307.75,7308.5,7307.75,7308
1778030520,7307.75,7307.75,7306.75,7307
1778030580,7307.25,7307.75,7307,7307.75
1778030640,7307.75,7308.25,7307.75,7308
1778030700,7308,7308.25,7307.25,7307.25
1778030760,7307.25,7307.25,7306,7306.25
1778030820,7306.25,7306.5,7305.5,7305.75
1778030880,7306,7306.25,7305.25,7305.25
1778030940,7305.5,7306.25,7304.75,7305.5
1778031000,7305.5,7305.5,7303.75,7304.25
1778031060,7304.5,7307.25,7304.5,7306.75
1778031120,7306.5,7306.75,7305.75,7305.75
1778031180,7305.75,7306.25,7305,7305.75
1778031240,7306,7306,7305.25,7305.5
1778031300,7305.75,7306,7305,7305.25
1778031360,7305,7306.25,7304.75,7306
1778031420,7305.75,7305.75,7305,7305
1778031480,7305,7306,7304.5,7305.75
1778031540,7306,7306,7305.5,7305.75
1778031600,7305.75,7307.5,7305.75,7307.5
1778031660,7307.25,7307.75,7307.25,7307.5
1778031720,7307.25,7307.25,7306,7307.25
1778031780,7307.25,7307.75,7307,7307.75
1778031840,7307.5,7308.25,7307.5,7308
1778031900,7308,7309,7308,7308.5
1778031960,7308.5,7309.25,7308,7308.5
1778032020,7308.5,7310.25,7308.5,7309.75
1778032080,7309.75,7310,7309,7309.25
1778032140,7309.25,7309.75,7308.5,7308.75
1778032200,7308.75,7308.75,7308.25,7308.75
1778032260,7308.5,7309.25,7307.75,7308.75
1778032320,7308.75,7309,7308.25,7308.5
1778032380,7308.5,7308.75,7308.25,7308.5
1778032440,7308.25,7308.25,7306.75,7307
1778032500,7307,7307,7305.5,7305.5
1778032560,7305.5,7306.75,7305.5,7306.25
1778032620,7306.25,7307.25,7306,7307
1778032680,7307,7307.25,7306.75,7307.25
1778032740,7307,7308,7306.75,7307.75
1778032800,7307.75,7308.25,7307.5,7307.5
1778032860,7307.75,7307.75,7306.75,7306.75
1778032920,7307,7308,7307,7307.75
1778032980,7307.5,7307.75,7306.25,7306.5
1778033040,7306.5,7307.25,7306,7306
1778033100,7305.75,7306.5,7305,7305.25
1778033160,7305,7305.5,7304,7304.75
1778033220,7304.25,7305,7304.25,7304.75
1778033280,7304.5,7305.5,7304.5,7305.5
1778033340,7305.5,7307,7305.25,7306.75
1778033400,7306.75,7307,7306.25,7306.5
1778033460,7306.5,7307.25,7306,7307.25
1778033520,7307,7307,7306.25,7306.5
1778033580,7306.75,7307.25,7306.5,7306.75
1778033640,7306.75,7306.75,7306,7306.5
1778033700,7306.5,7307.25,7306.25,7307.25
1778033760,7307.25,7308,7307,7307
1778033820,7307.25,7307.5,7306.75,7307.25
1778033880,7307.5,7307.75,7307.25,7307.5
1778033940,7307.25,7307.5,7307,7307.25
1778034000,7307,7307.5,7306.75,7307.5
1778034060,7307.25,7307.25,7306,7306.5
1778034120,7306.25,7307,7306.25,7306.75
1778034180,7307,7308.25,7306.75,7307.25
1778034240,7307.25,7307.25,7306.75,7307
1778034300,7306.75,7307,7306.25,7306.75
1778034360,7307,7307,7305.5,7305.5
1778034420,7305.25,7305.5,7304.75,7305
1778034480,7305,7305,7303.75,7304.5
1778034540,7304.75,7305,7304,7304.25
1778034600,7304,7304.5,7304,7304.25
1778034660,7304.25,7305.5,7304.25,7305
1778034720,7304.75,7305.25,7304.75,7304.75
1778034780,7304.5,7305.5,7304.5,7305
1778034840,7305,7305.5,7304.75,7305.5
1778034900,7305.25,7305.5,7304.5,7304.75
1778034960,7305,7305.25,7304.5,7305
1778035020,7304.75,7305.5,7304.75,7305.5
1778035080,7305.5,7305.5,7305.25,7305.25
1778035140,7305,7305.25,7302.5,7303
1778035200,7303,7303.5,7302.75,7303.25
1778035260,7303.25,7303.5,7302.5,7302.75
1778035320,7302.75,7303.25,7302.5,7302.75
1778035380,7302.75,7303,7302.75,7302.75
1778035440,7303,7303.75,7302.75,7303.75
1778035500,7303.5,7304,7303.25,7303.75
1778035560,7303.75,7304.5,7303.75,7304.25
1778035620,7304.5,7304.75,7304,7304.75
1778035680,7304.5,7304.5,7304,7304.5
1778035740,7304.25,7304.5,7304,7304.5
1778035800,7304.25,7304.5,7304,7304.25
1778035860,7304.25,7304.75,7304,7304.5
1778035920,7304.5,7304.75,7304.25,7304.5
1778035980,7304.25,7304.5,7304,7304
1778036040,7303.75,7304,7303.75,7304
1778036100,7304,7304.75,7304,7304.75
1778036160,7304.75,7305.25,7304.5,7305.25
1778036220,7305,7305.25,7304.5,7304.5
1778036280,7304.5,7305,7304.5,7305
1778036340,7304.75,7304.75,7303.75,7304.25
1778036400,7304.25,7305.5,7304.25,7305
1778036460,7305.25,7305.25,7304.75,7305
1778036520,7304.75,7305.5,7304.25,7304.75
1778036580,7305,7305.25,7304.5,7304.5
1778036640,7304.5,7304.75,7303.75,7304.25
1778036700,7304,7304.5,7304,7304.5
1778036760,7304.25,7304.5,7304.25,7304.25
1778036820,7304.5,7304.5,7304,7304
1778036880,7304,7304.5,7303.5,7304
1778036940,7303.75,7304,7303.25,7303.75
1778037000,7304,7304.5,7303.75,7304.25
1778037060,7304.25,7304.25,7304,7304
1778037120,7304,7305.25,7304,7305.25
1778037180,7305,7305.75,7305,7305.75
1778037240,7305.75,7307.25,7305.75,7306.5
1778037300,7306.5,7307,7306.25,7307
1778037360,7307,7307.25,7306,7306.25
1778037420,7306.25,7306.5,7306,7306.25
1778037480,7306.25,7307,7306.25,7306.5
1778037540,7306.5,7306.75,7305.75,7305.75
1778037600,7306,7306.5,7306,7306.25
1778037660,7306.25,7306.25,7305.75,7306
1778037720,7305.75,7306,7305.25,7305.25
1778037780,7305.25,7306,7305.25,7305.75
1778037840,7305.75,7306.5,7305.75,7306.5
1778037900,7306.5,7307.75,7306.5,7307.5
1778037960,7307.5,7307.75,7307.25,7307.75
1778038020,7307.5,7308,7307.5,7307.75
1778038080,7308,7308.25,7307.75,7308
1778038140,7308.25,7308.5,7308,7308
1778038200,7308.25,7309,7308,7308.75
1778038260,7309,7309.5,7308.75,7309.5
1778038320,7309.25,7309.5,7308.5,7308.75
1778038380,7308.75,7308.75,7308.25,7308.5
1778038440,7308.75,7308.75,7308.5,7308.75
1778038500,7308.75,7309.75,7308.75,7309.5
1778038560,7309.75,7310.25,7309.25,7309.75
1778038620,7310,7311,7309.5,7311
1778038680,7310.75,7311,7310,7310
1778038740,7310,7310.75,7310,7310.5
1778038800,7310.5,7310.75,7309.75,7309.75
1778038860,7309.75,7310,7309.25,7309.25
1778038920,7309.5,7309.5,7308.75,7309
1778038980,7309,7309.5,7309,7309.5
1778039040,7309.5,7309.5,7309,7309
1778039100,7309,7309.25,7308.75,7309
1778039160,7308.75,7308.75,7308,7308.5
1778039220,7308.5,7308.5,7307.5,7307.75
1778039280,7307.75,7308,7307.5,7308
1778039340,7307.75,7308,7306.75,7307
1778039400,7307,7307.5,7306.75,7307
1778039460,7307.25,7307.75,7307,7307.5
1778039520,7307.5,7308,7307.5,7307.75
1778039580,7307.5,7308.5,7307.5,7308.5
1778039640,7308.5,7308.75,7307.25,7307.5
1778039700,7307.5,7308.25,7307.5,7308.25
1778039760,7308.25,7308.25,7307.5,7307.5
1778039820,7307.75,7308.25,7307.5,7308.25
1778039880,7308,7308.25,7307.75,7307.75
1778039940,7308,7308,7307.75,7307.75
1778040000,7308,7308.25,7307.75,7307.75
1778040060,7307.5,7307.75,7307.25,7307.5
1778040120,7307.5,7308.25,7307.5,7308.25
1778040180,7308.25,7308.25,7308,7308
1778040240,7308,7308,7307.75,7307.75
1778040300,7307.5,7308,7307.25,7307.75
1778040360,7307.5,7308.5,7307.5,7308.25
1778040420,7308.25,7308.25,7308,7308.25
1778040480,7308.25,7308.75,7308,7308
1778040540,7308,7308.5,7308,7308.25
1778040600,7308,7308.5,7307.75,7308
1778040660,7308,7308,7307,7307
1778040720,7306.75,7307.5,7306.75,7307
1778040780,7307,7307.25,7306.75,7307.25
1778040840,7307.25,7308,7307,7308
1778040900,7308,7308.5,7308,7308
1778040960,7307.75,7308,7307.75,7308
1778041020,7307.75,7308,7307.75,7308
1778041080,7308,7308,7307.75,7307.75
1778041140,7307.75,7308.25,7307.75,7308
1778041200,7308,7308,7307.5,7308
1778041260,7308,7308.75,7308,7308.25
1778041320,7308.25,7308.5,7308.25,7308.25
1778041380,7308.25,7308.25,7308,7308
1778041440,7308,7308.25,7307.75,7308.25
1778041500,7308.25,7308.5,7307.5,7307.75
1778041560,7307.75,7308,7307.5,7307.75
1778041620,7308,7310,7308,7309.75
1778041680,7309.5,7309.5,7308.75,7309.25
1778041740,7309.25,7309.5,7309,7309
1778041800,7309.25,7309.5,7309,7309.5
1778041860,7309.25,7309.75,7309.25,7309.75
1778041920,7309.75,7310,7309.25,7309.25
1778041980,7309.5,7310,7309.25,7309.5
1778042040,7309.5,7309.5,7308,7308.25
1778042100,7308.5,7309,7307.75,7308
1778042160,7308,7308.5,7307,7308.25
1778042220,7308.25,7308.5,7307.75,7308.5
1778042280,7308.5,7308.75,7307,7308
1778042340,7308,7308.5,7307.75,7308
1778042400,7308,7308.25,7307.75,7308
1778042460,7307.75,7307.75,7306.5,7306.75
1778042520,7306.75,7307.75,7306.5,7307.5
1778042580,7307.5,7307.75,7307,7307.5
1778042640,7307.75,7308.25,7307.75,7308
1778042700,7308.25,7308.5,7308,7308.5
1778042760,7308.5,7309.25,7308,7309
1778042820,7309.25,7310,7309.25,7309.75
1778042880,7309.5,7310,7309.5,7309.5
1778042940,7309.5,7309.75,7309,7309.5
1778043000,7309.5,7310.25,7309.25,7310
1778043060,7309.75,7310.25,7309,7309.5
1778043120,7309.25,7309.5,7308.75,7309
1778043180,7309,7309.75,7309,7309.75
1778043240,7310,7310,7309.25,7309.25
1778043300,7309.25,7309.75,7309,7309.5
1778043360,7309.75,7309.75,7309.25,7309.5
1778043420,7309.75,7310.25,7309.25,7309.75
1778043480,7309.5,7310,7309.25,7309.25
1778043540,7309.25,7309.5,7308.75,7308.75
1778043600,7308.5,7308.75,7308.25,7308.75
1778043660,7308.75,7308.75,7307.5,7307.5
1778043720,7307.5,7308.25,7307.25,7308
1778043780,7307.5,7308.5,7307.5,7308.5
1778043840,7308.5,7309,7308,7308.75
1778043900,7308.75,7309.5,7308.5,7309.25
1778043960,7309.25,7309.5,7308.75,7308.75
1778044020,7308.5,7309.25,7308.5,7309.25
1778044080,7309.5,7310,7309.25,7310
1778044140,7309.75,7310,7309.5,7309.75
1778044200,7309.75,7309.75,7309,7309
1778044260,7309,7309.5,7308.75,7309.25
1778044320,7309.25,7309.75,7309.25,7309.75
1778044380,7309.75,7310.5,7309.5,7310.25
1778044440,7310.25,7310.25,7309.25,7309.25
1778044500,7309,7309.25,7307.25,7307.75
1778044560,7307.75,7308,7307,7307.25
1778044620,7307.5,7308.25,7307.5,7307.75
1778044680,7307.75,7307.75,7307,7307.75
1778044740,7307.75,7308,7307.75,7308
1778044800,7308.25,7308.5,7308,7308.25
1778044860,7308.25,7308.5,7308,7308
1778044920,7308,7308.25,7307.25,7307.5
1778044980,7307.25,7307.75,7307,7307.5
1778045040,7307.5,7308.25,7307.25,7308.25
1778045100,7308.25,7309,7308.25,7309
1778045160,7309,7309.5,7308.75,7309
1778045220,7309.25,7309.75,7309,7309.75
1778045280,7309.75,7310,7309.5,7309.75
1778045340,7309.5,7309.5,7308.75,7309
1778045400,7309.25,7309.25,7308.5,7309.25
1778045460,7309,7309,7307.75,7308.25
1778045520,7308.25,7308.5,7308,7308
1778045580,7308.25,7309,7308.25,7308.75
1778045640,7308.75,7309.5,7308.75,7308.75
1778045700,7308.75,7308.75,7308,7308.5
1778045760,7308.5,7308.5,7307.25,7308
1778045820,7308,7308.25,7307.75,7308
1778045880,7308,7308,7307.25,7307.5
1778045940,7307.5,7308,7307.25,7308
1778046000,7307.75,7307.75,7307.5,7307.75
1778046060,7307.75,7308,7307.5,7308
1778046120,7308,7308,7307.25,7307.75
1778046180,7308,7308.25,7308,7308.25
1778046240,7308.5,7309,7308.25,7308.5
1778046300,7308.75,7309.25,7308.75,7309.25
1778046360,7309.25,7309.5,7309,7309.25
1778046420,7309.25,7309.5,7309.25,7309.5
1778046480,7309.5,7310,7309.25,7309.75
1778046540,7309.75,7310.25,7309.5,7309.75
1778046600,7309.75,7310.5,7309.75,7310.5
1778046660,7310.25,7310.25,7309.75,7310
1778046720,7310,7310.25,7309.75,7310
1778046780,7310,7310.25,7309.75,7310
1778046840,7310,7310.25,7310,7310
1778046900,7309.75,7310.75,7309.75,7310.75
1778046960,7310.5,7312.5,7310.5,7311.5
1778047020,7311.5,7312,7311,7312
1778047080,7311.75,7312.25,7311.5,7312
1778047140,7312.25,7312.75,7311.5,7311.5
1778047200,7311.5,7314.75,7311.25,7314.75
1778047260,7314.75,7314.75,7313.5,7313.5
1778047320,7313.5,7314.5,7313,7313.25
1778047380,7313.25,7314.25,7313,7313
1778047440,7313,7313.75,7313,7313
1778047500,7313.25,7313.25,7311.75,7311.75
1778047560,7311.75,7312,7311,7311.25
1778047620,7311.5,7311.5,7310,7310.25
1778047680,7310.5,7311,7310.25,7310.25
1778047740,7310.25,7311,7310.25,7310.5
1778047800,7310.5,7310.75,7309.5,7309.5
1778047860,7309.75,7311,7309.75,7310.25
1778047920,7310,7310.25,7309.25,7309.5
1778047980,7309.5,7310.5,7309.5,7310.25
1778048040,7310.25,7310.75,7310.25,7310.25
1778048100,7310.25,7310.75,7310,7310.25
1778048160,7310.25,7310.25,7309.5,7309.75
1778048220,7309.75,7309.75,7309.25,7309.5
1778048280,7309.25,7309.75,7309.25,7309.5
1778048340,7309.5,7309.75,7308.75,7309
1778048400,7308.75,7309.5,7308.5,7309.25
1778048460,7309.25,7309.25,7308.25,7308.75
1778048520,7308.75,7309.25,7308.75,7309
1778048580,7309,7310,7309,7310
1778048640,7310.25,7311.25,7310.25,7311
1778048700,7311,7311,7310.25,7310.25
1778048760,7310,7310.75,7310,7310.5
1778048820,7310.5,7310.5,7309.5,7309.75
1778048880,7309.75,7310.75,7309.75,7310.75
1778048940,7310.5,7310.75,7309.25,7309.25
1778049000,7309.5,7310,7308.75,7309.5
1778049060,7309.5,7309.5,7308.5,7309
1778049120,7309,7309.25,7307.25,7307.5
1778049180,7307.5,7308,7307.25,7307.5
1778049240,7307.25,7308.75,7307.25,7308.5
1778049300,7308.5,7308.75,7308.25,7308.75
1778049360,7308.75,7309.25,7308.5,7308.75
1778049420,7308.5,7309.5,7308.5,7309
1778049480,7309.25,7309.5,7309,7309.5
1778049540,7309.75,7310.75,7309.75,7310.75
1778049600,7310.75,7311,7310.25,7310.5
1778049660,7310.75,7311,7309.25,7309.75
1778049720,7309.5,7309.5,7303.75,7307.5
1778049780,7307.75,7309,7307.5,7308.75
1778049840,7308.75,7310,7308.5,7308.5
1778049900,7308.5,7309,7308,7308.5
1778049960,7308.5,7309.5,7308.25,7308.5
1778050020,7308.5,7308.5,7307.5,7307.75
1778050080,7308,7308.25,7307.75,7308.25
1778050140,7308.25,7308.25,7307.5,7307.75
1778050200,7307.5,7307.5,7306,7306.25
1778050260,7306.5,7308,7306,7307.5
1778050320,7307.5,7307.75,7307.25,7307.5
1778050380,7307.5,7307.75,7307.25,7307.75
1778050440,7308,7308,7307.25,7307.5
1778050500,7307.5,7307.75,7307.25,7307.75
1778050560,7307.5,7308.25,7307.5,7308.25
1778050620,7308,7308.5,7308,7308.25
1778050680,7308.5,7309.5,7308.25,7309.25
1778050740,7309,7309.75,7309,7309.75
1778050800,7309.75,7310.25,7307.5,7307.75
1778050860,7307.75,7309.5,7307.5,7309.5
1778050920,7309.5,7309.5,7307.25,7307.5
1778050980,7307.75,7309.25,7307.75,7309.25
1778051040,7309.5,7311,7309.5,7310.25
1778051100,7310.25,7311.5,7309.75,7310.75
1778051160,7310.5,7311.5,7309.5,7310
1778051220,7310,7310.75,7309,7310.5
1778051280,7310.5,7311,7310,7310.75
1778051340,7310.75,7311.25,7310,7310
1778051400,7310,7310.25,7308.75,7309.25
1778051460,7309.25,7309.5,7308.5,7308.5
1778051520,7308.75,7308.75,7307.5,7307.5
1778051580,7307.25,7308.25,7307,7308
1778051640,7307.75,7308.5,7306.75,7307.5
1778051700,7307.25,7308.25,7307.25,7307.5
1778051760,7307.75,7308.75,7307.75,7308
1778051820,7308,7308.5,7307.75,7308
1778051880,7308,7309,7307.75,7308
1778051940,7308.25,7309,7307.5,7308.25
1778052000,7308.25,7308.25,7307,7307
1778052060,7307.25,7308.75,7307.25,7308.25
1778052120,7308,7309.25,7308,7309.25
1778052180,7309.25,7309.25,7308.75,7309
1778052240,7309,7309.75,7308.5,7308.75
1778052300,7308.75,7309.25,7308.25,7308.75
1778052360,7309,7309.5,7308.5,7308.75
1778052420,7308.5,7309,7308.5,7309
1778052480,7308.75,7309,7307.25,7307.75
1778052540,7308,7309,7308,7308.75
1778052600,7308.75,7309,7307.5,7307.5
1778052660,7307.5,7308,7306.5,7306.5
1778052720,7306.75,7308.25,7306.75,7308
1778052780,7307.75,7307.75,7307.25,7307.5
1778052840,7307.5,7309,7307.25,7308.75
1778052900,7308.75,7309,7308.5,7308.5
1778052960,7308.5,7309.25,7308.25,7308.25
1778053020,7308.5,7308.75,7308.25,7308.25
1778053080,7308.25,7308.25,7307.75,7308
1778053140,7308,7308.75,7307.75,7307.75
1778053200,7307.75,7307.75,7307.25,7307.75
1778053260,7307.5,7308.5,7307.5,7308.25
1778053320,7308,7308.5,7307.75,7308
1778053380,7308,7308.25,7307.5,7307.75
1778053440,7307.75,7308.75,7307.5,7308.75
1778053500,7308.75,7309.75,7308,7308.75
1778053560,7308.75,7311.75,7308.75,7309.75
1778053620,7309.5,7310,7309,7310
1778053680,7310,7310.25,7309,7310.25
1778053740,7310,7310.25,7309,7310.25
1778053800,7310.25,7310.25,7308.5,7309.25
1778053860,7309.5,7310.5,7309.5,7309.75
1778053920,7309.75,7310.75,7309.5,7310
1778053980,7310,7310,7308.75,7308.75
1778054040,7308.5,7309.25,7308.5,7309.25
1778054100,7309.25,7309.5,7308.25,7308.5
1778054160,7308.5,7309.25,7308.5,7308.5
1778054220,7308.5,7310,7308.5,7310
1778054280,7310,7310.5,7309.5,7310.25
1778054340,7310,7310.75,7309.75,7310.75
1778054400,7311,7312.25,7310.25,7310.5
1778054460,7310.5,7310.5,7308.25,7309.5
1778054520,7309.75,7310.5,7309.75,7310
1778054580,7309.75,7310.25,7308.25,7308.25
1778054640,7308.5,7309.25,7308,7308.5
1778054700,7308.75,7309.5,7308,7308.75
1778054760,7308.75,7310.5,7308.75,7309.5
1778054820,7309.5,7310.75,7309.25,7310.25
1778054880,7310.25,7311,7310,7310.5
1778054940,7310.5,7311,7309,7309.25
1778055000,7309.25,7311.5,7309,7310
1778055060,7310.25,7310.5,7308.5,7309.25
1778055120,7309.25,7309.25,7308,7308.5
1778055180,7308.25,7309.5,7307.75,7309.25
1778055240,7309,7309.5,7308.75,7308.75
1778055300,7308.5,7308.75,7307.25,7307.25
1778055360,7307.5,7308.5,7307.25,7307.75
1778055420,7308,7308.75,7307.75,7308.75
1778055480,7308.75,7308.75,7307.25,7307.5
1778055540,7307.5,7307.75,7307,7307
1778055600,7306.75,7306.75,7305.5,7306
1778055660,7306,7306.75,7305.75,7306
1778055720,7306.25,7306.5,7305.5,7305.75
1778055780,7305.75,7306.25,7305.5,7306.25
1778055840,7306.25,7307,7306.25,7307
1778055900,7307,7307.5,7306,7306
1778055960,7306,7307.5,7306,7307
1778056020,7307,7307.25,7306.75,7307.25
1778056080,7307.25,7307.5,7306.5,7307.25
1778056140,7307.25,7307.75,7306.75,7306.75
1778056200,7307,7307.5,7306.75,7307.5
1778056260,7307.5,7307.75,7307,7307.75
1778056320,7307.5,7307.5,7306.25,7307
1778056380,7307,7308.5,7307,7308.25
1778056440,7308.25,7308.75,7307.75,7308.25
1778056500,7308.25,7309.5,7308.25,7309
1778056560,7309.25,7309.5,7308.5,7309.5
1778056620,7309.75,7310,7309.5,7309.5
1778056680,7309.5,7309.75,7309,7309.25
1778056740,7309,7309.25,7309,7309
1778056800,7309,7309.5,7308.75,7309.25
1778056860,7309.25,7310.25,7309.25,7310
1778056920,7310.25,7310.5,7310,7310.25
1778056980,7310,7310.75,7310,7310.25
1778057040,7310,7310,7309.25,7309.75
1778057100,7310,7311,7309.75,7310.75
1778057160,7311,7312.5,7311,7311.5
1778057220,7311.75,7311.75,7310.5,7311.25
1778057280,7311,7311.25,7310.75,7311.25
1778057340,7311.25,7311.75,7311.25,7311.5
1778057400,7311.25,7329,7311.25,7325.25
1778057460,7325,7329,7322,7323
1778057520,7322.5,7332,7322.25,7330.25
1778057580,7330.5,7333.25,7328.5,7329.5
1778057640,7329.5,7336.25,7329.5,7333.5
1778057700,7333.5,7342.75,7333,7340.75
1778057760,7340.5,7343.25,7337.25,7338
1778057820,7338,7341.25,7335.5,7335.5
1778057880,7335.75,7338,7335,7336.25
1778057940,7336.25,7337.5,7335,7335.25
1778058000,7335.25,7339.75,7334.5,7335.25
1778058060,7335.25,7335.5,7332.25,7332.5
1778058120,7332.5,7332.5,7329,7329.75
1778058180,7329.75,7329.75,7325.25,7325.25
1778058240,7325.5,7327.75,7325.5,7326.25
1778058300,7326.25,7326.75,7323.25,7324
1778058360,7324,7326,7323.75,7325
1778058420,7325,7326,7324.5,7325
1778058480,7325,7326.25,7325,7325.5
1778058540,7325.5,7325.75,7323,7323.25
1778058600,7323.5,7326.5,7323,7326
1778058660,7325.75,7327,7325.5,7326
1778058720,7326,7329.25,7326,7327.75
1778058780,7328,7329.75,7327.5,7328.5
1778058840,7328.5,7330,7328.5,7329.75
1778058900,7330,7331.75,7329.5,7331.5
1778058960,7331.5,7334.25,7331.25,7333.25
1778059020,7333.25,7334.75,7333,7334.5
1778059080,7334.25,7334.75,7333.25,7333.25
1778059140,7333.5,7335,7333,7334.25
1778059200,7334.25,7336.25,7333.5,7334.25
1778059260,7334.25,7335.5,7331,7334
1778059320,7333.75,7335.25,7332.25,7333.25
1778059380,7333,7333.5,7331.5,7333.25
1778059440,7333.25,7333.5,7331.5,7332.25
1778059500,7332.25,7332.25,7330.5,7331
1778059560,7330.75,7332.25,7330.5,7332
1778059620,7332,7333,7331.25,7332.5
1778059680,7332.5,7333.75,7332.25,7333
1778059740,7333,7333.25,7332.5,7333
1778059800,7332.75,7333.25,7331.5,7332.5
1778059860,7332.5,7332.75,7331.25,7332.25
1778059920,7332.5,7338.75,7331.5,7337
1778059980,7336.75,7340.25,7336.75,7339
1778060040,7339.25,7341,7339,7339.5
1778060100,7339.75,7340.25,7337.5,7339
1778060160,7338.75,7340.25,7338,7338.75
1778060220,7339,7340.75,7338,7338
1778060280,7338,7339.5,7337.5,7338
1778060340,7338,7340,7337.75,7340
1778060400,7340,7341.5,7340,7340.5
1778060460,7340.5,7340.5,7339.5,7340.25
1778060520,7340.25,7340.25,7338.25,7338.75
1778060580,7338.5,7341.5,7338.5,7340.25
1778060640,7340.5,7341.75,7339.75,7340
1778060700,7340,7340.25,7337.75,7338.25
1778060760,7338.25,7339,7336.75,7337.25
1778060820,7337.25,7337.75,7337,7337.25
1778060880,7337.25,7338.5,7337,7338.5
1778060940,7338.75,7340,7338,7339.75
1778061000,7339.5,7340,7337,7337.25
1778061060,7337.5,7338.75,7337.5,7338.25
1778061120,7338.25,7340.75,7338,7340.5
1778061180,7340.25,7340.75,7339.5,7340.5
1778061240,7340.5,7341.75,7340,7341
1778061300,7341.25,7342.25,7341,7341.5
1778061360,7341.5,7343,7341,7342.25
1778061420,7342,7343,7342,7342.75
1778061480,7342.75,7343,7341.25,7342
1778061540,7342,7342.5,7341.75,7341.75
1778061600,7341.75,7344.75,7340.5,7343.25
1778061660,7343.25,7345.75,7343.25,7345.75
1778061720,7345.75,7347.75,7343.75,7343.75
1778061780,7344,7345.5,7343.5,7343.75
1778061840,7343.5,7345.75,7343.25,7344
1778061900,7344,7344.5,7343,7343
1778061960,7343,7344.75,7343,7344.5
1778062020,7344.5,7344.5,7342.75,7343.5
1778062080,7343.5,7344.25,7340.75,7341
1778062140,7341,7342.25,7340.75,7342.25
1778062200,7342,7343.75,7341.5,7342.75
1778062260,7343,7343.5,7342.25,7342.25
1778062320,7342.25,7342.75,7341.5,7342
1778062380,7342,7342.75,7342,7342
1778062440,7342,7343,7342,7342.25
1778062500,7342.25,7343.5,7341.75,7342.75
1778062560,7343,7345,7342.25,7345
1778062620,7345,7345.5,7344,7345
1778062680,7345,7347.25,7345,7346.75
1778062740,7347,7348.25,7346.5,7348
1778062800,7347.75,7349.5,7347.75,7348
1778062860,7348,7348.75,7347,7347
1778062920,7347,7349,7347,7348.5
1778062980,7348.5,7349,7347.25,7347.5
1778063040,7347.5,7348,7346.75,7347
1778063100,7347,7348.25,7346.5,7348.25
1778063160,7348.25,7349.5,7348,7349
1778063220,7349,7349.75,7348,7348.25
1778063280,7348.5,7348.75,7347.25,7348.5
1778063340,7348.5,7352.75,7348.5,7350.5
1778063400,7350.5,7352.75,7350.25,7351.25
1778063460,7351.25,7352.5,7351,7351
1778063520,7351,7351.25,7350,7350.25
1778063580,7350.25,7353.25,7350.25,7352.75
1778063640,7352.75,7353,7352,7352.25
1778063700,7352.25,7353.75,7352,7352.25
1778063760,7352.25,7352.75,7350.5,7351
1778063820,7351,7352,7350.5,7351.25
1778063880,7351,7351.5,7350.25,7350.75
1778063940,7350.5,7352.75,7350.5,7352.25
1778064000,7352,7354.75,7352,7354
1778064060,7354,7356,7353.75,7354.25
1778064120,7354.25,7356.5,7353.5,7355.75
1778064180,7355.75,7358,7355.25,7356.25
1778064240,7356,7358.5,7356,7357.25
1778064300,7357.25,7359.25,7357,7358.75
1778064360,7358.5,7359.5,7357.25,7357.5
1778064420,7357.25,7358.25,7356.75,7357.75
1778064480,7357.75,7359.5,7357.5,7359.25
1778064540,7359.25,7359.25,7351.25,7354.75
1778064600,7354.5,7359.75,7353.25,7358
1778064660,7358.25,7358.5,7355,7355.25
1778064720,7355.5,7358.5,7355.25,7357.25
1778064780,7357,7363.75,7356.75,7360
1778064840,7360.25,7363,7358.5,7360.75
1778064900,7361,7362.5,7360.5,7360.75
1778064960,7361,7362.5,7356.75,7357.75
1778065020,7357.75,7361.25,7357.25,7360
1778065080,7360.25,7360.25,7358.75,7359
1778065140,7359.25,7359.5,7357.75,7358
1778065200,7357.75,7361.75,7355.5,7360.25
1778065260,7360.25,7364.5,7359,7362.5
1778065320,7362.75,7363.25,7359.25,7360.5
1778065380,7360.5,7361,7359.5,7360
1778065440,7360.25,7361.5,7359.5,7360.75
1778065500,7361,7363.5,7361,7363
1778065560,7363,7364.75,7362.75,7363.25
1778065620,7363,7364.5,7361.5,7361.75
1778065680,7362,7363.5,7361.5,7363
1778065740,7363.25,7364.25,7362.75,7362.75
1778065800,7362.5,7366.25,7362.5,7364
1778065860,7364.25,7364.5,7362,7363.5
1778065920,7363.75,7364,7359,7359.75
1778065980,7359.75,7362.5,7359.75,7361.25
1778066040,7361.25,7362.25,7360.5,7362
1778066100,7361.75,7363.5,7361,7362
1778066160,7362,7363.75,7362,7362.75
1778066220,7362.5,7363.75,7361.75,7362.75
1778066280,7363,7363.75,7361,7361
1778066340,7361,7363.25,7360.5,7361
1778066400,7361,7361.25,7359.5,7360
1778066460,7360,7360,7358.5,7359.25
1778066520,7359.25,7360,7358,7359
1778066580,7358.75,7359.75,7357.25,7358
1778066640,7358.25,7359,7357.25,7358.5
1778066700,7358.75,7359.25,7358.25,7358.25
1778066760,7358.25,7358.75,7357.75,7358
1778066820,7358,7358.25,7356.75,7358
1778066880,7357.75,7358,7356,7356
1778066940,7356.25,7357.75,7356,7356.5
1778067000,7356.75,7357.5,7354.25,7354.25
1778067060,7354.5,7355.5,7354,7355.25
1778067120,7355.25,7355.5,7352.5,7353.5
1778067180,7353.75,7355.5,7353,7354.25
1778067240,7354.25,7355.75,7353.5,7355.5
1778067300,7355.5,7357.25,7355,7357.25
1778067360,7357.25,7358.25,7357,7357.75
1778067420,7357.75,7359.5,7357.5,7359.25
1778067480,7359.25,7360.75,7358.75,7358.75
1778067540,7358.75,7360.25,7358.5,7359.5
1778067600,7359.75,7360.25,7357.75,7358
1778067660,7358.25,7359.25,7351,7357.25
1778067720,7357.5,7358,7354.5,7355
1778067780,7355,7355,7351.25,7352.5
1778067840,7352.5,7352.5,7350,7350.25
1778067900,7350.5,7350.75,7347.5,7350
1778067960,7350,7350.75,7347.25,7348.25
1778068020,7348.5,7351,7346.75,7350.25
1778068080,7350,7351.5,7345,7347
1778068140,7347,7348,7346,7346.5
1778068200,7346.75,7348.5,7345.75,7347.5
1778068260,7347.5,7351,7347.25,7349.75
1778068320,7349.75,7351,7348.25,7350.5
1778068380,7350.5,7351.25,7348.5,7350.75
1778068440,7351,7352,7350.5,7350.75
1778068500,7351,7351.5,7350.25,7351.25
1778068560,7351,7351.25,7347.75,7348.5
1778068620,7348.25,7349,7346.5,7349
1778068680,7349,7350,7347,7347.25
1778068740,7347.25,7348.25,7345.75,7348
1778068800,7348.25,7348.75,7346.5,7348.25
1778068860,7348.25,7348.75,7344.25,7345
1778068920,7345,7345.75,7343.5,7345.25
1778068980,7345,7345,7340.25,7342
1778069040,7341.75,7343.25,7341,7342.5
1778069100,7342.5,7343.5,7341,7342.75
1778069160,7342.5,7343,7336.75,7339.25
1778069220,7339.25,7343,7338.75,7342
1778069280,7341.75,7343.25,7341.25,7343
1778069340,7343.25,7343.75,7340.75,7341
1778069400,7340.75,7343.25,7340.25,7342.75
1778069460,7342.75,7345.75,7342.75,7345
1778069520,7345.25,7346.25,7342.25,7342.75
1778069580,7342.75,7342.75,7338.75,7341.5
1778069640,7341.25,7344.75,7331.75,7333.5
1778069700,7333.5,7339.75,7326.5,7336.5
1778069760,7336.5,7338.75,7333.75,7336.5
1778069820,7336.5,7336.75,7332,7336.25
1778069880,7336.25,7336.5,7333.25,7333.5
1778069940,7333.5,7338.25,7330.5,7338.25
1778070000,7338,7341.5,7337,7341
1778070060,7341,7343,7340.75,7342.5
1778070120,7342.25,7345.75,7341.5,7342.75
1778070180,7343,7344.25,7341.75,7342.75
1778070240,7343,7344.75,7342.5,7343.25
1778070300,7343.25,7345,7343,7344
1778070360,7343.75,7344.75,7342.25,7344
1778070420,7344,7345.25,7342.75,7342.75
1778070480,7342.75,7343.75,7342,7342.5
1778070540,7342.5,7343.75,7341.75,7343
1778070600,7343,7343.75,7341.5,7341.75
1778070660,7341.75,7343.5,7341.25,7343.25
1778070720,7343.25,7344.25,7340.5,7341
1778070780,7341,7341.5,7339,7339.5
1778070840,7339.5,7342.25,7339,7341.75
1778070900,7341.5,7341.75,7340,7341.25
1778070960,7341.25,7343.25,7340.25,7343.25
1778071020,7343,7343.25,7339.75,7341
1778071080,7341,7341.5,7340.5,7340.75
1778071140,7340.75,7343.75,7340.75,7342.75
1778071200,7342.5,7343,7340.75,7341
1778071260,7341,7341,7339.25,7339.25
1778071320,7339.25,7342,7339.25,7341
1778071380,7341,7341.5,7339,7340
1778071440,7340.25,7340.5,7338.75,7340
1778071500,7340.25,7341.5,7339.25,7341.25
1778071560,7341,7341.75,7339,7340
1778071620,7340,7342.75,7340,7342.5
1778071680,7342.75,7342.75,7338,7338.5
1778071740,7338.5,7339.25,7337,7338.75
1778071800,7338.75,7340,7337.75,7338.5
1778071860,7338.5,7340,7338,7340
1778071920,7339.75,7340.75,7338.75,7340
1778071980,7340,7340.25,7338.25,7338.5
1778072040,7338.5,7338.75,7335.5,7335.75
1778072100,7335.5,7336.75,7334.75,7336.25
1778072160,7336.25,7337.25,7335.75,7336.25
1778072220,7336.25,7338,7336.25,7337.25
1778072280,7337.25,7339.5,7337.25,7339
1778072340,7339,7339.75,7337.75,7338.5
1778072400,7338.5,7338.5,7333.75,7336.25
1778072460,7336.25,7337.75,7335.5,7337.5
1778072520,7337.25,7338.75,7336.5,7338.25
1778072580,7338.5,7339.25,7337.75,7339
1778072640,7339.25,7339.25,7331.5,7335
1778072700,7335,7336.75,7333.5,7335.75
1778072760,7335.5,7335.5,7331.5,7333
1778072820,7333.25,7334,7330.75,7331.75
1778072880,7331.75,7332.5,7328.5,7331.5
1778072940,7331.5,7332.5,7329.5,7331.75
1778073000,7331.5,7333.25,7330.5,7333.25
1778073060,7333.25,7334.5,7331.5,7334.25
1778073120,7334.25,7335.75,7333,7334.5
1778073180,7334.5,7334.5,7331.75,7333
1778073240,7333,7335.25,7332.5,7334.75
1778073300,7334.75,7337.75,7334.25,7337.5
1778073360,7337.25,7337.5,7335.75,7337
1778073420,7336.75,7338,7336.5,7336.5
1778073480,7336.75,7336.75,7332.5,7332.75
1778073540,7332.75,7334.25,7331,7332.75
1778073600,7333,7333,7330.5,7333
1778073660,7333,7334,7331.75,7334
1778073720,7334,7334.25,7332,7333.75
1778073780,7333.5,7334.75,7333.25,7334.25
1778073840,7334.25,7334.5,7330.75,7332.5
1778073900,7332.5,7334,7332.25,7333
1778073960,7333,7333.5,7331.5,7332
1778074020,7332,7333,7330.5,7331
1778074080,7331,7331.75,7329.75,7331
1778074140,7331,7332.5,7330,7331
1778074200,7331,7333,7327.25,7329.75
1778074260,7329.75,7335.25,7329.5,7334.75
1778074320,7335,7339.25,7334,7338.5
1778074380,7338.75,7339.5,7337,7337.75
1778074440,7338,7341,7337.75,7340.75
1778074500,7341,7343,7339.25,7341
1778074560,7341.25,7344.5,7341,7343.5
1778074620,7343.5,7345,7340.5,7340.5
1778074680,7340.75,7342.5,7340,7341
1778074740,7341,7341.5,7339.25,7340
1778074800,7340.25,7340.75,7338.75,7339.5
1778074860,7339.5,7340.5,7338,7339.5
1778074920,7339.5,7341.25,7338.25,7338.75
1778074980,7338.5,7341.5,7337.5,7341.25
1778075040,7341.25,7341.75,7339.25,7340.75
1778075100,7341,7342.5,7338.5,7339.75
1778075160,7339.5,7341.25,7339.25,7340.5
1778075220,7340.75,7343.75,7340,7343.5
1778075280,7343.25,7344.5,7340.25,7340.75
1778075340,7340.5,7341.5,7339,7340.25
1778075400,7340.25,7340.25,7331.5,7333.75
1778075460,7333.75,7337.75,7332.5,7337.25
1778075520,7337.25,7341,7337.25,7340.5
1778075580,7340.5,7343,7339.5,7343
1778075640,7343.25,7347,7343,7346
1778075700,7346,7346.75,7345,7345.25
1778075760,7345.25,7345.5,7340.75,7343.5
1778075820,7343.5,7346.5,7343,7346
1778075880,7346,7347,7345.25,7345.5
1778075940,7345.5,7347.5,7345,7346
1778076000,7346,7349.5,7345.75,7347.75
1778076060,7347.75,7349.5,7346,7348.75
1778076120,7348.75,7348.75,7344.25,7344.5
1778076180,7344.75,7345.75,7343.75,7345
1778076240,7345,7346,7342.75,7343.5
1778076300,7343.5,7346,7343,7345
1778076360,7345,7346.25,7337.75,7338.5
1778076420,7338.25,7343.5,7336.25,7343.25
1778076480,7343.25,7345,7342,7344.5
1778076540,7344.5,7347.75,7343.75,7347
1778076600,7347,7350,7346.5,7348.5
1778076660,7348.75,7350,7347.25,7350
1778076720,7350,7352,7348.75,7349.5
1778076780,7349.25,7351,7348.75,7349.75
1778076840,7349.75,7351,7348.25,7350.25
1778076900,7350.25,7351.5,7349.75,7350.5
1778076960,7350.75,7352,7349.75,7350.75
1778077020,7350.5,7351.5,7346.5,7348.75
1778077080,7348.5,7349.75,7345,7347
1778077140,7346.75,7349.25,7346.25,7347
1778077200,7347,7348.5,7346.5,7348.25
1778077260,7348,7351,7347.75,7350.5
1778077320,7350.5,7351.5,7349.25,7349.75
1778077380,7350,7352,7347.5,7352
1778077440,7352,7352.5,7349,7352
1778077500,7352,7354.75,7351.75,7354
1778077560,7354,7356,7352.75,7353.75
1778077620,7353.75,7356.5,7353.25,7355
1778077680,7355,7356,7354.5,7356
1778077740,7355.75,7356.5,7349.5,7350
1778077800,7350,7353.25,7349.75,7353
1778077860,7352.75,7354.5,7351.75,7354.5
1778077920,7354.5,7358,7354.25,7357.25
1778077980,7357,7359.25,7357,7358.25
1778078040,7358.25,7359.5,7358,7359.25
1778078100,7359.25,7360.5,7358.5,7360.25
1778078160,7360.25,7361.75,7359.5,7361
1778078220,7361,7361.5,7359.75,7360.5
1778078280,7360.5,7362.75,7360,7362.25
1778078340,7362.25,7362.75,7361,7362
1778078400,7362.25,7364.75,7361.75,7364.5
1778078460,7364.5,7367,7363.5,7364.75
1778078520,7364.75,7367.75,7363,7367
1778078580,7367,7369.5,7364.75,7365.75
1778078640,7365.75,7368.75,7364,7368.25
1778078700,7368.25,7370,7366.75,7367.75
1778078760,7367.5,7367.5,7365.75,7366
1778078820,7366,7367.25,7365.75,7366.5
1778078880,7366.25,7366.75,7364.5,7364.75
1778078940,7364.75,7367.5,7364.5,7367.25
1778079000,7367.5,7368.25,7366.75,7367.25
1778079060,7367.25,7368.5,7367,7367.5
1778079120,7367.5,7368.25,7366,7367
1778079180,7367,7369,7366.5,7368.25
1778079240,7368,7369.25,7367.5,7369
1778079300,7369,7371,7368.75,7370.5
1778079360,7370.75,7372,7368.75,7369.5
1778079420,7369.5,7370.75,7369,7370
1778079480,7370.25,7370.5,7369,7369
1778079540,7369.25,7371.5,7369,7371.25
1778079600,7371.5,7372.5,7370.75,7372.5
1778079660,7372.25,7374.75,7372,7373.5
1778079720,7373.5,7373.5,7371.5,7372
1778079780,7372,7372.75,7370.5,7371.75
1778079840,7372,7373.25,7371.5,7373.25
1778079900,7373.25,7374.25,7373,7373.75
1778079960,7374,7375,7373.25,7373.5
1778080020,7373.5,7373.5,7372.25,7372.75
1778080080,7372.75,7373.25,7368.5,7369.5
1778080140,7369.5,7369.5,7367.75,7368.5
1778080200,7368.5,7370.5,7368,7369.5
1778080260,7369.5,7371.75,7369,7371
1778080320,7371.25,7371.25,7367,7367.5
1778080380,7367.25,7367.75,7363.75,7365
1778080440,7365,7367.25,7364.5,7367
1778080500,7367,7368,7365.75,7366.75
1778080560,7366.75,7368,7365,7367.5
1778080620,7367.5,7370.25,7367,7369.75
1778080680,7370,7370.25,7368.5,7369.75
1778080740,7369.75,7372,7369.5,7371.75
1778080800,7371.75,7372.5,7371.25,7372
1778080860,7372,7373.5,7371.75,7373.25
1778080920,7373.25,7373.25,7371.5,7372
1778080980,7371.75,7372.75,7371,7372.25
1778081040,7372.25,7372.75,7371.5,7372
1778081100,7372,7372.75,7371.25,7372.5
1778081160,7372.5,7372.75,7371.25,7371.5
1778081220,7371.25,7372,7370.25,7371.75
1778081280,7371.75,7371.75,7370.5,7371.25
1778081340,7371,7371,7369.5,7369.75
1778081400,7370,7371,7369.25,7369.5
1778081460,7369.5,7370.75,7369.5,7369.75
1778081520,7369.75,7370.75,7368.75,7369.5
1778081580,7369.5,7369.5,7367.5,7369.25
1778081640,7369.25,7370.5,7369,7369.25
1778081700,7369.25,7370,7367.75,7368.5
1778081760,7368.5,7369.25,7367.75,7368.75
1778081820,7368.75,7368.75,7366.25,7366.25
1778081880,7366.5,7368,7365.5,7365.75
1778081940,7365.5,7365.75,7364,7364.25
1778082000,7364.25,7366,7364.25,7365.25
1778082060,7365.25,7366,7364.5,7364.75
1778082120,7364.5,7365,7363.5,7364.5
1778082180,7364.5,7364.5,7360,7360.25
1778082240,7360,7366.75,7358.75,7362.75
1778082300,7362.75,7364.5,7361.25,7363.25
1778082360,7363.25,7365,7362.75,7364.5
1778082420,7364.5,7365.5,7363.5,7364.75
1778082480,7364.75,7366.75,7364.5,7365.5
1778082540,7365.5,7366,7364.5,7364.75
1778082600,7365,7365.75,7363.5,7364
1778082660,7364,7364.25,7363.25,7363.5